images/saguaro/0427_2609543221.jpg 0 0 0 0 1 1 0 1 0 0 1 0 0 0 1 0 0 0 0 0 0
images/bicycle/0253_2567941587.jpg 0 0 0 0 0 0 0 0 0 1 0 0 0 0 0 0 0 0 0 0 0
images/reefs/0563_2170488248.jpg 0 0 0 0 0 0 1 0 1 0 0 0 0 0 1 0 0 0 0 1 0
images/pebbles/0353_2192105779.jpg 0 1 0 0 0 0 0 0 0 0 0 0 0 0 0 0 0 0 0 1 0
images/blossoms/0433_391921806.jpg 0 0 0 0 0 0 0 0 0 0 0 0 0 0 0 0 0 1 0 0 0
images/observation_tower/0487_1809961137.jpg 0 0 1 0 0 0 1 1 1 0 0 0 0 0 1 0 0 0 1 1 0
images/sailboats/0581_179190851.jpg 0 0 0 0 0 0 0 0 0 0 0 1 0 0 0 0 0 0 0 1 0
images/boeing/0431_444928008.jpg 0 0 0 0 0 0 0 0 0 0 0 0 0 0 0 0 0 0 0 0 1
images/sails/0585_51842762.jpg 0 0 1 1 0 0 1 0 0 0 0 1 0 0 1 0 0 0 0 1 0
images/walking/0439_2388572798.jpg 0 0 0 0 0 1 0 0 0 0 0 0 1 0 0 0 0 0 0 0 0
images/lake/0063_2738479336.jpg 0 0 0 1 0 0 1 1 0 0 0 1 0 0 1 0 0 0 0 1 0
images/mosque/0447_79533820.jpg 0 0 1 0 0 0 0 0 0 0 0 0 0 0 1 1 0 0 0 0 0
images/coast/0376_2220248451.jpg 0 1 0 1 0 0 1 0 1 0 0 0 0 0 1 0 1 0 0 1 0
images/stream/0336_180499045.jpg 0 0 0 0 0 0 1 0 0 0 1 0 0 0 0 0 0 0 0 1 0
images/construction_worker/0044_2302478764.jpg 0 0 0 0 0 0 0 0 0 1 0 0 0 0 0 1 0 0 0 0 0
images/cityscape/0059_2128593312.jpg 0 0 1 1 0 0 1 0 0 0 0 0 0 0 1 0 1 0 0 1 0
images/chapel/0260_277707708.jpg 0 1 0 0 0 0 0 0 0 0 0 0 0 1 1 0 0 0 0 1 0
images/muslims/0336_327302107.jpg 0 0 0 1 0 0 0 0 0 1 0 0 0 0 1 0 0 0 0 0 0
images/pool/0229_2257342705.jpg 0 1 0 1 0 0 1 0 0 0 0 0 0 0 1 0 1 0 0 1 0
images/swimmers/0254_369838313.jpg 0 1 0 1 0 0 1 0 1 1 0 0 0 0 0 1 0 0 0 1 0
images/muslims/0347_49009837.jpg 0 0 0 0 0 0 0 0 0 1 0 0 0 0 0 0 0 0 0 0 0
images/log/0074_2103071393.jpg 1 0 0 0 0 0 0 0 0 0 0 0 0 0 0 1 0 0 0 0 0
images/plaza/0288_398669715.jpg 0 0 1 1 0 0 0 0 0 0 0 0 0 0 1 0 0 0 0 0 1
images/snow/0351_339827428.jpg 0 0 0 1 0 0 0 0 0 0 1 0 0 0 1 1 0 1 0 0 0
images/shadows/0381_497098992.jpg 0 0 0 0 0 0 0 1 0 0 0 1 0 1 1 1 0 0 0 1 0
images/singing/0272_14610664.jpg 1 0 0 0 0 0 0 0 0 0 0 0 0 0 0 0 0 0 0 0 0
images/road_block/0646_209249966.jpg 0 0 0 1 0 0 0 0 0 0 0 0 0 0 0 0 0 0 1 0 0
images/volcano/0395_551527516.jpg 0 0 0 1 0 0 0 1 0 0 0 0 0 0 1 0 0 0 0 0 0
images/forest/0608_470255064.jpg 0 0 0 0 1 1 0 0 0 0 1 0 0 0 0 0 0 1 0 0 0
images/blooms/0461_124010646.jpg 0 0 0 0 1 0 0 0 0 0 0 0 0 0 0 1 0 0 0 0 0
images/sailboats/0503_293992374.jpg 0 0 0 0 0 0 0 1 1 0 0 0 0 0 0 0 0 0 1 1 0
images/pebbles/0216_1986076985.jpg 0 1 0 1 0 0 1 0 0 0 0 0 0 1 1 0 1 0 0 1 0
images/guard/0439_2435660889.jpg 0 0 1 1 0 0 0 0 0 0 0 0 0 0 1 0 0 0 0 1 0
images/houseboat/0368_811602945.jpg 0 0 0 1 0 0 0 0 1 0 0 0 0 0 1 0 0 0 0 1 0
images/locomotive/0203_478620024.jpg 0 0 0 0 0 0 0 0 0 1 0 0 0 0 1 0 0 0 1 0 0
images/hu_jintao/0123_2206366835.jpg 0 0 1 0 0 0 0 0 0 1 0 0 1 0 0 0 0 0 0 0 0
images/face/0071_1217697157.jpg 0 0 0 0 0 0 0 0 0 1 0 0 0 0 0 0 0 0 0 0 0
images/water_tower/0690_442642817.jpg 0 0 0 1 0 0 0 0 0 0 0 0 0 0 1 0 0 1 0 0 0
images/factory/0357_38571308.jpg 0 0 0 1 0 0 0 0 0 0 0 0 0 0 1 0 1 0 0 0 0
images/entrance/0547_132923051.jpg 0 0 0 0 0 0 0 0 0 0 0 0 0 0 0 0 0 0 0 0 1
images/iguana/0391_105989426.jpg 1 0 0 0 0 0 0 0 0 0 0 0 0 0 0 0 0 0 0 0 0
images/soccer/0555_445838079.jpg 0 0 0 1 0 1 0 0 0 0 0 0 0 0 1 0 0 0 0 0 0
images/meadow/0514_474377535.jpg 0 0 0 0 1 1 0 0 0 0 1 0 0 0 0 0 0 0 0 0 0
images/house/0618_311455054.jpg 0 0 1 0 0 0 1 0 0 0 0 1 0 0 0 0 0 0 0 0 0
images/bus/0099_1520322224.jpg 0 0 0 0 0 1 0 0 0 0 0 0 0 0 0 0 0 0 0 0 0
images/marsh/0352_2200891673.jpg 0 0 0 0 0 0 1 0 0 0 0 0 0 0 0 0 1 0 0 0 0
images/furniture/0369_1557843821.jpg 0 0 0 0 0 0 0 0 0 1 0 0 0 0 0 0 0 0 0 0 0
images/cart_path/0005_2719265291.jpg 0 0 0 1 0 1 0 0 0 0 0 0 0 1 1 0 0 0 0 0 0
images/garden/0453_147093928.jpg 0 0 0 0 1 0 0 0 0 0 1 0 0 0 0 0 0 0 0 0 0
images/college/0216_1518098586.jpg 0 0 0 0 1 1 0 0 0 0 0 0 0 0 0 0 0 0 0 0 0
images/tables/0357_2302001673.jpg 0 0 0 0 0 1 0 0 0 0 0 0 0 0 1 1 0 1 0 0 0
images/herd/0233_2247553266.jpg 1 0 0 0 0 0 0 0 0 0 0 0 1 0 0 0 0 0 0 0 1
images/car/0375_2238066189.jpg 0 0 0 0 0 0 0 0 0 0 0 0 0 0 0 1 0 0 0 0 0
images/shrine/0547_453656689.jpg 0 0 0 0 0 0 0 0 0 0 0 0 0 0 0 1 0 1 0 0 0
images/petals/0463_1749308596.jpg 0 0 0 0 1 0 0 0 0 0 1 0 0 0 0 0 0 0 0 0 0
images/pack/0365_2537321830.jpg 0 0 0 1 0 1 0 1 0 0 0 0 0 1 1 0 0 0 0 0 0
images/shade/0365_2230025449.jpg 0 0 0 0 1 0 0 0 0 0 1 0 0 0 0 0 0 0 0 0 0
images/range/0285_2570744126.jpg 0 0 0 0 0 1 0 1 0 0 0 0 0 0 1 1 0 0 0 0 0
images/ditch/0226_430534968.jpg 0 0 0 1 0 0 0 0 0 0 1 0 0 0 1 0 1 1 0 0 0
images/oceans/0400_87634035.jpg 0 0 0 1 0 0 0 0 1 0 0 0 0 0 1 0 0 0 1 1 0
images/prototype/0037_2381258833.jpg 0 0 0 0 0 0 0 0 0 0 0 0 0 0 1 0 0 0 1 0 0
images/fog/0411_489039399.jpg 0 0 0 1 0 0 0 1 0 0 0 0 0 0 1 0 0 0 0 0 0
images/tornado/0053_1937656309.jpg 0 0 0 1 0 0 0 0 0 0 0 0 0 0 1 0 0 0 0 0 0
images/road_block/0338_465705560.jpg 0 0 1 1 0 0 0 0 0 0 0 0 0 0 1 0 0 0 1 0 0
images/terrace/0520_404924659.jpg 0 0 0 1 0 0 1 0 1 0 0 0 0 0 1 0 1 0 0 1 0
images/desert/0603_69509328.jpg 0 0 0 0 0 0 0 0 0 0 0 0 0 0 1 0 0 1 0 0 0
images/moose/0621_1324027012.jpg 1 0 0 0 0 1 0 0 0 0 0 0 0 0 0 0 0 0 0 0 0
images/cul-de-sac/0056_371382868.jpg 0 0 1 0 0 0 0 0 0 0 0 0 0 0 0 0 0 0 0 0 0
images/grass/0406_106731793.jpg 0 0 0 0 0 1 0 0 0 0 0 0 0 0 0 1 0 0 0 0 0
images/talking/0566_2419919609.jpg 0 0 0 0 0 1 0 0 0 1 0 0 1 0 0 0 0 0 0 0 0
images/pond/0556_2693784628.jpg 0 0 0 1 0 0 0 0 0 0 0 1 0 0 1 0 1 0 0 1 0
images/shore/0543_2546092548.jpg 0 1 0 1 0 0 0 0 0 0 0 0 0 1 1 0 0 0 1 1 0
images/car_crash/0436_327328372.jpg 0 0 0 0 0 0 0 0 0 1 0 0 1 0 0 0 0 0 0 0 1
images/balloons/0382_468665696.jpg 0 0 0 1 0 0 0 0 0 0 0 0 0 0 1 0 0 0 0 0 0
images/tiger/0030_2569262988.jpg 1 0 0 0 0 0 0 0 0 0 0 0 0 0 0 0 0 0 0 0 0
images/stream/0499_355750721.jpg 0 0 0 0 0 0 0 0 0 0 1 1 0 0 0 0 0 0 0 1 0
images/monastery/0442_1435992149.jpg 0 0 1 0 0 1 0 0 0 0 0 0 0 0 0 0 0 0 0 0 0
images/lake/0328_540159834.jpg 0 0 0 1 0 1 1 0 0 0 0 0 0 0 1 0 0 0 0 1 0
images/hunter/0556_929146632.jpg 0 0 0 0 0 0 0 0 0 0 1 0 1 0 0 0 0 0 0 0 0
images/kauai/0461_2423341102.jpg 0 1 0 0 0 0 1 0 1 1 0 0 0 0 0 0 0 0 0 1 0
images/crowd/0388_1965508748.jpg 0 0 1 0 0 0 0 0 0 0 0 0 0 0 0 0 0 0 0 0 0
images/driver/0065_2304599841.jpg 0 0 0 0 0 0 0 0 0 1 0 0 1 0 0 0 0 0 0 0 0
images/cars/0034_2250681665.jpg 0 0 1 0 0 0 0 0 0 0 0 0 0 0 1 1 0 0 0 0 1
images/roofs/0319_2090898261.jpg 0 0 1 0 0 0 0 0 0 0 0 0 0 0 0 0 0 0 0 0 0
images/sun/0565_83971610.jpg 0 1 0 1 0 0 0 0 0 0 0 0 1 0 1 0 1 0 0 1 0
images/zoos/0578_501075193.jpg 0 0 0 0 0 0 0 0 0 1 0 0 0 0 0 0 0 0 0 0 0
images/kauai/0209_134040624.jpg 0 1 0 0 0 0 1 0 1 0 0 0 0 0 0 0 0 0 0 0 0
images/facade/0304_2423310340.jpg 0 0 1 0 0 0 0 0 0 0 0 0 0 0 0 0 0 0 0 0 0
images/bulls/0485_2674938560.jpg 1 0 0 0 0 1 0 0 0 1 0 0 0 0 0 0 0 0 0 0 0
images/tundra/0609_643497631.jpg 0 0 0 1 0 0 0 1 0 0 0 0 0 1 1 1 0 0 0 0 0
images/room/0211_582919733.jpg 0 0 0 0 0 0 0 0 0 1 0 0 0 0 0 0 0 0 0 0 0
images/car_crash/0287_1311480311.jpg 0 0 0 0 0 0 0 0 0 0 0 0 1 0 0 0 0 0 1 0 0
images/glacier/0599_2069259857.jpg 0 0 0 0 0 0 1 0 0 0 0 1 0 0 0 0 0 0 0 1 0
images/canyon/0505_2182136442.jpg 0 0 0 0 0 0 0 0 0 0 0 0 0 1 1 0 0 0 0 0 0
images/cruise_liner/0058_1415272042.jpg 0 0 0 1 0 0 0 0 1 0 0 0 0 0 1 0 0 0 0 1 0
images/jeep/0076_1279448855.jpg 0 0 0 1 0 1 0 0 0 0 1 0 0 0 1 0 0 0 0 0 0
images/beggar/0377_2467252112.jpg 1 0 0 0 0 0 0 0 0 0 0 0 0 0 0 0 0 0 0 0 0
images/mast/0535_2577500237.jpg 0 0 0 0 0 0 1 0 0 0 0 1 0 1 0 0 0 0 0 0 0
images/peaks/0555_2679731445.jpg 0 0 0 1 0 0 0 1 0 0 0 0 0 0 1 0 0 0 0 0 0
images/shrubs/0434_502342840.jpg 0 0 0 0 0 0 1 0 0 0 0 1 0 0 0 0 0 1 0 1 0
images/sphinx/0281_2493192030.jpg 0 0 0 1 0 0 0 1 0 0 0 0 0 0 1 0 0 0 0 0 0
images/steps/0294_17660073.jpg 0 0 0 0 1 0 0 0 0 0 1 0 0 0 0 0 0 0 0 0 0
images/entrance/0478_2296181167.jpg 0 0 0 0 0 0 0 0 0 0 0 0 0 0 0 1 0 1 0 1 0
images/pack/0262_482077074.jpg 0 0 0 0 0 0 0 0 0 0 0 0 0 0 0 0 0 0 1 0 0
images/tails/0299_2560455022.jpg 0 0 0 0 0 0 0 0 0 1 0 0 1 0 0 0 0 0 0 0 0
images/moose/0482_5259260.jpg 0 0 0 0 0 0 0 0 0 0 0 0 0 0 0 1 0 0 0 0 0
images/moss/0453_1318487417.jpg 0 0 0 0 0 0 0 0 0 0 1 0 0 1 0 0 0 0 0 1 0
images/beach/0037_61248472.jpg 0 1 0 1 0 0 0 0 1 0 0 0 0 0 1 0 0 0 0 1 0
images/winter/0337_354808755.jpg 0 0 0 1 0 0 0 0 0 0 0 0 0 0 1 0 1 0 0 0 0
images/aerial/0480_2705545455.jpg 0 0 1 0 0 0 0 1 0 0 0 0 0 0 0 0 0 0 0 0 0
images/waterfalls/0530_2017988433.jpg 0 0 0 1 0 0 1 1 0 0 0 0 0 1 1 0 0 0 0 1 0
images/toll_booth/0427_688565533.jpg 0 0 0 0 0 0 0 0 0 0 0 0 1 0 0 0 0 0 0 0 1
images/boats/0401_2203299421.jpg 0 0 0 0 0 0 0 0 1 0 0 0 0 0 1 0 1 0 0 1 0
images/fox/0058_240121980.jpg 1 1 0 1 0 0 0 0 0 0 0 0 0 0 0 0 0 0 0 0 0
images/mug/0069_1561255221.jpg 0 0 0 0 0 0 0 0 0 1 0 0 0 0 0 0 0 0 0 0 0
images/ice/0254_9229688.jpg 0 0 0 1 0 0 0 0 0 0 0 0 0 0 1 1 0 1 0 0 0
images/albatross/0441_2275381031.jpg 1 0 0 0 0 0 1 0 1 0 0 0 0 0 0 0 0 0 0 1 0
images/television_tower/0362_59434012.jpg 0 0 1 0 0 0 0 0 0 0 0 0 1 0 1 0 0 0 0 0 1
images/bush/0341_2575178033.jpg 0 0 0 1 0 0 0 1 0 0 0 1 0 0 1 0 0 0 0 1 0
images/skiing/0313_16204810.jpg 0 0 0 1 0 0 0 0 0 1 0 0 0 0 0 1 0 0 0 1 0
images/tulip/0520_2488230846.jpg 0 0 0 0 1 0 0 0 0 0 1 0 0 0 0 0 0 0 0 0 0
images/bush/0442_403404600.jpg 0 0 0 0 1 0 0 0 0 0 0 0 0 0 0 0 0 0 0 0 0
images/shadows/0310_2353744837.jpg 0 1 0 1 0 0 0 0 0 0 0 0 0 0 1 0 0 0 0 0 0
images/plaza/0401_1250793717.jpg 0 0 1 0 0 0 0 0 0 0 0 1 0 0 1 0 0 0 1 1 0
images/grouper/0514_1056724291.jpg 1 0 0 0 0 0 0 0 0 0 0 0 0 0 0 0 0 0 0 1 0
images/angelfish/0096_75963861.jpg 1 0 0 0 0 0 0 0 1 0 0 0 0 0 0 0 0 0 0 1 0
images/maui/0226_943574969.jpg 0 0 0 0 0 0 0 0 0 0 0 0 0 0 1 0 0 0 0 0 0
images/rowboat/0338_2627759076.jpg 0 0 0 0 1 0 0 0 0 0 1 0 0 0 0 0 0 0 0 0 0
images/fields/0549_2309701189.jpg 0 0 0 1 0 0 0 0 0 0 1 0 0 0 1 0 1 0 0 0 0
images/submarine/0258_2545897814.jpg 0 0 1 0 0 0 0 0 0 0 0 1 0 0 0 0 0 0 0 0 1
images/singing/0363_1426045312.jpg 1 0 0 0 0 0 0 0 0 0 0 0 0 0 0 0 0 0 0 0 0
images/outdoor/0258_495215574.jpg 0 1 0 0 0 0 0 0 1 0 0 0 0 0 0 0 0 0 0 1 0
images/house_of_worship/0437_74453723.jpg 0 0 1 1 0 0 0 0 0 0 0 0 0 0 1 0 0 0 0 0 1
images/buildings/0693_2351680585.jpg 0 0 0 1 0 0 1 0 0 0 0 1 0 0 1 0 1 0 0 1 0
images/leaf/0510_177528145.jpg 1 0 0 0 0 1 0 0 0 0 1 0 0 0 0 0 0 0 0 0 0
images/freighter/0515_2590157735.jpg 0 0 0 0 0 0 1 0 1 0 0 0 0 0 1 0 0 0 0 1 0
images/desert/0659_1566931652.jpg 0 0 0 0 0 0 1 0 0 0 0 1 0 0 1 0 0 0 0 0 0
images/caribou/0490_1138388039.jpg 0 0 0 0 0 1 0 0 0 0 0 0 0 1 0 0 0 0 0 0 0
images/blossoms/0363_2562636692.jpg 0 0 0 0 1 0 0 0 0 0 0 0 0 0 1 0 0 0 0 0 0
images/pole/0586_120983901.jpg 0 0 0 0 0 0 0 0 0 0 0 0 0 0 1 0 1 0 0 0 0
images/rapids/0514_2305352717.jpg 0 0 0 0 0 0 1 0 0 0 0 0 0 1 0 0 0 0 0 1 0
images/hut/0534_2735702484.jpg 0 0 0 1 0 1 0 1 0 0 0 0 0 0 1 0 0 0 0 0 0
images/log/0090_2038817911.jpg 0 0 0 0 0 0 0 0 0 0 0 0 0 0 0 0 0 0 0 1 0
images/outdoor/0014_343006924.jpg 0 0 0 1 0 0 0 0 0 0 0 0 0 0 0 0 1 0 0 0 0
images/girl/0288_306938351.jpg 0 0 0 0 0 0 1 0 1 0 0 0 0 0 1 0 0 0 0 1 0
images/saguaro/0053_1386122341.jpg 0 0 0 1 0 0 0 1 0 0 0 0 0 0 1 0 0 0 0 0 0
images/african/0418_2474213840.jpg 0 0 0 0 1 0 0 0 0 0 0 0 0 0 0 0 0 0 0 0 0
images/tusks/0073_214051814.jpg 0 0 1 0 0 0 0 0 0 1 0 0 0 0 0 0 0 0 0 0 0
images/driver/0567_1832329195.jpg 0 0 0 1 0 0 1 0 0 0 0 1 1 0 1 0 0 0 0 1 0
images/group/0320_2686615223.jpg 0 0 0 0 0 0 0 0 0 1 0 0 0 0 0 0 0 0 1 0 0
images/hills/0575_1446676990.jpg 0 0 0 1 0 1 0 0 1 0 0 0 1 0 1 0 0 0 0 0 0
images/cafe/0596_46053460.jpg 0 0 0 0 0 0 0 1 0 0 0 0 0 0 0 1 0 0 0 0 0
images/hillside/0379_263109830.jpg 0 0 0 0 0 0 1 0 0 0 1 0 1 0 0 0 0 0 0 0 0
images/road_block/0651_1108817624.jpg 0 0 0 0 0 0 0 0 0 1 0 0 0 0 1 0 0 0 1 0 0
images/backpackers/0535_2741421789.jpg 0 0 0 1 0 1 0 0 0 0 0 0 1 0 1 0 0 0 0 0 0
images/hawaii/0356_2292665984.jpg 0 0 0 1 0 0 0 0 1 0 1 1 0 0 1 0 1 0 0 1 0
images/courtyard/0095_2570664134.jpg 0 0 0 1 0 0 0 0 0 0 0 0 0 0 1 0 1 0 0 0 0
images/military_base/0309_857262081.jpg 0 0 0 1 0 0 1 0 1 0 0 0 0 1 1 0 0 0 0 1 0
images/outdoor/0447_2331546850.jpg 1 0 0 0 1 0 0 0 0 0 1 0 0 0 0 0 0 0 0 0 0
images/cliff/0594_1845539781.jpg 0 0 0 1 0 0 0 0 1 0 0 0 0 1 1 0 0 0 0 1 0
images/chrysanthemums/0257_300952930.jpg 0 0 0 0 1 0 0 0 0 0 0 0 0 0 0 0 0 0 0 0 0
images/snake/0493_2384235688.jpg 0 0 0 0 0 0 0 0 0 1 0 0 1 0 0 0 0 0 0 0 0
images/battleship/0008_2567627108.jpg 0 0 0 1 0 0 0 0 0 0 0 0 0 0 1 0 1 0 1 1 0
images/range/0548_251709210.jpg 0 0 0 1 0 0 0 0 0 0 0 0 1 0 1 0 0 1 1 0 0
images/highway/0296_1029076197.jpg 0 0 0 0 0 0 0 0 0 1 0 0 1 0 0 0 0 0 1 0 0
images/tortoise/0398_2315788595.jpg 1 0 0 0 0 0 0 0 0 0 0 0 0 0 0 0 0 0 0 0 0
images/wood/0585_2189859162.jpg 0 0 0 0 0 0 0 0 0 0 1 0 0 0 0 0 0 1 0 0 0
images/lake/0240_227793411.jpg 0 0 0 1 0 0 1 0 0 1 0 1 0 0 1 0 0 0 0 1 0
images/buddhist/0313_2722087911.jpg 0 0 0 0 0 0 0 0 0 1 0 0 0 0 1 0 0 0 0 0 0
images/nets/0285_2063922558.jpg 0 0 0 0 0 0 0 0 0 0 0 0 0 0 0 0 1 0 0 0 0
images/apartments/0497_2144927295.jpg 0 0 0 0 0 0 0 0 0 0 0 0 0 0 0 1 0 1 0 0 0
images/sunny/0334_138311292.jpg 0 0 0 1 0 0 1 0 1 0 0 0 0 0 1 0 0 0 0 1 0
images/lake/0561_283856332.jpg 0 0 0 1 0 0 1 1 0 0 0 0 0 0 1 0 0 0 0 1 0
images/cruise_liner/0080_1424872932.jpg 0 0 0 1 0 0 0 0 1 0 0 0 0 0 1 0 0 0 1 1 0
images/mountain/0574_2116492506.jpg 0 0 0 1 0 0 0 1 0 0 0 0 0 0 1 0 0 0 0 0 0
images/hillside/0263_1368453599.jpg 0 0 0 1 0 0 0 0 0 0 0 0 0 0 1 0 1 1 0 0 0
images/clouds/0335_350563030.jpg 0 0 0 0 0 0 0 0 0 0 0 0 0 1 1 0 1 1 0 0 0
images/motorcycle/0278_44829839.jpg 0 0 0 0 0 0 0 0 0 0 0 0 1 0 0 0 0 0 1 0 0
images/sailboat/0235_916532908.jpg 0 0 0 1 0 0 0 0 1 0 0 0 0 0 1 0 0 0 1 1 0
images/tanker/0432_343120762.jpg 0 0 0 1 0 0 1 0 0 0 0 1 0 0 1 0 0 0 0 1 0
images/reporters/0347_30937936.jpg 0 0 1 0 0 0 0 0 0 0 0 0 0 0 1 0 0 0 1 0 1
images/marine/0519_1577317566.jpg 0 0 0 1 0 0 0 0 1 0 0 0 0 0 1 0 1 0 0 0 0
images/ice/0532_2159098551.jpg 0 0 0 1 0 0 1 1 0 0 0 1 0 1 1 1 0 0 0 1 0
images/bench/0045_13917038.jpg 0 0 0 1 0 0 0 0 0 0 0 0 0 0 0 0 0 1 0 0 0
images/valleys/0319_282458251.jpg 0 0 1 0 0 0 0 0 0 0 0 0 0 0 1 0 0 0 0 0 0
images/business_people/0224_2473518467.jpg 0 0 0 0 0 0 0 0 0 1 0 0 0 0 0 0 0 0 0 0 0
images/lighthouse/0532_963599348.jpg 0 0 0 1 0 0 0 0 1 0 0 0 0 0 1 0 0 0 1 0 0
images/tails/0059_57449241.jpg 1 0 0 0 0 0 0 0 0 0 0 0 0 0 0 0 0 0 0 0 0
images/pope/0408_534973682.jpg 0 0 0 0 0 0 0 0 0 1 0 0 0 0 0 0 0 0 0 0 0
images/waves/0465_353167772.jpg 0 0 0 1 0 0 1 0 1 0 0 0 0 0 1 0 0 0 0 1 0
images/gas_station/0208_323587262.jpg 0 0 0 0 0 0 0 0 0 1 0 0 0 0 0 0 0 0 0 0 1
images/autumn/0052_271230715.jpg 0 0 0 0 0 0 1 0 0 0 0 1 0 0 1 0 0 1 0 1 0
images/palace/0362_2332152862.jpg 0 0 0 0 0 0 0 0 0 0 0 0 0 0 1 0 0 0 0 0 1
images/autumn/0100_437320355.jpg 0 0 0 1 0 0 1 0 1 0 0 0 0 0 1 0 0 0 0 1 0
images/vehicle/0469_450084503.jpg 0 0 0 1 0 0 0 0 0 0 0 0 0 0 1 0 0 0 1 1 0
images/leopard/0610_759975638.jpg 1 0 0 0 0 0 0 0 0 0 0 0 0 0 0 0 0 0 0 0 0
images/cows/0433_2475466038.jpg 1 0 0 0 0 0 0 0 0 0 0 0 0 0 1 1 1 0 0 0 0
images/oahu/0284_2376814278.jpg 0 0 0 1 0 0 1 0 1 0 0 0 0 0 1 0 1 0 0 1 0
images/group/0355_2260241877.jpg 0 0 0 0 0 0 1 0 0 0 0 0 0 0 0 0 0 0 0 1 0
images/restaurant/0657_414461680.jpg 0 0 0 0 0 0 0 0 0 0 0 0 0 0 0 0 0 0 0 0 1
images/shrubs/0357_2391688892.jpg 0 0 0 0 1 0 0 0 0 0 1 0 0 0 0 0 0 0 0 0 0
images/boats/0424_1806167566.jpg 0 0 1 1 0 0 1 0 0 0 0 1 0 0 1 0 0 0 0 1 0
images/fish/0322_1106143378.jpg 0 0 0 0 0 0 1 0 1 0 0 0 0 0 1 0 0 0 0 1 0
images/fields/0277_472611925.jpg 0 0 0 1 0 0 0 0 0 0 0 0 0 0 1 0 0 0 0 0 0
images/crab/0213_2170434751.jpg 1 0 0 0 0 0 0 0 0 0 0 0 0 0 0 0 0 0 0 0 0
images/insect/0479_1435045201.jpg 1 0 0 0 1 0 0 0 0 0 0 0 0 0 0 0 0 0 0 0 0
images/autumn/0402_303958692.jpg 0 0 0 0 0 0 0 0 0 0 0 0 0 0 0 0 0 0 0 1 0
images/ship/0353_1205631748.jpg 0 0 0 0 0 0 1 0 1 0 0 1 0 0 1 0 1 0 0 1 0
images/flood/0385_2389491245.jpg 0 0 0 0 0 0 1 0 0 0 0 1 0 0 0 0 0 1 0 1 0
images/autumn/0536_281369328.jpg 0 0 0 1 0 0 0 1 0 0 0 0 0 0 1 0 0 0 0 0 0
images/backpackers/0295_206336971.jpg 0 0 0 1 0 0 1 1 0 0 0 0 0 0 1 1 0 0 0 1 0
images/horizon/0408_2205980191.jpg 0 0 0 1 0 0 0 0 0 0 0 0 0 0 0 0 0 0 0 0 0
images/grouper/0493_46449743.jpg 0 0 0 0 0 0 0 0 1 0 0 0 0 0 0 0 0 0 0 1 0
images/flag/0242_2632477384.jpg 0 1 0 1 0 0 1 0 0 0 0 1 0 0 1 0 0 0 0 1 0
images/ice_skating/0493_67841196.jpg 0 0 0 0 0 0 0 0 0 1 0 0 0 0 0 0 0 0 0 0 1
images/tanker/0252_291229.jpg 0 0 0 1 0 0 1 0 1 0 0 0 0 0 1 0 1 0 0 1 0
images/ships/0419_2646796487.jpg 0 0 0 0 0 0 0 0 0 0 0 0 0 0 1 0 1 0 0 1 0
images/forest/0420_120425848.jpg 0 0 0 0 0 0 1 1 0 0 1 1 0 1 0 0 0 0 0 1 0
images/dining_room/0563_2454709811.jpg 0 0 0 0 0 0 0 0 0 0 0 0 0 0 0 0 0 0 0 0 1
images/raft/0239_182807936.jpg 0 0 0 0 0 0 0 0 0 1 0 0 0 0 0 0 0 0 0 0 0
images/swimmer/0092_2414915375.jpg 0 1 0 0 0 0 0 0 0 1 0 0 0 0 0 0 0 0 0 1 0
images/shade/0295_2372824073.jpg 0 0 0 1 0 0 0 0 0 0 0 0 0 1 0 0 1 0 0 1 0
images/seals/0064_1601310871.jpg 1 0 0 0 0 0 0 0 1 0 0 0 0 1 0 0 0 0 0 1 0
images/tortoise/0438_2456319652.jpg 1 0 0 0 0 0 0 0 0 0 0 0 0 0 0 0 0 0 0 0 0
images/vegetation/0343_2292111577.jpg 0 0 1 0 0 0 0 0 0 0 0 0 0 0 1 0 0 0 0 0 0
images/windy/0567_2309324424.jpg 0 0 0 1 0 0 0 1 0 0 1 0 0 0 1 0 0 0 0 0 0
images/tornado/0414_2315507248.jpg 0 1 0 1 0 0 0 0 1 0 0 0 0 0 1 0 0 0 0 0 0
images/roofs/0289_2457138496.jpg 0 0 1 0 0 0 0 0 0 0 0 0 0 0 0 0 0 0 0 0 1
images/grassland/0021_759368361.jpg 0 0 0 1 0 0 0 0 0 0 0 0 0 0 1 0 1 0 0 0 0
images/slope/0528_478850357.jpg 0 0 0 1 0 0 0 1 0 0 0 0 0 1 0 1 0 0 0 0 0
images/cave/0061_1136416920.jpg 0 1 0 1 0 0 1 0 1 0 0 0 0 0 1 0 0 0 0 1 0
images/bicycles/0074_2077298387.jpg 0 0 0 1 0 0 0 0 0 1 0 0 0 0 1 0 0 1 0 0 0
images/athlete/0061_779811765.jpg 0 0 0 0 0 0 0 0 0 1 0 0 0 0 0 0 0 0 0 0 0
images/pickup_truck/0063_2176536348.jpg 0 0 1 0 0 0 0 0 0 0 0 0 1 0 0 0 0 0 1 0 0
images/tornado/0262_177291668.jpg 0 0 0 1 0 0 0 0 0 0 0 0 0 0 1 0 1 0 0 0 0
images/hawk/0482_2357464962.jpg 0 1 1 1 0 0 1 0 0 0 0 0 0 0 1 0 0 0 0 1 0
images/coyote/0423_389577838.jpg 1 0 0 0 0 0 0 0 0 0 0 0 0 0 0 0 0 0 0 0 0
images/moss/0361_564547599.jpg 0 0 0 0 0 0 0 0 0 0 1 1 0 1 0 0 0 0 0 1 0
images/coyote/0356_1819225095.jpg 0 1 0 1 0 0 0 0 1 0 0 0 0 0 1 0 0 0 0 1 0
images/agent/0646_2213360727.jpg 0 0 0 0 0 0 0 0 0 0 0 0 0 0 1 0 0 0 0 0 1
images/hills/0508_1215997874.jpg 0 1 0 0 0 0 1 0 0 0 0 0 0 0 1 0 0 0 0 1 0
images/golf_course/0453_530779981.jpg 0 0 0 1 0 1 0 0 0 0 1 0 0 0 1 0 0 0 0 0 0
images/path/0500_2353433422.jpg 0 0 0 0 0 1 0 0 0 0 1 0 0 0 0 0 0 1 0 0 0
images/white_house/0458_187693006.jpg 0 0 0 0 0 0 0 0 0 1 0 0 1 0 0 0 0 0 0 0 0
images/pebbles/0386_113116627.jpg 0 0 0 0 0 0 0 0 0 0 0 0 0 1 0 0 0 0 0 0 0
images/peaks/0430_100148301.jpg 0 0 0 1 0 0 0 1 0 0 0 0 0 1 1 0 0 1 0 0 0
images/bicycle/0259_740503204.jpg 0 0 0 1 0 0 0 0 1 1 0 0 0 0 1 0 1 0 0 1 0
images/scientists/0223_353952975.jpg 0 1 0 1 0 0 0 0 0 0 0 0 0 0 1 0 0 0 0 0 0
images/peaks/0600_1552883885.jpg 0 0 0 1 0 0 0 1 0 0 0 0 0 0 1 1 0 0 0 0 0
images/peaks/0386_2063650400.jpg 0 0 0 1 0 0 0 1 0 0 1 0 0 1 1 0 0 0 0 0 0
images/chrysanthemums/0593_275015247.jpg 0 0 0 0 1 0 0 0 0 0 0 0 0 0 0 0 0 0 0 0 0
images/urban_scenes/0046_1320763163.jpg 0 0 0 0 0 0 0 0 0 1 0 0 0 0 0 0 0 0 0 0 0
images/formation/0499_2041049753.jpg 0 0 0 0 0 0 0 0 0 0 0 0 0 0 0 0 0 0 0 1 0
images/car/0395_1404800124.jpg 0 0 0 1 0 0 0 0 0 0 0 0 1 0 1 0 0 0 1 0 0
images/hut/0056_2388246993.jpg 0 0 0 1 0 0 1 0 1 0 0 0 0 1 1 0 0 0 0 1 0
images/ships/0493_415316795.jpg 0 0 1 1 0 0 0 0 0 0 0 0 0 0 1 0 0 0 0 1 0
images/formula/0302_2562471438.jpg 0 0 0 0 0 0 0 0 0 0 0 0 1 0 0 0 0 0 0 0 1
images/police/0478_225846277.jpg 0 0 1 1 0 0 0 0 0 0 0 0 0 0 1 0 0 0 0 0 0
images/bay/0367_1413234072.jpg 0 0 1 0 0 0 0 0 0 0 0 0 1 0 0 0 0 0 0 0 0
images/forest/0323_381558464.jpg 0 0 0 1 0 0 1 0 0 0 1 1 0 0 1 0 0 1 0 1 0
images/weapons/0500_1505157145.jpg 0 0 0 0 0 0 0 0 0 1 0 0 0 0 1 0 0 0 0 0 0
images/ditch/0489_1459818404.jpg 0 0 0 0 0 0 0 0 0 0 0 0 0 0 1 0 0 0 1 0 1
images/bench/0445_340698928.jpg 0 0 0 0 0 1 0 0 0 0 0 0 0 0 1 0 0 1 0 0 0
images/house/0375_762388079.jpg 0 0 1 0 0 0 0 0 0 0 0 0 0 0 0 0 0 0 0 0 1
images/storms/0053_2563745706.jpg 0 0 0 1 0 1 0 0 0 0 0 0 0 0 1 0 0 0 0 0 0
images/mule/0312_2148327314.jpg 0 0 0 0 0 0 0 1 0 1 0 0 0 0 0 0 0 0 0 0 0
images/architecture/0248_640039157.jpg 0 0 1 1 0 0 0 0 0 0 0 0 0 0 1 0 1 0 0 0 0
images/lakes/0203_2511819744.jpg 0 0 0 0 0 0 0 0 0 0 0 0 0 0 1 0 1 0 0 1 0
images/white_house/0326_2081430638.jpg 0 0 0 0 0 0 0 0 0 1 0 0 1 0 0 0 0 0 0 0 0
images/mast/0495_1507152967.jpg 1 0 0 0 0 0 0 0 1 0 0 0 0 0 0 0 0 0 0 1 0
images/frost/0013_340509745.jpg 0 0 0 0 0 1 0 0 0 0 1 0 0 0 0 0 0 1 0 0 0
images/pedestrian_zone/0001_87785290.jpg 0 0 1 1 0 0 0 0 0 0 0 0 0 0 0 0 0 0 0 0 1
images/town/0419_402165498.jpg 0 0 0 0 0 0 0 0 0 0 0 0 0 0 1 0 0 1 0 0 0
images/designs/0202_294369823.jpg 0 0 0 0 1 0 0 0 0 0 1 0 0 0 0 0 0 0 0 0 0
images/cliff/0591_2419345840.jpg 0 1 0 1 0 0 1 0 1 0 0 0 0 0 1 0 0 0 0 1 0
images/shore/0550_2209985357.jpg 0 0 0 1 0 0 1 0 1 0 0 0 0 0 1 0 1 0 0 1 0
images/warehouse/0456_114167080.jpg 0 0 1 1 0 0 0 0 0 0 0 0 0 0 1 0 0 0 0 0 1
images/glacier/0334_2275005068.jpg 0 0 0 1 0 0 0 1 0 0 0 0 0 0 1 0 0 0 0 0 0
images/ties/0407_1849821492.jpg 0 0 0 0 0 0 0 0 0 1 0 0 0 0 1 0 0 0 0 0 0
images/lake/0229_240375126.jpg 0 0 0 1 0 0 1 1 0 0 0 0 0 0 1 0 0 0 0 0 0
images/tundra/0597_606903018.jpg 1 0 0 0 0 1 0 0 0 0 1 0 0 0 0 0 0 0 0 0 0
images/coast/0567_324381892.jpg 0 0 0 1 0 0 0 0 1 0 0 0 0 1 1 0 0 0 0 1 0
images/orchid/0546_417549241.jpg 0 0 0 0 1 0 0 0 0 0 1 0 0 0 0 0 0 0 0 0 0
images/emergency_vehicles/0012_1160918165.jpg 0 0 0 0 0 0 0 0 0 1 0 0 0 0 0 0 0 0 0 0 0
images/battleship/0515_2160626375.jpg 0 0 0 1 0 0 0 0 0 0 0 0 0 0 1 0 0 0 0 0 0
images/shell/0282_527486945.jpg 0 0 0 0 0 0 0 0 0 0 0 0 0 0 0 1 0 0 0 0 0
images/outdoor/0229_330166895.jpg 0 0 0 1 0 0 0 0 0 1 0 0 0 0 1 0 1 0 0 0 0
images/sails/0649_2048685591.jpg 0 0 0 1 0 0 1 0 1 0 0 0 0 0 1 0 0 0 0 1 0
images/insurgents/0349_1476483448.jpg 0 0 0 0 0 0 0 0 0 0 0 0 1 0 1 0 0 0 1 0 0
images/rocks/0395_760350085.jpg 0 1 0 0 0 0 0 0 0 0 0 0 0 1 1 0 1 1 0 1 0
images/toll_booth/0681_2325307719.jpg 0 0 0 0 0 0 0 0 0 0 0 0 0 0 0 0 0 0 1 0 0
images/bridges/0436_2415130639.jpg 0 0 0 1 0 0 0 0 0 0 0 1 0 0 1 0 0 0 0 0 0
images/ditch/0207_2729449947.jpg 0 0 0 1 0 0 1 0 1 0 0 0 0 1 1 0 0 0 0 0 0
images/gym/0207_2083820550.jpg 0 0 0 0 0 1 0 0 0 1 0 0 0 0 0 0 0 0 0 0 0
images/autumn/0474_54991292.jpg 0 0 0 0 0 0 0 0 0 0 0 0 0 0 0 0 0 0 0 0 1
images/swimming_pools/0680_475512832.jpg 0 0 0 0 0 0 1 0 1 0 0 0 0 0 1 0 0 0 0 1 0
images/microwave_tower/0010_51092032.jpg 0 0 0 0 0 0 0 0 0 0 0 0 0 0 0 0 1 0 0 0 0
images/golf_course/0595_2732988316.jpg 0 0 0 0 0 1 0 1 0 0 1 0 0 1 1 0 0 0 0 0 0
images/officers/0059_2613722389.jpg 0 0 0 0 0 0 0 0 0 1 0 0 1 0 0 0 0 0 0 0 0
images/bridge/0542_286686731.jpg 0 0 0 0 0 1 0 0 0 0 0 1 0 0 1 0 0 1 0 1 0
images/guard/0417_1806131690.jpg 0 0 0 0 0 0 0 0 0 1 0 0 0 0 0 0 0 0 0 0 0
images/terrace/0402_2571168520.jpg 0 0 0 1 0 0 0 0 0 0 0 0 1 0 1 0 0 0 0 0 0
images/horizon/0460_21404096.jpg 0 0 0 1 0 1 0 0 0 0 1 0 1 0 1 0 1 1 0 0 0
images/radar/0555_67223240.jpg 0 0 0 1 0 1 0 0 0 0 1 0 0 0 1 0 0 0 1 0 0
images/market/0205_407862977.jpg 0 0 0 0 0 0 0 0 0 0 0 0 0 0 0 0 0 0 0 0 1
images/train/0533_2081523342.jpg 0 0 0 0 0 0 0 0 0 0 0 0 1 0 0 0 0 0 0 0 1
images/dall/0581_2588377576.jpg 0 0 0 0 0 1 0 1 0 0 0 0 0 0 1 1 0 0 0 0 0
images/landing_craft/0037_898675147.jpg 0 1 0 0 0 1 0 0 0 0 0 0 0 0 1 0 0 0 0 1 0
images/river_bank/0543_294701986.jpg 0 0 1 0 0 0 1 0 0 0 0 1 0 0 1 0 0 0 0 0 0
images/lake/0378_179719920.jpg 0 0 0 1 0 1 1 0 0 0 0 0 0 0 1 0 0 0 0 1 0
images/flight/0351_1934005595.jpg 1 0 0 1 0 0 0 0 0 0 0 0 0 0 1 0 0 0 0 0 0
images/horizon/0524_2542261078.jpg 0 0 0 0 0 0 1 0 1 0 0 0 0 0 1 0 1 0 0 1 0
images/clearing/0538_158353312.jpg 1 0 0 0 1 1 0 0 0 0 0 0 0 0 0 0 0 0 0 1 0
images/canoe/0032_41411148.jpg 0 0 0 0 0 0 1 0 0 0 0 1 0 0 1 0 0 1 0 1 0
images/white-tailed/0080_2095132953.jpg 1 0 0 0 0 0 0 0 0 0 1 0 0 0 0 0 0 0 0 0 0
images/avalanche/0331_53625932.jpg 0 0 0 1 0 0 0 1 0 0 0 0 0 0 1 1 0 0 0 0 0
images/sand/0240_322902145.jpg 0 0 0 0 0 0 0 0 0 0 0 0 0 1 0 0 0 0 0 0 0
images/bicycles/0233_521766093.jpg 0 0 0 1 0 0 0 1 0 0 0 0 0 1 1 0 0 0 0 0 0
images/streets/0302_110345590.jpg 0 0 1 0 0 0 0 0 0 0 0 0 1 0 0 0 0 0 0 0 0
images/garden/0360_437578340.jpg 0 0 0 0 0 0 0 0 0 0 0 1 0 0 0 0 0 0 0 1 0
images/freighter/0053_457739433.jpg 0 0 0 1 0 0 1 0 0 0 0 0 0 0 1 0 1 0 0 1 0
images/bear/0520_2523579831.jpg 1 0 0 0 0 0 0 0 0 0 0 0 0 0 0 0 0 0 0 1 0
images/river_bank/0098_240384788.jpg 0 0 0 0 0 0 0 0 0 1 0 0 0 1 0 0 0 0 0 0 0
images/flags/0094_2450852731.jpg 0 0 0 0 0 0 0 1 0 0 0 0 1 0 0 1 0 0 0 0 0
images/cliff/0211_2105994170.jpg 0 1 0 1 0 0 1 0 1 0 0 0 0 0 1 0 1 0 0 1 0
images/rifles/0279_2249984065.jpg 0 0 0 0 0 0 0 0 0 0 0 0 0 0 0 0 0 0 0 1 0
images/powerlines/0574_452185010.jpg 0 0 0 1 0 0 0 0 0 0 0 0 0 0 1 0 1 0 0 0 0
images/moon/0208_406002186.jpg 0 0 0 1 0 0 0 0 0 0 0 0 0 0 1 0 0 0 0 0 0
images/sunny/0489_2154842362.jpg 0 0 1 1 0 0 0 0 1 0 0 0 0 0 1 0 0 0 0 1 0
images/close-up/0342_469777413.jpg 0 0 0 0 1 0 0 0 0 0 0 0 0 0 0 0 0 0 0 0 0
images/horizon/0246_1126527816.jpg 0 0 0 1 0 0 1 0 1 0 0 0 0 0 1 0 0 0 0 1 0
images/car_crash/0371_24668978.jpg 0 0 0 0 0 0 0 0 0 1 0 0 0 0 0 0 0 0 0 1 0
images/factory/0528_235874978.jpg 0 1 0 0 0 0 0 0 0 1 0 0 0 0 0 0 0 0 0 0 0
images/boats/0313_1370091701.jpg 0 0 0 1 0 0 1 0 1 0 0 0 0 0 1 0 0 0 0 1 0
images/glacier/0564_136001754.jpg 0 0 0 0 0 0 0 1 0 0 0 0 0 0 0 0 0 0 0 0 0
images/officers/0276_2731847575.jpg 0 0 0 0 0 0 0 0 0 0 0 0 0 0 0 0 0 0 1 0 1
images/avalanche/0226_2667687347.jpg 0 0 0 1 0 1 0 0 0 0 0 0 0 0 1 0 0 0 1 0 0
images/river_bank/0421_2087562032.jpg 1 0 0 0 0 0 0 0 0 0 0 0 0 0 0 0 0 0 0 0 0
images/golf_course/0436_180686087.jpg 0 0 0 1 0 0 0 0 0 0 1 1 0 0 1 0 0 0 0 1 0
images/bay/0272_1037631220.jpg 0 0 0 1 0 0 1 0 1 0 0 0 0 0 1 0 1 0 0 1 0
images/dining_room/0592_2603410180.jpg 0 0 0 0 0 0 0 0 0 0 1 0 0 0 0 0 0 0 0 0 1
images/mule/0596_766652109.jpg 0 0 0 1 0 0 0 0 0 0 0 0 1 0 1 1 0 0 1 0 1
images/gymnastics/0403_2195312531.jpg 0 0 0 1 0 0 0 0 0 0 0 0 0 0 1 0 0 0 0 0 0
images/steeple/0579_363864920.jpg 0 0 1 1 0 0 0 0 0 0 0 0 0 0 1 0 0 0 0 0 1
images/un_building/0301_120052865.jpg 0 0 1 0 0 0 0 0 0 0 0 0 0 0 0 0 0 0 0 0 0
images/snow/0475_112961572.jpg 0 0 0 1 0 0 0 0 0 0 0 0 0 0 1 1 0 0 0 1 0
images/guard/0244_437559590.jpg 1 0 0 1 0 0 0 0 0 0 0 0 0 0 0 0 0 0 0 0 0
images/bicycles/0534_288517681.jpg 0 0 0 0 0 0 0 0 0 0 0 0 1 0 0 0 0 0 0 0 0
images/hangar/0630_376812979.jpg 0 0 1 0 0 0 0 0 0 0 0 0 0 0 0 0 0 0 1 0 1
images/valley/0403_253376175.jpg 0 0 0 1 0 1 0 0 0 0 1 0 0 0 1 0 0 0 0 1 0
images/canal/0590_75655928.jpg 0 0 0 1 0 0 0 0 0 0 0 1 0 0 1 0 0 0 0 1 1
images/waterways/0245_418137922.jpg 0 0 0 1 0 0 1 0 0 0 0 1 0 0 0 0 1 0 0 1 0
images/run/0330_2088342704.jpg 0 0 0 1 0 0 0 0 0 0 0 0 0 1 0 0 0 0 0 0 0
images/bay/0584_1859677562.jpg 0 1 0 1 0 0 1 0 1 0 0 0 0 1 1 0 1 0 0 1 0
images/beggar/0094_443774171.jpg 0 0 0 1 0 0 0 0 0 1 0 0 0 0 1 0 0 0 0 0 0
images/fire_station/0280_956261836.jpg 0 0 1 1 0 0 0 0 0 0 0 0 0 0 1 0 0 0 0 0 1
images/gas_station/0075_425275806.jpg 0 0 1 0 0 0 0 0 0 0 0 0 0 0 0 0 0 0 0 0 0
images/insect/0388_555188562.jpg 1 0 0 0 0 0 0 0 0 0 0 0 0 0 0 0 0 0 0 0 0
images/grouper/0298_2019455826.jpg 1 0 0 0 0 0 0 0 1 0 0 0 0 0 0 0 0 0 0 1 0
images/display/0209_1364279563.jpg 0 0 0 1 0 0 0 0 0 0 0 1 0 0 0 0 0 0 0 1 0
images/beach/0330_68665257.jpg 0 1 0 1 0 0 1 0 1 0 0 0 0 1 1 0 1 0 0 1 0
images/ladder/0426_306548383.jpg 0 0 0 0 0 1 0 0 0 0 1 0 0 0 0 0 0 0 0 0 0
images/airport/0308_2144027360.jpg 0 0 1 1 0 0 0 0 0 0 0 0 0 0 1 0 0 0 0 1 0
images/iguana/0539_2112304391.jpg 1 0 0 0 0 0 0 0 0 0 0 0 0 0 0 0 0 0 0 0 0
images/valleys/0065_2493863333.jpg 0 0 0 0 0 1 0 0 0 0 1 0 0 0 1 0 1 0 0 0 0
images/pickup_truck/0248_1465373773.jpg 0 0 0 1 0 0 0 0 0 0 0 0 1 0 1 0 0 0 0 0 0
images/submarine/0457_2262447133.jpg 0 0 0 1 0 0 0 0 0 0 0 0 0 0 1 0 0 0 1 0 0
images/sails/0013_2235555014.jpg 0 0 0 1 0 0 0 0 1 0 0 0 0 0 1 0 1 0 0 0 0
images/eagle/0468_447054572.jpg 1 0 0 1 0 0 1 0 0 0 0 1 0 0 1 0 1 0 0 1 0
images/rainbow/0070_1135897571.jpg 0 0 0 1 0 0 1 0 0 0 0 0 0 0 1 0 0 0 0 1 0
images/street_battle/0004_376685693.jpg 0 0 1 0 0 0 0 0 0 0 0 0 0 0 0 0 0 0 1 0 0
images/shopping_mall/0648_763195220.jpg 0 0 0 0 0 0 0 0 0 1 0 0 0 0 0 0 0 0 0 0 0
images/capital/0072_2549063768.jpg 0 0 0 1 0 1 0 0 0 0 0 1 0 0 1 0 0 1 0 0 0
images/road/0456_198067617.jpg 0 0 0 1 0 1 0 0 0 0 1 0 1 0 1 0 0 1 0 0 0
images/shore/0567_2222294952.jpg 0 0 0 1 0 0 0 0 0 0 0 0 0 1 1 0 0 0 0 1 0
images/crystals/0640_84772617.jpg 0 0 0 0 0 0 0 0 0 0 0 0 0 0 0 1 0 0 0 0 0
images/protesters/0650_120819133.jpg 0 0 1 0 0 0 0 0 0 0 0 0 1 0 0 0 0 0 0 0 1
images/horses/0612_1934432104.jpg 1 0 0 1 0 1 0 0 0 0 0 0 0 0 1 0 0 0 0 0 0
images/horizon/0053_85952874.jpg 0 0 0 1 0 0 0 1 0 0 0 0 0 1 1 1 0 0 0 1 0
images/building/0360_543197403.jpg 0 0 1 1 0 0 0 0 0 0 0 0 0 0 1 0 0 0 0 0 0
images/power_plant/0203_266746582.jpg 0 1 1 1 0 0 0 0 0 0 0 0 0 0 1 0 0 0 0 1 0
images/blooms/0406_1509486368.jpg 0 0 0 0 1 0 0 0 0 0 0 0 0 0 0 0 0 0 0 0 0
images/underwater/0463_244296431.jpg 1 1 0 0 0 0 0 0 0 0 0 0 0 0 0 0 0 0 0 0 0
images/earthquake/0203_2508465932.jpg 0 0 0 0 0 0 0 0 0 0 0 1 0 0 0 0 0 0 0 1 0
images/bridges/0337_2193283917.jpg 0 0 0 1 0 0 1 1 0 0 0 0 0 0 1 0 0 0 0 1 0
images/elk/0586_361338823.jpg 0 0 0 0 0 0 0 0 0 0 0 0 0 0 0 0 1 0 0 0 0
images/boats/0461_1868305774.jpg 0 0 1 1 0 0 0 0 1 0 0 0 0 1 1 0 0 0 0 1 0
images/office_building/0036_1203155585.jpg 0 0 0 1 0 0 0 0 0 0 0 0 0 0 0 0 0 0 0 0 1
images/monks/0559_376482209.jpg 0 0 0 1 0 0 0 0 0 0 0 0 0 0 1 0 0 0 1 0 0
images/kauai/0058_1535340305.jpg 0 0 0 0 0 0 0 1 0 0 1 0 0 0 1 0 0 0 0 0 0
images/donkeys/0576_2183667923.jpg 1 0 0 0 0 0 0 0 0 0 0 0 0 0 0 0 0 0 0 0 0
images/hawaii/0272_554189357.jpg 0 0 0 1 0 0 0 0 0 0 0 0 0 0 1 0 1 0 0 0 0
images/mast/0491_1602547252.jpg 0 0 0 0 0 0 0 0 1 0 0 0 0 0 1 0 0 0 0 0 0
images/figures/0072_2320636893.jpg 0 0 0 1 0 0 0 0 0 0 0 0 0 0 1 0 0 0 0 0 0
images/albatross/0544_2431243477.jpg 1 0 0 0 0 1 0 0 0 0 0 0 0 0 0 0 0 0 0 0 0
images/swimming/0499_2528133636.jpg 0 0 1 1 0 0 0 0 0 0 0 0 0 0 1 0 0 0 0 1 0
images/harbors/0363_386452287.jpg 0 0 0 1 0 0 1 0 1 0 0 0 0 1 1 0 0 0 0 1 0
images/monastery/0555_2595648816.jpg 0 0 1 0 0 1 1 0 0 0 0 1 0 0 1 0 0 0 0 1 0
images/perch/0277_2553234344.jpg 1 0 0 0 0 0 0 0 0 0 0 0 0 0 1 0 0 0 0 0 0
images/officers/0396_91124650.jpg 0 0 0 0 0 0 0 0 0 1 0 0 0 0 0 0 0 0 0 0 0
images/glacier/0207_2653290196.jpg 0 0 0 0 0 0 1 1 0 0 0 1 0 1 1 0 0 0 0 1 0
images/pickup_truck/0493_2442302453.jpg 0 0 0 0 0 0 0 0 0 0 0 0 1 0 0 0 0 0 1 0 1
images/chrysanthemums/0484_1008328225.jpg 0 0 0 0 1 0 0 0 0 0 0 0 0 0 0 0 0 0 0 0 0
images/race/0296_212381453.jpg 0 0 0 0 0 0 0 0 0 0 0 0 0 0 0 0 0 0 1 0 0
images/nest/0260_566368751.jpg 1 0 0 0 0 0 0 0 0 0 0 0 0 0 0 0 0 0 0 0 0
images/clock_tower/0090_79686295.jpg 0 0 1 0 0 0 0 0 0 0 0 0 1 0 1 1 0 1 0 0 0
images/porches/0051_2729100795.jpg 0 0 0 0 0 0 0 0 0 0 1 0 0 0 0 0 0 0 0 0 0
images/waterways/0048_2148004703.jpg 0 0 1 0 0 0 1 0 0 0 0 1 0 0 1 0 0 0 0 1 0
images/horns/0063_397550614.jpg 0 0 0 0 0 0 1 0 0 0 0 1 0 0 1 0 0 1 0 1 0
images/swimmer/0216_168441423.jpg 0 0 0 0 0 0 0 0 0 0 0 0 0 0 0 0 0 0 0 1 0
images/car/0033_148140214.jpg 0 0 0 1 0 0 0 0 0 0 0 0 1 0 0 0 0 0 1 0 0
images/tundra/0667_384066664.jpg 0 0 0 0 0 1 0 0 0 0 0 1 0 0 1 0 0 0 0 1 0
images/college/0412_752042764.jpg 0 0 0 0 0 0 0 0 0 1 0 0 0 0 0 0 0 0 0 0 0
images/stadium/0572_2659586914.jpg 0 0 1 1 0 0 1 0 0 0 0 1 0 0 1 0 1 0 0 1 0
images/blooms/0376_130408612.jpg 0 0 0 0 1 0 0 0 0 0 0 0 0 0 0 0 0 0 0 0 0
images/rainbow/0666_1439622619.jpg 0 0 0 0 0 1 0 0 0 0 1 0 0 1 0 0 0 0 0 1 0
images/clearing/0082_324006726.jpg 0 0 0 1 0 1 0 0 0 0 0 0 0 0 1 0 0 1 0 0 0
images/mountain/0431_1216904257.jpg 0 0 0 1 0 0 0 1 0 0 0 0 0 1 1 0 1 0 0 0 0
images/frozen/0030_368717446.jpg 0 0 0 0 0 0 1 0 1 0 0 1 0 0 1 0 1 0 0 1 0
images/vegetables/0315_89756956.jpg 0 0 0 0 1 0 0 0 0 1 1 0 0 0 0 0 0 0 0 0 0
images/houseboat/0478_81399196.jpg 0 0 0 0 0 0 0 0 0 1 0 0 0 0 0 0 0 0 0 0 0
images/moss/0676_2299526270.jpg 0 0 0 0 0 0 0 0 0 0 0 0 0 0 1 0 0 1 0 0 0
images/beach/0016_392864134.jpg 0 0 0 1 0 0 1 0 1 1 0 0 0 0 1 0 0 0 0 1 0
images/barn/0298_382771145.jpg 0 0 0 1 0 1 0 1 0 0 0 0 0 0 1 0 0 0 0 0 0
images/valleys/0594_1525251651.jpg 0 0 0 1 0 1 0 0 0 0 1 0 0 1 1 0 0 0 0 0 0
images/dock/0496_8283744.jpg 0 1 0 1 0 0 1 0 1 0 0 1 0 0 1 0 1 0 0 1 0
images/birds/0026_237724507.jpg 1 0 0 0 0 0 0 0 0 1 0 0 0 0 0 0 0 0 0 0 0
images/singing/0038_2684154289.jpg 0 1 0 1 0 0 1 0 1 0 0 1 0 0 1 0 1 0 0 1 0
images/chapel/0414_365866863.jpg 0 0 0 0 0 0 0 0 0 0 0 0 0 0 0 0 0 0 0 0 1
images/field/0368_2567824270.jpg 1 0 0 1 0 1 0 0 0 0 0 0 0 0 1 0 0 0 0 0 0
images/sitting/0297_1204077008.jpg 0 0 0 0 0 0 0 0 0 0 0 0 0 0 0 0 0 0 1 0 1
images/baseball/0539_2389720841.jpg 0 0 0 0 0 0 0 0 0 1 0 0 0 0 0 0 0 0 0 0 0
images/storms/0428_24393421.jpg 0 0 0 1 0 0 0 0 0 0 0 0 0 0 1 0 0 0 0 0 0
images/ruins/0250_1409983990.jpg 0 0 1 0 0 0 0 0 0 0 0 0 0 0 0 0 0 0 0 0 1
images/ruins/0279_2055957346.jpg 0 0 0 0 0 0 0 0 0 0 0 0 0 0 0 0 0 1 0 0 0
images/art/0546_400605032.jpg 0 0 0 1 0 0 0 0 0 0 0 0 0 1 1 0 0 0 0 0 0
images/rowboat/0386_2714178037.jpg 0 0 0 0 0 0 1 0 0 0 0 1 0 0 0 0 0 0 0 1 0
images/ship/0519_2610269147.jpg 0 0 0 1 0 0 1 0 0 0 0 0 0 0 1 0 1 0 0 1 0
images/television_tower/0011_2389717078.jpg 0 0 0 0 0 0 0 0 0 0 0 0 0 0 1 0 0 0 0 0 0
images/bench/0084_507077598.jpg 0 0 0 0 0 0 0 0 0 0 0 1 0 0 0 0 0 0 0 1 0
images/canal/0224_426677441.jpg 0 0 0 1 0 0 1 0 0 0 0 1 0 0 1 0 0 0 0 1 0
images/cabin/0247_198423096.jpg 0 0 0 0 0 0 0 0 0 0 1 0 0 0 0 0 0 0 0 0 1
images/flight/0336_360223015.jpg 1 0 0 0 0 0 0 0 0 0 0 0 0 0 0 1 0 0 0 0 0
images/tundra/0635_191797754.jpg 0 0 0 0 0 1 0 0 0 0 0 0 0 0 0 0 0 0 0 0 0
images/antlers/0036_299041166.jpg 1 0 0 0 0 1 0 0 0 0 0 0 0 0 0 0 0 0 0 0 0
images/raft/0683_2653474615.jpg 0 0 0 0 0 0 0 0 0 0 0 0 0 0 0 0 0 0 0 1 0
images/diver/0337_2302401045.jpg 0 0 0 1 0 0 0 1 1 0 0 0 0 0 0 0 0 0 0 1 0
images/steeple/0495_393660195.jpg 0 0 0 1 0 0 0 0 0 0 0 1 0 0 1 0 0 0 0 1 0
images/oahu/0418_581488143.jpg 0 0 0 1 0 0 0 0 1 1 0 0 0 0 1 0 1 0 0 1 0
images/helicopter/0542_2168647848.jpg 0 0 1 1 0 0 0 0 0 1 0 0 1 0 1 0 0 0 0 0 1
images/eyewitness/0081_1556610945.jpg 0 0 1 1 0 0 0 0 0 1 0 0 1 0 0 0 0 0 1 0 1
images/formation/0274_1040583017.jpg 0 0 0 1 0 0 1 1 0 0 0 0 0 0 1 1 0 0 0 1 0
images/river_bank/0065_114671458.jpg 0 0 0 0 0 0 1 0 1 0 0 0 0 1 0 0 0 0 0 1 0
images/island/0287_413497437.jpg 0 1 0 1 0 0 1 0 1 0 0 0 0 0 1 0 0 0 0 1 0
images/hawk/0047_2185566846.jpg 1 0 0 0 0 0 0 0 0 0 0 0 0 0 0 0 0 0 0 0 0
images/storms/0357_2316990947.jpg 0 0 0 1 0 0 0 0 0 0 0 0 0 0 1 1 0 0 0 0 0
images/suburban/0279_2493836071.jpg 0 0 0 0 0 1 0 0 0 1 0 0 1 0 1 0 0 0 0 0 0
images/arctic/0001_350255839.jpg 0 0 0 1 0 0 1 0 1 0 0 0 0 0 1 0 1 0 0 1 0
images/shops/0447_205599428.jpg 0 0 1 0 0 0 0 0 0 0 0 0 0 0 0 0 0 0 0 0 0
images/art/0306_524708096.jpg 1 0 0 1 0 0 0 0 0 0 0 0 0 0 1 0 0 0 0 0 0
images/football/0391_197564151.jpg 0 0 0 0 0 1 0 0 0 1 0 0 0 0 0 0 0 0 0 0 0
images/doorway/0547_82263455.jpg 0 0 0 0 0 1 0 0 0 0 0 0 0 0 1 0 0 0 0 1 0
images/cars/0594_2186195203.jpg 0 0 1 0 0 0 0 0 0 0 0 0 1 0 0 0 0 0 0 0 0
images/canoe/0452_2650519365.jpg 0 0 0 1 0 0 1 0 0 0 0 1 0 0 1 0 1 0 0 1 0
images/bridges/0429_2590858652.jpg 0 0 0 0 0 0 1 0 0 0 0 1 0 0 0 0 0 0 0 0 0
images/military_personnel/0295_2314232707.jpg 0 0 1 0 0 0 0 0 0 1 0 0 0 0 1 0 0 0 0 0 0
images/hillside/0506_234943868.jpg 0 0 0 1 0 0 1 0 0 0 0 0 0 1 1 0 0 0 0 1 0
images/lakes/0229_1383454684.jpg 0 0 0 1 0 0 1 1 0 0 0 1 0 1 1 0 0 0 0 1 0
images/valley/0423_366804629.jpg 0 0 0 1 0 0 0 0 0 0 0 0 0 0 1 0 0 0 0 0 0
images/cliff/0554_1408556264.jpg 0 1 0 1 0 0 1 0 1 0 0 0 0 0 1 0 0 0 0 1 0
images/cows/0357_241587292.jpg 1 0 0 1 0 0 0 1 0 0 0 0 0 0 1 0 0 0 0 0 0
images/park/0081_1185873556.jpg 1 0 0 0 0 0 1 0 0 0 0 1 0 0 1 0 0 0 0 1 0
images/television_tower/0049_419802645.jpg 0 0 1 1 0 0 1 0 0 0 0 0 0 0 1 0 0 0 0 0 0
images/dock/0540_514027501.jpg 0 0 0 1 0 0 0 0 1 0 0 0 0 0 1 0 1 0 0 1 0
images/town/0491_222813832.jpg 0 0 0 1 0 0 0 0 0 0 0 0 1 0 1 0 0 0 0 0 0
images/dining_room/0033_97672985.jpg 0 0 0 0 0 0 0 0 0 1 0 0 0 0 0 0 0 0 0 0 1
images/sailboat/0523_2191763696.jpg 0 0 0 0 0 0 1 0 0 0 0 1 0 0 1 0 0 0 0 1 0
images/mast/0080_520160022.jpg 0 0 0 1 0 1 0 0 0 0 0 0 0 0 1 0 0 0 1 0 0
images/hut/0514_348615431.jpg 0 0 1 0 0 1 0 0 0 0 0 0 0 0 1 0 0 0 0 0 0
images/cave/0594_208029195.jpg 0 0 0 0 0 0 0 0 0 0 1 0 0 0 0 0 0 0 0 0 0
images/vegetation/0080_2419945229.jpg 0 0 0 0 0 1 0 0 0 0 1 0 0 0 1 0 0 0 0 1 0
images/rodent/0489_203386935.jpg 1 0 0 0 0 0 0 0 0 0 0 0 0 0 0 0 0 0 0 0 0
images/motorcycle/0597_2596334566.jpg 0 0 0 0 0 0 0 0 1 0 0 0 0 0 0 0 0 0 0 1 0
images/aerial/0304_125154843.jpg 0 0 0 0 0 1 0 0 0 0 0 0 0 0 0 0 0 1 0 1 0
images/island/0405_85628823.jpg 0 1 0 1 0 0 1 0 0 0 0 0 0 0 1 0 0 0 0 1 0
images/boy/0419_175785892.jpg 0 0 0 1 0 0 1 0 0 0 0 1 0 0 0 0 0 0 0 1 0
images/blossoms/0287_2360863951.jpg 0 0 0 1 0 1 0 0 0 0 0 0 0 0 0 0 0 1 0 0 0
images/architecture/0317_55128894.jpg 0 0 0 0 0 0 0 0 0 0 0 0 0 0 1 0 0 0 0 0 1
images/lakes/0032_2754703863.jpg 0 1 0 1 0 0 1 1 0 0 0 0 0 0 1 0 0 0 0 1 0
images/river_bank/0235_380061152.jpg 0 0 0 0 0 0 1 0 0 0 0 0 0 0 0 1 0 0 0 1 0
images/avalanche/0204_2555981582.jpg 0 0 0 0 0 0 1 0 0 0 0 0 0 0 0 0 0 0 0 0 1
images/orchid/0203_2594410393.jpg 0 0 0 0 1 0 0 0 0 0 1 0 0 0 0 0 0 0 0 0 0
images/firefighter/0499_462911867.jpg 0 0 1 0 0 0 0 0 0 0 0 0 0 0 0 1 0 0 0 0 0
images/raft/0082_2274283803.jpg 0 1 0 0 0 0 1 0 1 0 0 0 0 0 0 0 0 0 0 1 0
images/lawn/0567_944696118.jpg 0 0 0 0 0 1 0 0 0 1 0 0 0 0 1 0 0 0 0 0 1
images/trunk/0346_343359852.jpg 0 0 0 0 0 0 0 0 0 0 1 0 0 0 0 0 0 1 0 0 0
images/jeep/0518_2051773455.jpg 0 0 0 0 0 0 0 0 0 0 0 0 1 0 0 1 0 0 0 0 0
images/mosques/0692_570416598.jpg 0 0 0 0 0 0 0 0 0 1 0 0 1 0 1 0 0 0 0 0 0
images/kit/0408_2562271133.jpg 1 0 0 0 0 1 0 0 0 0 0 0 0 0 0 0 0 0 0 0 0
images/houseboat/0052_2530457560.jpg 0 0 0 1 0 0 0 1 0 0 0 1 0 1 1 0 0 0 0 1 0
images/election_campaign/0026_76388091.jpg 0 0 0 0 0 0 0 0 0 1 0 0 0 0 0 0 0 0 0 0 0
images/vehicle/0475_2228431094.jpg 0 0 0 1 0 0 0 0 0 0 0 0 1 0 1 0 0 0 0 0 0
images/flood/0211_2520683222.jpg 0 0 0 1 0 0 0 0 1 0 0 1 0 0 1 0 1 0 0 1 0
images/harbor/0305_2591483183.jpg 0 0 1 1 0 0 0 0 0 0 0 1 0 0 1 0 0 0 1 1 0
images/frigate/0013_2497724294.jpg 0 0 0 0 0 0 0 0 0 0 0 1 0 0 0 0 0 0 0 1 0
images/marsh/0281_2097420447.jpg 0 0 0 1 0 0 0 0 0 0 0 0 0 0 1 0 0 0 0 0 0
images/outdoor/0396_2202232088.jpg 0 0 0 1 0 0 1 0 0 0 0 1 0 0 1 0 1 0 0 1 0
images/tornado/0207_35477086.jpg 0 0 1 1 0 0 0 0 0 0 0 0 0 0 1 0 0 0 0 0 0
images/swimmer/0292_2444968205.jpg 1 0 0 0 0 1 1 0 0 0 0 0 0 0 1 0 0 0 0 1 0
images/glacier/0084_469795291.jpg 0 0 0 1 0 0 1 1 0 0 0 1 0 0 1 0 0 0 0 1 0
images/cafe/0247_2574157504.jpg 0 0 0 0 0 0 0 0 0 0 0 0 0 0 1 0 0 1 0 0 0
images/cheerleader/0616_378222677.jpg 0 0 0 0 0 0 0 0 0 1 0 0 0 0 0 0 0 0 0 0 0
images/bay/0549_416773481.jpg 0 1 0 1 0 0 1 0 0 0 0 1 0 1 1 1 1 0 0 1 0
images/valleys/0311_274526149.jpg 0 0 0 0 0 0 0 1 0 0 1 1 0 1 1 0 0 0 0 1 0
images/palace/0602_2292524180.jpg 0 0 0 1 0 1 0 0 0 0 0 0 0 0 0 0 0 0 0 0 0
images/tails/0249_64279610.jpg 1 0 0 0 0 0 0 0 0 0 0 0 0 0 0 0 0 0 0 0 0
images/nets/0518_209287526.jpg 0 0 0 1 0 0 1 0 1 0 0 0 0 0 1 0 0 0 0 1 0
images/tugboat/0363_183955439.jpg 0 0 0 1 0 0 1 0 0 0 0 1 0 0 1 0 0 0 1 1 0
images/stems/0361_2651150667.jpg 0 0 0 0 0 0 0 0 0 0 0 0 0 0 1 0 1 0 0 0 0
images/african/0537_70077039.jpg 1 0 0 0 0 1 0 0 0 0 0 0 0 0 0 0 0 0 0 0 0
images/ceremony/0248_2133429882.jpg 0 0 0 0 0 0 0 0 0 1 0 0 0 0 0 0 0 0 0 0 0
images/swimmers/0370_2122718754.jpg 0 1 0 0 0 0 0 0 0 1 0 0 0 0 1 0 0 0 0 0 0
images/nighttime/0333_590001755.jpg 0 0 0 0 0 0 0 0 0 0 0 0 0 0 0 0 0 1 0 0 0
images/lakes/0589_1239303589.jpg 0 0 0 0 0 0 1 0 1 0 0 1 0 0 1 0 0 0 0 1 0
images/calf/0020_944853780.jpg 1 0 0 0 0 0 0 0 0 0 0 0 0 0 0 0 0 0 0 0 0
images/windy/0415_110168394.jpg 1 0 0 0 0 1 0 0 0 0 0 0 0 0 1 0 0 0 0 0 0
images/driver/0582_2367484454.jpg 0 0 0 0 0 0 0 1 0 0 0 0 1 0 0 1 0 0 0 0 0
images/backpackers/0390_2656388060.jpg 0 0 1 1 0 0 0 0 0 1 0 0 0 0 0 0 0 0 0 0 0
images/mare/0544_668887136.jpg 0 0 0 0 0 0 0 0 0 0 0 0 0 1 0 0 0 0 0 0 0
images/arch/0567_1218793802.jpg 0 0 0 1 0 0 0 0 0 0 0 0 0 1 1 0 0 0 0 0 0
images/tulip/0497_2178916375.jpg 0 0 0 0 1 0 0 0 0 0 1 0 0 0 0 0 0 0 0 0 0
images/goat/0248_2312810389.jpg 1 0 0 0 0 0 0 0 0 0 0 0 0 0 0 0 0 0 0 0 0
images/swimming_pools/0231_231750622.jpg 0 0 0 0 0 0 0 0 0 0 0 1 0 0 0 0 0 0 0 1 0
images/buildings/0268_2251681816.jpg 0 0 1 0 0 0 0 0 0 0 0 0 0 0 0 0 0 0 0 0 0
images/mosques/0210_251457015.jpg 0 0 1 1 0 0 0 0 0 0 0 0 0 0 1 0 0 0 0 0 1
images/vegetation/0079_198314735.jpg 0 0 0 0 0 0 0 0 0 0 1 0 0 0 0 0 0 0 0 0 0
images/landing_craft/0019_899680214.jpg 0 1 0 0 0 0 0 0 1 0 0 0 0 0 1 0 0 0 0 1 0
images/buildings/0313_2435391092.jpg 0 0 1 0 0 0 0 0 0 0 0 0 0 0 1 0 0 0 0 0 0
images/dall/0448_1096587792.jpg 0 0 0 0 0 0 0 0 0 1 0 0 0 0 0 0 0 0 0 0 0
images/vehicle/0386_2543788191.jpg 0 0 0 0 0 0 0 0 0 0 0 0 0 0 0 0 0 0 1 0 1
images/moss/0076_1954749471.jpg 0 0 1 0 0 0 1 0 0 0 0 0 0 0 0 0 0 0 0 1 0
images/individual/0303_9390367.jpg 0 0 0 0 0 0 0 0 0 1 0 0 1 0 1 0 0 0 0 0 0
images/islands/0260_2675750565.jpg 0 1 0 1 0 0 0 0 1 0 0 0 0 0 1 0 0 0 0 1 0
images/theater/0059_396559577.jpg 0 0 1 0 0 0 0 0 0 0 0 0 0 0 1 0 0 0 0 0 0
images/bench/0088_496223623.jpg 0 0 0 0 0 1 0 0 0 0 0 0 0 0 0 0 0 1 0 0 0
images/grouper/0515_261453720.jpg 0 0 0 1 0 0 1 0 1 1 0 0 0 0 1 0 0 0 0 1 0
images/canal/0287_1196230191.jpg 0 0 0 1 0 0 1 0 0 0 0 1 0 0 1 0 1 1 0 1 0
images/vegetation/0271_2452096666.jpg 0 0 0 0 0 0 0 0 0 0 1 0 0 0 1 0 0 1 0 0 0
images/lion/0392_2002509953.jpg 1 0 0 0 0 0 0 0 0 0 0 0 0 0 1 0 0 0 0 0 0
images/harvest/0302_2591539254.jpg 0 0 0 1 0 1 0 0 0 0 0 0 0 0 1 0 0 1 0 0 0
images/night/0402_1359387407.jpg 0 0 1 0 0 0 0 0 0 0 0 0 0 0 0 0 0 0 0 0 1
images/outdoor/0502_2683217015.jpg 0 1 0 1 0 0 1 0 0 0 0 1 0 0 1 0 0 0 0 1 0
images/harvest/0084_2678016510.jpg 0 0 0 0 1 0 0 0 0 0 1 0 0 0 0 0 0 0 0 0 0
images/bank/0495_123933714.jpg 0 0 0 0 0 0 0 0 0 0 0 1 0 0 1 0 0 0 0 1 0
images/man/0335_110102776.jpg 0 0 0 1 0 0 0 0 1 0 0 0 0 0 1 0 0 0 1 1 0
images/avalanche/0033_2462831690.jpg 0 0 0 0 0 1 0 0 0 0 0 0 0 0 0 0 0 0 0 0 0
images/barge/0343_1144277482.jpg 0 0 1 0 0 0 1 0 0 0 0 1 0 0 1 0 0 0 0 1 0
images/valleys/0573_2132510124.jpg 0 0 0 1 0 1 0 1 0 0 1 0 0 0 1 0 0 0 0 0 0
images/vines/0276_1299098016.jpg 0 0 0 0 0 0 0 0 0 0 1 0 0 0 0 0 0 0 0 0 0
images/library/0343_599559719.jpg 0 0 0 1 0 0 0 0 0 0 0 1 0 0 1 0 0 0 0 1 0
images/bicycle/0202_457621481.jpg 0 0 0 0 0 0 0 0 0 0 0 0 1 0 0 0 0 0 0 0 0
images/peaks/0218_2049467151.jpg 0 0 0 1 0 0 1 1 0 0 0 1 0 0 1 1 0 0 0 1 0
images/groom/0510_482676955.jpg 0 0 0 1 0 1 1 0 1 0 0 0 0 0 1 0 0 0 0 1 0
images/sailboats/0262_213451209.jpg 0 0 0 1 0 0 1 0 1 0 0 0 0 0 0 0 1 0 0 1 0
images/urban_park/0496_532328792.jpg 0 0 0 0 1 0 0 0 0 0 0 0 0 0 0 0 0 0 0 0 0
images/foals/0341_2633896229.jpg 1 0 0 0 0 1 0 0 0 0 0 0 0 0 0 0 0 0 0 0 0
images/arctic/0371_423226085.jpg 0 0 0 1 0 0 1 0 0 0 0 0 0 0 1 1 0 0 0 1 0
images/tulip/0100_462509805.jpg 0 0 0 0 0 0 0 0 0 0 1 0 0 0 0 0 0 0 0 1 0
images/shooting/0451_2291812945.jpg 0 0 0 0 0 0 0 0 0 1 0 0 0 0 0 0 0 0 0 0 0
images/standing/0275_2111990643.jpg 0 0 1 0 0 0 0 0 0 0 0 0 1 0 1 0 0 0 0 0 0
images/lighthouse/0501_1982671629.jpg 0 0 0 1 0 0 0 1 1 0 0 0 0 1 1 0 0 0 0 1 0
images/swimming_pools/0234_262799621.jpg 0 1 0 0 0 0 1 0 1 0 0 0 0 1 0 0 0 0 0 1 0
images/cabin/0090_1414205324.jpg 0 0 0 1 0 0 0 1 0 0 0 0 0 0 0 0 0 0 0 0 1
images/airport_terminal/0209_241052273.jpg 0 0 0 0 0 0 0 0 0 0 0 0 0 0 0 0 0 0 1 0 1
images/f-16/0375_2393155533.jpg 0 0 0 1 0 0 0 0 0 0 0 0 0 0 1 0 0 0 0 0 0
images/toll_booth/0666_2325311743.jpg 0 0 0 0 0 0 0 0 0 0 0 0 0 0 0 0 0 0 0 0 1
images/trail/0081_2039283422.jpg 0 0 0 0 0 0 0 0 0 0 0 0 0 1 1 0 0 0 0 1 0
images/angelfish/0201_887012229.jpg 1 0 0 0 0 0 0 0 1 0 0 0 0 0 0 0 0 0 0 1 0
images/rapids/0053_155022628.jpg 0 0 0 0 0 0 1 0 0 0 1 0 0 1 0 0 0 0 0 1 0
images/glacier/0408_272161647.jpg 0 0 0 1 0 1 1 1 0 0 1 0 0 1 1 0 0 0 0 1 0
images/antelope/0578_2745563403.jpg 1 0 0 0 0 0 0 0 0 0 0 0 0 0 0 0 0 0 0 0 0
images/house/0085_349044647.jpg 0 0 1 0 0 0 0 0 0 0 0 0 0 0 1 1 0 0 0 0 0
images/harbor/0554_353286154.jpg 0 0 1 0 0 0 0 0 0 0 0 0 0 0 1 0 0 0 0 1 0
images/car_racing/0498_2274057764.jpg 0 0 0 0 0 0 0 0 0 0 0 0 0 0 0 0 0 0 0 0 1
images/ice/0311_311671017.jpg 0 0 0 0 0 0 1 0 0 0 0 0 0 0 1 0 0 0 0 1 0
images/horizon/0211_173482649.jpg 0 0 0 1 1 0 0 0 0 0 1 0 0 0 1 0 1 0 0 0 0
images/spider/0404_430200686.jpg 1 0 0 0 0 0 0 0 0 0 0 0 0 0 0 0 0 0 0 0 0
images/military/0503_2685116802.jpg 0 0 0 1 0 0 0 0 0 0 0 0 0 0 1 0 0 0 1 0 0
images/walking/0575_2222537291.jpg 1 1 0 0 0 0 0 0 0 0 0 0 0 0 1 0 0 0 0 1 0
images/anemone/0264_2420382871.jpg 0 0 0 0 1 0 0 0 0 0 0 0 0 0 0 0 0 0 0 0 0
images/mare/0250_1184315813.jpg 0 0 0 1 0 0 1 0 1 0 0 0 0 0 1 0 0 0 0 1 0
images/barracks/0504_189871821.jpg 0 0 1 1 0 0 0 0 0 0 0 0 0 0 1 0 0 0 0 0 1
images/rice/0361_2212191476.jpg 0 0 0 1 0 1 0 0 0 0 1 0 0 0 1 0 0 0 0 0 0
images/hillside/0592_2322693135.jpg 0 0 0 0 0 0 0 0 0 0 0 0 0 0 0 1 0 0 0 0 0
images/building/0475_1802793185.jpg 0 0 1 1 0 0 0 0 0 0 0 0 0 0 1 0 0 0 0 0 1
images/forest/0644_2562097016.jpg 0 0 0 1 0 0 1 1 0 0 0 1 0 0 1 0 0 0 0 1 0
images/road_block/0174_583005036.jpg 0 0 0 0 0 0 0 0 0 1 0 0 1 0 0 0 0 0 0 0 0
images/cabin/0363_2538028643.jpg 0 0 1 0 0 0 0 0 0 0 0 0 0 0 0 0 0 0 0 0 1
images/barge/0445_1946713386.jpg 0 0 0 1 0 0 0 0 1 0 0 0 1 0 1 0 0 0 0 1 0
images/man/0578_1810390146.jpg 0 0 0 0 0 0 0 0 0 1 0 0 0 0 1 0 0 0 0 0 0
images/canoe/0052_1493116612.jpg 0 0 0 1 0 0 1 0 0 0 0 1 1 0 1 0 0 0 0 1 0
images/boeing/0307_2510889942.jpg 0 0 0 1 0 0 1 0 1 0 0 0 0 0 1 0 0 0 0 1 0
images/row/0497_2717622915.jpg 0 1 0 1 0 0 1 0 1 0 0 0 0 0 1 0 0 0 0 1 0
images/seals/0018_2081320802.jpg 1 1 0 0 0 0 0 0 0 0 0 0 0 0 0 0 0 0 0 1 0
images/cougar/0225_262667692.jpg 1 0 0 0 0 1 0 0 0 0 0 0 0 0 0 0 0 0 0 0 0
images/poppies/0413_2562370002.jpg 0 0 0 0 1 0 0 0 0 0 1 0 0 0 0 0 0 0 0 0 0
images/officers/0591_25697857.jpg 0 0 0 1 0 0 0 0 1 0 0 0 0 0 1 0 0 0 0 1 0
images/leaf/0439_374985286.jpg 0 0 0 0 1 0 0 0 0 0 1 0 0 0 0 0 0 0 0 0 0
images/mare/0483_2367119062.jpg 0 1 0 1 0 0 0 0 1 0 0 0 0 0 1 0 0 0 0 1 0
images/grassland/0384_2064998999.jpg 0 0 0 0 0 0 0 0 0 0 0 0 0 0 0 0 1 0 0 0 0
images/roofs/0343_2339429331.jpg 0 0 1 0 0 0 0 0 0 0 0 0 0 0 0 0 0 0 0 0 1
images/gate/0564_1083767593.jpg 0 0 0 1 0 0 1 0 0 0 0 0 0 0 1 0 1 0 0 1 0
images/singing/0414_447683828.jpg 0 0 0 0 0 0 0 0 0 1 0 0 0 0 0 0 0 0 0 0 0
images/referees/0293_1456077390.jpg 0 0 0 0 0 1 0 0 0 1 0 0 0 0 0 0 0 0 1 0 1
images/oceans/0578_118805593.jpg 0 1 0 1 0 0 0 0 0 0 0 0 0 0 1 0 0 0 0 1 0
images/house_of_worship/0062_170200146.jpg 0 0 1 1 0 0 0 0 0 0 0 0 0 0 1 0 0 0 0 0 0
images/bush/0467_2077061877.jpg 0 0 0 1 0 0 0 1 0 0 0 0 0 0 1 0 1 0 0 0 0
images/cars/0233_491745605.jpg 0 0 0 0 0 0 0 0 0 1 0 0 1 0 0 0 0 0 0 0 0
images/valleys/0410_2628017378.jpg 0 0 0 0 0 1 0 1 0 0 1 0 0 1 0 0 0 0 0 0 0
images/carpet/0397_2469747035.jpg 0 0 0 0 1 0 0 0 0 0 0 0 0 0 0 0 0 0 0 0 0
images/backpackers/0427_2560227973.jpg 0 1 0 1 0 0 1 0 0 0 0 0 0 0 1 0 0 0 0 1 0
images/peaks/0327_54307145.jpg 0 0 0 0 0 0 1 0 0 0 1 1 0 0 1 0 0 0 0 1 0
images/albatross/0214_8488292.jpg 1 0 0 1 0 1 0 0 0 0 1 0 0 0 0 0 0 0 0 0 0
images/islands/0500_190531770.jpg 0 1 0 1 0 0 0 0 1 0 0 0 0 0 1 0 0 0 0 1 0
images/hawaii/0374_1302384620.jpg 0 0 0 0 0 0 1 0 0 0 0 0 0 1 1 0 1 0 0 1 0
images/freighter/0305_2596143468.jpg 0 0 0 1 0 0 0 0 0 0 0 0 0 0 1 0 0 0 1 0 0
images/rockface/0465_1416181742.jpg 0 0 0 1 0 1 0 1 0 0 1 0 0 1 1 1 0 0 0 0 0
images/press_conference/0087_102081424.jpg 0 0 0 0 0 0 0 0 0 1 0 0 1 0 0 0 0 0 0 0 0
images/lake/0681_1166687115.jpg 0 0 0 1 0 0 1 1 0 0 1 0 0 0 1 0 0 0 0 1 0
images/sitting/0219_1425349351.jpg 0 0 0 0 0 0 0 0 0 0 0 0 0 0 0 0 0 0 0 0 1
images/clearing/0258_407009726.jpg 0 0 0 1 0 0 0 0 0 0 0 0 1 0 1 0 0 0 0 0 0
images/rainy/0576_1437629849.jpg 0 1 0 0 0 0 0 0 1 0 0 0 0 0 0 0 0 0 0 1 0
images/suburban/0331_207679804.jpg 0 0 0 0 0 0 0 0 0 0 0 0 1 0 0 0 0 0 1 0 1
images/dunes/0319_320918307.jpg 0 0 0 0 0 0 0 0 0 0 0 0 0 0 1 0 1 0 0 0 0
images/weather/0698_972781176.jpg 0 0 0 1 0 0 0 0 0 0 0 0 0 0 1 0 1 0 0 0 0
images/dunes/0537_148994815.jpg 0 0 0 0 0 0 0 0 0 0 0 1 0 0 1 0 0 0 0 1 0
images/lawn/0439_2203333449.jpg 0 0 0 1 0 0 1 0 1 0 0 0 0 0 1 0 0 0 0 1 0
images/bay/0366_1471467565.jpg 0 0 0 1 0 0 0 0 1 0 0 0 0 0 0 0 1 0 0 1 0
images/alley/0570_2268235435.jpg 0 0 0 0 0 0 0 0 0 1 0 0 1 0 0 0 0 0 0 0 0
images/hunter/0518_2126080781.jpg 1 0 0 0 0 0 0 0 0 0 0 0 0 0 0 0 0 0 0 0 0
images/capital/0035_599118191.jpg 0 0 1 1 0 0 0 0 0 0 0 0 1 0 1 0 0 0 0 0 0
images/aqueduct/0251_1029709909.jpg 0 0 0 0 0 0 0 0 0 0 0 0 1 0 0 0 0 1 0 0 0
images/houseboat/0033_172141290.jpg 0 0 0 1 0 0 1 0 0 0 0 1 0 0 1 0 0 0 1 1 1
images/bridge/0398_211497434.jpg 0 0 0 1 0 0 0 0 0 0 0 0 0 0 1 0 0 0 1 0 0
images/subway_station/0083_86130828.jpg 0 0 0 0 0 0 0 0 0 0 0 0 0 0 0 0 0 0 1 0 1
images/pavilions/0041_188285977.jpg 0 0 0 1 0 0 0 0 0 0 0 1 0 0 1 0 0 0 0 1 0
images/rockface/0091_152347253.jpg 0 0 0 0 0 0 0 0 0 0 0 0 0 1 0 0 0 0 0 0 0
images/grass/0264_221079735.jpg 0 0 0 1 0 1 0 0 0 0 0 0 0 0 1 0 0 0 1 0 0
images/grassland/0067_2115451212.jpg 0 0 0 1 0 1 0 1 0 0 0 0 0 0 1 0 0 0 0 0 0
images/moon/0360_2061958693.jpg 0 0 0 0 0 0 0 0 0 0 0 0 0 0 1 0 0 1 0 0 0
images/canoe/0516_8247998.jpg 0 0 0 0 0 0 0 1 0 0 0 0 0 0 1 1 0 0 0 1 0
images/rapids/0343_1596969120.jpg 0 0 0 0 0 0 1 0 0 0 1 0 0 0 1 0 0 0 0 1 0
images/lawn/0204_374312995.jpg 0 0 0 1 0 0 0 0 0 0 0 0 0 0 1 0 0 0 0 0 1
images/glacier/0478_2166383416.jpg 0 0 0 1 0 0 0 1 1 0 0 0 0 0 1 0 0 0 0 1 0
images/sun/0511_290874312.jpg 0 1 0 0 0 0 1 0 0 0 0 0 0 0 1 0 1 0 0 1 0
images/sails/0459_371108665.jpg 0 0 0 0 0 0 0 0 0 0 0 0 0 0 1 0 0 0 1 1 0
images/hills/0355_2389402077.jpg 0 0 0 1 0 0 0 0 0 0 0 0 0 0 1 0 1 0 0 0 0
images/pickup_truck/0597_2654239872.jpg 0 0 0 0 0 0 0 0 0 0 0 0 0 0 0 0 0 0 1 0 1
images/barge/0309_527579710.jpg 0 0 0 1 0 0 1 0 0 0 0 1 1 0 1 0 0 1 0 1 0
images/snow/0215_382715914.jpg 0 0 1 1 0 0 0 1 0 0 0 0 0 0 1 1 0 0 0 0 0
images/judge/0695_1573582671.jpg 0 0 0 0 0 0 0 0 0 1 0 0 0 0 0 1 0 0 0 0 0
images/village/0347_2092383668.jpg 0 0 1 0 0 0 0 0 0 0 0 0 0 0 0 0 0 0 0 0 1
images/powerlines/0363_152650333.jpg 0 0 0 1 0 0 0 0 0 0 0 0 0 0 1 0 0 0 0 0 0
images/bridges/0204_2307693892.jpg 0 0 0 0 0 0 0 0 0 0 0 1 0 0 0 0 0 0 0 1 0
images/vehicle/0517_2634340741.jpg 0 0 0 0 0 0 0 0 0 0 0 0 1 0 0 0 0 0 1 0 1
images/boat_ship/0002_122631936.jpg 0 0 0 1 0 0 1 0 1 0 0 0 0 0 1 0 0 0 0 1 0
images/frigate/0450_72123979.jpg 0 0 0 1 0 0 1 0 1 0 0 0 0 0 1 0 0 0 0 1 0
images/tornado/0369_2457671990.jpg 0 0 0 0 0 0 0 0 0 1 0 0 0 0 0 0 0 0 0 0 1
images/house_of_worship/0008_66257277.jpg 0 0 1 0 0 0 0 0 0 0 0 0 0 0 1 0 0 0 0 0 1
images/rice/0347_1862573938.jpg 0 0 0 1 0 1 0 0 0 0 1 0 0 0 1 0 0 1 0 0 0
images/writing/0446_1927029318.jpg 0 0 0 0 0 0 0 0 0 1 0 0 0 0 0 0 0 0 0 0 0
images/tugboat/0258_1959180775.jpg 0 0 0 0 0 0 1 0 1 0 0 0 0 0 1 0 1 0 1 1 0
images/waterways/0351_2763409969.jpg 0 1 0 1 0 0 1 0 1 0 0 0 0 0 1 0 0 0 0 1 0
images/branch/0339_2513791171.jpg 0 1 1 1 0 0 0 0 0 0 0 0 0 0 0 0 0 0 0 0 0
images/gate/0232_2235805060.jpg 0 0 0 1 0 0 0 0 0 0 0 0 0 0 1 0 1 0 0 0 0
images/embassy/0269_154313550.jpg 0 0 0 0 1 0 0 0 0 0 0 0 0 0 0 0 0 0 0 0 0
images/canal/0374_470547391.jpg 0 0 0 1 0 1 0 1 0 0 0 1 0 0 1 0 0 0 0 1 0
images/frigate/0572_2441926885.jpg 0 0 0 1 0 0 0 0 0 0 0 0 0 0 1 0 0 0 0 1 0
images/marine/0232_1186395060.jpg 0 1 0 1 0 0 1 0 1 0 0 0 0 1 1 0 0 0 0 1 0
images/museum/0393_2202341841.jpg 0 0 0 1 0 0 0 0 0 0 0 0 0 0 1 1 0 0 0 0 0
images/entrance/0064_2133432686.jpg 0 0 0 1 0 0 0 0 0 0 0 0 0 0 1 0 0 0 0 0 0
images/sailboat/0253_542465644.jpg 0 1 0 1 0 0 1 0 1 1 0 0 0 0 1 0 0 0 0 1 0
images/grassland/0002_1029265332.jpg 0 0 0 1 0 1 0 0 0 0 0 0 0 0 1 0 1 0 0 0 0
images/pickup_truck/0360_2519225184.jpg 0 0 0 0 0 0 0 0 0 1 0 0 0 0 0 0 0 0 0 0 1
images/marsh/0538_127650770.jpg 0 0 0 1 0 0 0 0 1 0 1 0 0 0 1 0 0 0 0 0 0
images/cows/0301_2415927743.jpg 1 0 0 0 0 0 0 0 0 0 0 0 0 0 1 0 0 0 0 0 0
images/lakes/0422_1016647295.jpg 0 0 1 1 0 0 1 1 0 0 0 1 0 1 1 0 0 0 0 1 0
images/photographers/0344_2677757135.jpg 0 1 0 0 0 0 0 0 0 0 0 0 0 0 0 0 0 0 0 1 0
images/cityscape/0465_2277149598.jpg 0 0 1 1 0 0 0 0 1 0 0 0 0 0 1 0 0 0 0 0 0
images/harbor/0259_231609779.jpg 0 0 0 0 0 0 0 0 0 0 0 0 0 0 1 0 0 0 0 1 0
images/empire_state/0556_175992180.jpg 0 0 1 1 0 0 0 0 0 0 0 0 0 0 1 0 0 0 0 0 0
images/turn/0554_534419552.jpg 0 0 0 1 0 0 0 0 0 0 0 0 0 0 1 0 1 0 0 0 0
images/urban_scenes/0262_2590290546.jpg 0 0 0 0 0 0 0 0 0 1 0 0 1 0 0 0 0 0 1 0 0
images/snake/0410_2697282449.jpg 1 0 0 0 0 0 0 0 0 0 0 0 1 0 0 0 0 0 0 0 0
images/stream/0332_2249151329.jpg 0 0 0 0 0 0 1 0 0 0 1 0 0 0 1 1 0 0 0 1 0
images/observation_tower/0353_2663023240.jpg 0 0 0 1 0 1 0 0 0 0 1 0 0 0 1 0 0 0 0 0 0
images/warehouse/0290_2049973668.jpg 0 0 1 0 0 0 0 0 0 0 0 0 0 0 1 0 0 0 0 0 1
images/dust/0307_430254105.jpg 0 1 0 1 0 0 0 0 0 0 0 0 0 0 0 0 0 0 0 1 0
images/aircraft_carrier/0086_82409805.jpg 0 0 0 1 0 0 1 0 0 0 0 0 0 0 1 0 0 0 1 1 0
images/cityscape/0033_27674823.jpg 0 0 1 1 0 0 0 0 0 0 0 1 0 0 1 0 0 0 0 1 0
images/ladder/0260_604002918.jpg 0 0 0 0 0 0 0 0 0 0 1 0 0 0 1 0 0 1 0 0 0
images/formation/0526_540950573.jpg 0 0 0 0 0 0 0 0 0 0 0 0 0 0 1 0 0 0 0 0 0
images/islands/0398_465540066.jpg 0 0 0 0 0 0 1 0 1 0 0 0 0 0 1 0 0 0 0 1 0
images/land/0232_2377633074.jpg 0 1 0 1 0 0 0 0 0 0 0 0 1 1 1 0 0 0 0 1 0
images/pavilions/0004_178774724.jpg 0 0 0 0 0 0 0 0 0 1 0 0 0 0 0 0 0 0 1 0 0
images/runway/0365_417046376.jpg 0 0 0 1 0 0 0 0 0 0 0 0 0 0 1 0 0 0 1 0 0
images/texture/0503_2103723142.jpg 0 0 0 0 0 1 0 0 0 0 1 0 0 0 1 0 0 1 0 0 0
images/barge/0001_1366932744.jpg 0 0 0 1 0 0 1 0 1 0 0 0 0 0 1 0 1 0 0 1 0
images/grizzly/0568_273918138.jpg 1 0 0 0 0 0 0 0 0 0 0 0 0 0 0 0 0 0 0 0 0
images/suburban/0505_2088641639.jpg 0 0 0 0 0 0 0 0 0 1 0 0 0 0 0 1 0 0 0 0 0
images/hangar/0694_477920646.jpg 0 1 0 1 0 0 1 1 1 0 0 0 0 0 1 0 0 0 0 1 0
images/hill/0445_2588699452.jpg 0 0 0 0 0 1 0 0 0 0 1 0 0 0 0 0 0 0 0 0 0
images/porches/0370_2146899745.jpg 0 0 1 0 0 0 0 0 0 0 0 0 0 0 0 0 0 0 0 0 1
images/skiing/0294_2596559171.jpg 0 0 0 0 0 0 0 0 0 0 0 0 0 0 1 1 0 0 0 0 0
images/clock_tower/0260_1990127444.jpg 0 0 0 0 0 0 0 0 0 0 0 0 0 0 1 0 0 0 0 0 0
images/construction_site/0008_2285488575.jpg 0 0 0 0 0 0 0 0 0 0 0 0 0 0 1 0 1 0 0 0 0
images/rocks/0218_1319102546.jpg 0 0 0 1 0 0 1 0 1 0 0 0 0 1 1 0 0 0 0 1 0
images/baseball/0237_1185008743.jpg 0 0 0 1 0 1 0 0 0 1 0 0 0 0 1 0 0 0 0 0 0
images/bengal/0288_518809020.jpg 1 0 0 0 0 0 0 0 0 0 0 0 0 0 0 0 0 0 0 0 0
images/grizzly/0213_2642396125.jpg 1 0 0 0 0 0 0 0 1 0 0 0 0 0 0 0 0 0 0 0 0
images/ceremony/0401_318239490.jpg 0 0 0 0 0 0 0 0 0 1 0 0 0 0 0 0 0 0 0 1 0
images/submarine/0691_2545528738.jpg 0 0 0 1 0 0 0 0 0 0 0 0 0 0 0 0 0 0 1 1 0
images/tulip/0565_2388032624.jpg 0 0 0 0 1 0 0 0 0 0 1 0 0 0 0 0 0 0 0 0 0
images/cockpit/0491_2293359965.jpg 0 0 0 1 0 0 0 0 0 0 0 0 0 0 1 0 0 0 0 0 0
images/sunrise/0551_140275488.jpg 0 0 0 0 0 0 0 0 0 0 0 0 0 0 0 0 0 1 0 0 0
images/lawn/0253_2308018293.jpg 0 0 0 0 1 0 0 0 0 0 1 0 0 0 0 0 0 0 0 0 0
images/vegetation/0550_127091139.jpg 0 0 0 1 1 1 0 0 0 0 1 0 0 0 1 0 0 0 0 0 0
images/basket/0498_2413214578.jpg 0 0 0 0 0 0 0 0 0 0 0 0 0 0 0 0 0 0 0 0 1
images/gas_station/0572_143633832.jpg 0 0 1 0 0 0 0 0 0 0 1 0 1 0 0 0 0 0 0 0 1
images/suits/0628_249459449.jpg 0 0 0 0 0 0 0 0 0 0 0 0 1 0 0 0 0 0 0 0 0
images/plain/0473_54692131.jpg 0 0 0 0 0 0 0 1 0 0 0 0 0 0 1 1 0 0 0 0 0
images/entrance/0511_2334249929.jpg 0 0 0 0 0 0 0 0 0 1 0 0 0 0 0 0 0 0 0 0 0
images/seals/0324_2713299149.jpg 1 1 0 0 0 0 0 0 1 0 0 0 0 0 0 0 0 0 0 1 0
images/car_racing/0440_2432458407.jpg 0 0 0 0 0 0 0 0 0 0 0 0 1 0 0 0 0 0 0 0 0
images/star/0394_393122041.jpg 0 0 0 0 1 0 0 0 0 0 1 0 0 0 0 0 0 0 0 0 0
images/dock/0589_982250119.jpg 0 0 0 1 0 0 1 0 0 0 0 0 0 0 1 0 1 0 0 1 0
images/close-up/0587_154872981.jpg 1 0 0 0 0 0 0 0 0 0 0 0 0 0 0 0 0 0 0 0 0
images/rapids/0229_2547443407.jpg 0 0 0 0 0 0 1 0 0 0 0 1 0 0 1 0 0 1 0 1 0
images/lynx/0262_353750768.jpg 1 0 0 0 0 0 0 0 0 0 0 0 0 0 0 1 0 0 0 0 0
images/tornado/0557_74812190.jpg 0 0 0 1 0 0 0 0 0 0 0 0 0 0 1 0 0 1 0 0 0
images/canal/0368_1732465445.jpg 0 0 0 1 0 0 1 0 0 0 0 1 0 0 0 0 0 0 0 1 0
images/pond/0488_491249612.jpg 0 0 0 1 0 0 1 0 0 0 1 1 0 0 1 0 1 0 0 1 0
images/formation/0490_1358183612.jpg 0 1 0 1 0 0 1 0 1 0 0 0 0 1 1 0 0 0 0 1 0
images/warehouse/0494_2248745141.jpg 0 0 0 1 0 0 0 0 0 0 0 0 0 0 1 0 0 0 0 0 0
images/moss/0673_2313616552.jpg 0 0 0 0 0 0 1 0 0 0 0 0 0 1 1 0 0 0 0 0 0
images/sitting/0456_1030210621.jpg 0 0 0 0 0 0 0 0 0 1 0 0 0 0 0 0 0 0 0 0 1
images/dunes/0515_2084897588.jpg 0 0 0 1 0 1 0 0 0 0 1 0 1 0 1 0 0 0 0 0 0
images/congressman/0182_2258140616.jpg 0 0 0 0 0 0 0 0 0 1 0 0 0 0 0 0 0 0 0 0 0
images/camels/0491_2223309071.jpg 1 1 0 1 0 0 0 0 1 0 0 0 0 0 0 0 0 0 0 1 0
images/palm/0595_767279480.jpg 0 1 0 1 0 0 0 0 1 0 0 0 0 0 1 0 0 0 0 1 0
images/golf_course/0419_299048945.jpg 0 0 0 0 0 1 0 0 0 0 1 0 0 0 0 0 0 1 0 0 0
images/landscape/0489_287066819.jpg 0 1 0 1 0 0 1 0 0 0 0 0 0 0 0 0 1 0 0 1 0
images/autumn/0499_433963335.jpg 0 0 0 0 0 1 0 0 0 0 0 0 0 0 0 0 0 0 0 0 0
images/golf_course/0215_2535097668.jpg 0 1 0 1 0 0 0 0 0 0 0 0 0 0 1 0 0 0 0 0 0
images/relief/0402_183114367.jpg 0 0 0 0 0 0 1 0 0 0 0 0 0 0 1 0 0 0 0 0 0
images/freighter/0078_1228362885.jpg 0 0 0 0 0 0 1 0 1 0 0 0 0 0 0 0 0 0 0 1 0
images/ties/0314_34982092.jpg 0 0 0 0 0 0 0 0 0 0 0 0 0 0 1 0 0 0 0 0 0
images/golf/0207_1398224109.jpg 0 0 0 1 0 1 0 0 0 0 0 0 0 0 1 0 1 0 0 0 0
images/perch/0452_449873040.jpg 0 0 0 0 0 0 0 0 0 1 0 0 0 0 0 0 0 1 0 0 1
images/dogs/0359_79977304.jpg 1 0 0 0 0 1 0 0 0 0 0 0 0 0 0 0 0 0 0 0 0
images/monument/0261_525546816.jpg 0 0 1 1 0 1 0 0 0 0 1 0 0 0 1 0 0 0 0 0 0
images/crowd/0527_1001528610.jpg 0 0 0 0 0 0 0 0 0 1 0 0 0 0 1 0 0 0 0 0 0
images/pond/0498_99582258.jpg 0 0 0 1 0 0 1 0 0 0 1 1 0 0 1 0 1 0 0 1 0
images/vehicle/0340_561008161.jpg 0 0 0 0 1 1 0 0 0 0 0 0 0 0 0 0 0 0 1 0 1
images/canoe/0433_2728763222.jpg 0 0 0 1 0 0 1 0 1 0 0 0 0 0 0 0 0 0 0 1 0
images/bay/0346_463510166.jpg 0 0 0 1 0 0 0 0 1 0 0 0 0 0 1 0 1 0 0 1 0
images/dog/0599_321726700.jpg 1 0 0 0 0 1 0 0 0 0 0 0 0 0 0 0 0 0 0 0 0
images/black/0258_236128524.jpg 0 0 0 1 0 0 0 0 1 0 0 1 0 0 1 0 0 0 0 1 0
images/subway_station/0502_2734857736.jpg 0 0 0 0 0 0 0 0 0 1 0 0 0 0 0 0 0 0 0 0 1
images/marsh/0221_2544016321.jpg 0 0 0 1 0 1 1 0 0 0 1 0 0 0 1 0 0 0 0 0 0
images/ship/0473_2520057378.jpg 0 0 0 1 0 0 1 0 1 0 0 1 0 0 1 0 1 0 1 1 0
images/iguana/0386_2214897958.jpg 1 0 0 0 0 0 0 0 0 0 0 0 0 0 0 0 0 0 0 1 0
images/grass/0243_116710299.jpg 0 0 0 1 0 1 1 1 0 0 0 0 0 1 1 0 0 0 0 1 0
images/ship/0503_2396518552.jpg 0 0 0 1 0 0 0 0 1 0 0 0 0 0 1 0 0 0 1 1 0
images/swimmer/0465_98540721.jpg 0 0 0 0 0 0 0 0 0 1 0 0 0 0 0 0 0 0 0 0 0
images/formula/0396_608077706.jpg 0 0 0 0 0 0 0 0 0 0 0 0 1 0 1 0 0 0 0 0 0
images/aerial/0027_379038203.jpg 0 0 0 1 0 0 0 1 0 0 0 0 0 1 1 1 1 0 0 0 0
images/car_racing/0096_2446861311.jpg 0 0 0 0 0 0 0 0 0 0 0 0 0 0 0 0 0 0 1 0 1
images/orchid/0247_2746575708.jpg 0 0 0 0 1 0 0 0 0 0 1 0 0 0 0 0 0 0 0 0 0
images/fall/0578_1560916521.jpg 0 0 0 0 0 0 0 0 0 0 0 0 0 0 0 0 0 1 0 0 0
images/rocks/0496_896545548.jpg 0 1 0 1 0 0 1 0 0 0 0 1 0 1 1 0 0 0 0 1 0
images/flags/0367_2602790157.jpg 0 0 0 1 0 0 0 0 1 0 0 0 0 0 1 0 0 0 1 1 0
images/skiing/0092_78125081.jpg 0 0 0 0 0 0 0 0 0 1 1 0 0 0 0 1 0 0 0 0 0
images/pattern/0414_171841929.jpg 1 0 0 0 0 0 0 0 0 0 0 0 0 0 0 0 0 0 0 0 0
images/outdoor/0556_340320037.jpg 1 0 0 1 0 0 0 0 0 0 0 0 0 0 1 0 1 0 0 0 0
images/seals/0037_2544073138.jpg 0 0 0 1 0 0 0 0 0 0 0 0 0 0 1 0 0 0 0 1 0
images/remains/0556_473983946.jpg 0 0 0 0 0 1 0 0 0 0 0 0 0 0 0 0 0 1 0 0 0
images/buildings/0323_462036771.jpg 0 0 0 1 0 0 0 0 0 0 0 0 0 0 1 0 0 0 0 0 0
images/road_block/0577_2385909111.jpg 0 0 0 0 0 0 0 0 0 0 0 0 1 0 0 0 0 1 0 1 0
images/tundra/0453_618816362.jpg 0 0 0 0 0 1 0 0 0 0 0 0 0 0 0 0 0 0 1 0 1
images/dock/0370_846140867.jpg 0 1 0 1 0 0 1 0 1 0 0 1 0 0 1 0 1 0 0 1 0
images/reflection/0027_738624865.jpg 0 0 1 0 0 1 0 0 0 1 0 0 0 0 0 0 0 0 0 0 1
images/vehicle/0272_183156669.jpg 0 0 0 0 0 0 0 0 0 0 0 0 1 0 0 0 0 0 1 0 0
images/row/0322_2686166473.jpg 0 0 0 1 0 0 1 0 1 0 0 1 0 0 1 0 0 0 0 1 0
images/kauai/0565_490875632.jpg 0 0 0 0 0 0 1 0 1 0 0 0 0 1 0 0 0 0 0 1 0
images/birds/0583_1954447569.jpg 1 0 0 1 0 0 0 0 0 0 0 0 0 0 1 0 0 0 0 1 0
images/backpackers/0008_500742674.jpg 0 0 0 1 0 0 1 1 0 0 0 0 0 0 1 1 0 0 0 0 0
images/glacier/0212_2202959038.jpg 0 0 0 1 0 0 1 1 1 0 0 1 0 0 1 1 0 0 0 1 0
images/flood/0294_414292929.jpg 0 0 0 0 0 0 1 0 0 0 0 0 0 0 0 0 0 0 0 1 0
images/jeep/0534_82659171.jpg 0 0 0 0 0 0 0 0 0 0 0 0 0 0 0 0 0 0 1 0 0
images/cheering/0659_2462373935.jpg 0 0 0 0 0 0 0 0 0 1 0 0 0 0 0 0 0 0 0 0 0
images/girl/0027_454167410.jpg 0 0 0 0 0 0 0 0 0 1 0 0 0 0 0 0 0 0 0 0 0
images/moss/0246_1490796217.jpg 0 0 0 0 0 1 0 0 0 0 1 0 0 0 0 0 0 0 0 0 0
images/zoos/0412_2634102481.jpg 1 0 0 0 0 0 0 0 0 0 0 0 0 0 1 0 0 0 0 0 0
images/locomotive/0095_306748322.jpg 0 0 0 0 0 0 0 0 0 0 0 0 1 0 1 1 0 0 1 1 0
images/palm/0284_1386836899.jpg 0 0 0 1 0 0 0 0 0 0 0 0 0 0 1 0 1 0 0 0 0
images/empire_state/0591_335448393.jpg 0 0 1 0 0 0 0 0 0 0 0 0 0 0 1 0 0 0 0 0 1
images/river_bank/0343_1422735792.jpg 0 0 0 0 0 0 0 0 0 0 0 0 0 0 0 0 0 0 0 1 0
images/elephants/0452_2613187938.jpg 1 0 0 0 0 0 0 0 0 0 0 0 0 0 0 0 0 0 0 0 0
images/empire_state/0234_1989192238.jpg 0 0 1 1 0 0 0 0 0 0 0 0 0 0 1 0 1 0 0 0 0
images/motorcycle/0066_2226576042.jpg 0 0 0 0 0 0 0 0 0 1 0 0 1 0 1 0 0 0 0 0 0
images/volcano/0098_639596829.jpg 0 0 0 1 0 0 0 1 0 0 0 0 0 1 1 0 0 0 0 0 0
images/cubs/0311_2425328556.jpg 0 0 0 0 0 0 0 0 0 1 0 0 0 0 0 0 0 0 0 0 0
images/submarine/0308_2574974556.jpg 0 0 0 1 0 0 0 0 0 1 0 0 0 0 0 0 0 0 0 1 0
images/mist/0335_859431016.jpg 0 0 0 1 0 0 0 1 0 0 0 0 0 1 1 0 0 0 0 1 0
images/officers/0497_962776459.jpg 0 0 0 0 0 0 0 0 0 1 0 0 1 0 0 0 0 0 1 0 0
images/african/0255_2312862863.jpg 1 0 0 0 0 0 0 0 0 0 0 0 0 0 0 0 0 0 0 0 0
images/sidewalks/0457_2608728493.jpg 0 0 1 0 0 0 0 0 0 0 0 0 1 0 0 0 0 0 0 0 1
images/pavilions/0326_2597316986.jpg 0 0 0 0 0 0 0 0 0 0 0 0 0 0 0 0 0 0 0 0 1
images/fence/0500_2094043900.jpg 0 0 0 0 0 1 0 0 0 0 0 0 0 0 1 0 0 1 0 0 0
images/locomotive/0240_515233245.jpg 0 0 0 0 0 1 0 0 0 0 0 0 0 0 0 0 0 0 1 0 0
images/office_building/0683_1464985925.jpg 0 0 1 1 0 0 0 0 0 0 0 0 0 0 1 0 0 0 0 0 0
images/tanker/0336_436164402.jpg 0 0 0 1 0 0 1 0 1 0 0 0 0 0 0 0 0 0 0 0 0
images/houseboat/0026_184641651.jpg 0 0 0 1 0 0 1 0 0 1 0 1 0 0 1 0 1 0 0 1 0
images/kauai/0284_16807701.jpg 1 0 0 0 0 0 0 0 1 0 0 0 0 0 0 0 0 0 0 1 0
images/hills/0262_429088681.jpg 0 0 0 1 0 0 1 0 0 0 0 1 0 1 0 0 0 0 0 1 0
images/streets/0288_325267986.jpg 0 0 1 0 0 0 0 0 0 0 0 0 1 0 1 0 0 0 0 0 1
images/cheering/0656_2426099187.jpg 0 0 0 0 0 1 0 0 0 1 0 0 0 0 0 0 0 0 0 0 0
images/tugboat/0088_449358259.jpg 0 0 0 1 0 0 1 0 1 0 0 0 0 0 1 0 0 0 0 0 0
images/bride/0480_2364840365.jpg 0 1 0 1 0 0 1 0 0 1 0 0 0 0 1 0 1 0 0 0 0
images/ship/0259_1541898194.jpg 0 0 1 1 0 0 1 0 0 0 0 1 0 0 1 0 1 0 0 1 0
images/skiing/0379_421403778.jpg 0 0 0 1 0 0 0 1 0 0 0 0 0 0 1 1 0 0 0 0 0
images/kauai/0257_369080240.jpg 1 0 0 0 0 0 0 0 0 0 0 0 0 0 1 0 0 0 0 0 0
images/ice/0447_2132078557.jpg 0 0 0 0 0 0 0 0 0 0 0 0 0 0 0 1 0 1 0 0 0
images/vines/0343_2284257007.jpg 0 0 0 0 0 1 0 0 0 0 0 0 0 0 0 0 0 0 0 0 0
images/sphinx/0324_2656709420.jpg 1 0 0 0 1 0 0 0 0 0 1 0 0 0 0 0 0 0 0 0 0
images/moss/0075_1896174657.jpg 0 0 0 1 0 0 0 0 0 0 0 0 0 1 1 0 0 0 0 1 0
images/rockface/0366_1594612833.jpg 0 0 0 1 0 0 0 1 0 0 0 0 0 1 1 0 0 0 0 0 0
images/marsh/0371_2314510709.jpg 0 0 0 1 0 1 1 0 0 0 0 1 0 0 1 0 0 0 0 1 0
images/harbor/0575_2191097440.jpg 0 0 1 1 0 0 0 0 0 0 0 0 0 1 1 0 0 0 0 1 0
images/river_bank/0432_1758561491.jpg 0 0 0 0 0 0 0 0 0 0 0 0 0 0 0 0 0 0 0 0 1
images/cooling_tower/0484_803978647.jpg 0 0 0 0 0 1 0 0 0 0 0 0 0 0 1 0 0 0 0 0 0
images/greenhouse/0488_443654968.jpg 0 0 0 0 0 0 0 0 0 1 0 0 0 0 0 0 0 0 0 0 0
images/cactus/0205_2512664689.jpg 0 0 0 0 1 0 0 0 0 0 1 0 0 0 0 0 0 0 0 0 0
images/path/0581_2268215835.jpg 0 0 0 0 0 1 0 0 0 0 0 0 0 0 0 0 1 0 0 0 0
images/rice/0595_477316063.jpg 0 0 0 0 0 0 0 0 0 0 0 0 0 0 0 0 0 0 1 0 0
images/kauai/0256_476746302.jpg 0 0 0 1 0 0 1 0 1 0 0 0 0 0 1 0 0 0 0 1 0
images/sunset/0537_469374465.jpg 0 0 0 1 0 0 0 0 0 0 0 0 1 0 1 0 1 0 0 0 0
images/frost/0569_2337384898.jpg 0 0 0 0 0 0 0 0 0 0 0 0 0 0 1 1 0 0 0 0 0
images/formula/0091_1252777242.jpg 0 0 0 0 0 0 0 0 0 0 0 0 0 0 0 0 0 0 1 0 0
images/white-tailed/0327_256927114.jpg 1 0 0 0 0 1 0 0 0 0 1 0 0 0 0 0 0 0 0 0 0
images/meeting/0026_2445311574.jpg 0 0 0 1 0 0 0 0 0 0 0 0 0 0 1 0 0 0 0 0 0
images/autumn/0561_1910062846.jpg 0 0 0 0 0 0 1 0 0 0 0 1 0 0 0 0 0 1 0 1 0
images/church/0348_140297420.jpg 0 0 1 0 0 0 0 0 0 0 0 0 0 0 1 0 0 0 0 0 1
images/helicopters/0224_251972586.jpg 0 0 0 0 0 0 0 0 0 0 0 0 0 0 0 0 0 0 1 0 0
images/backpack/0330_604177902.jpg 0 0 0 1 1 1 0 0 0 0 0 0 0 0 0 0 0 0 0 0 0
images/sky/0044_115883148.jpg 0 0 0 0 0 0 0 0 0 0 1 0 0 0 1 0 0 1 0 0 0
images/canoe/0479_260185403.jpg 0 0 0 1 0 0 1 0 0 1 0 0 0 0 1 1 0 0 0 1 0
images/petals/0425_2068174802.jpg 0 0 0 0 1 0 0 0 0 0 1 0 0 0 0 0 0 0 0 0 0
images/toll_booth/0290_176455917.jpg 0 0 0 1 0 0 0 0 0 0 0 0 1 0 1 0 0 0 0 0 0
images/oahu/0448_22526188.jpg 0 1 0 1 0 0 0 0 1 1 0 0 0 0 1 0 0 0 0 1 0
images/camels/0503_431233296.jpg 0 0 0 0 0 0 0 0 0 0 0 0 0 1 1 0 0 0 0 0 0
images/fields/0213_53967157.jpg 0 0 0 1 0 1 0 0 0 0 0 0 1 0 1 0 0 0 0 0 0
images/water_tower/0658_198152950.jpg 0 0 1 1 0 0 0 0 0 0 0 0 0 0 1 0 0 0 0 0 1
images/stems/0206_354777204.jpg 0 0 1 0 0 0 0 0 0 0 0 0 0 0 1 0 0 0 0 0 0
images/row/0406_2567976901.jpg 0 0 0 0 0 0 1 0 0 1 0 1 0 0 0 0 1 0 0 0 0
images/sunny/0598_2592662709.jpg 0 0 0 0 0 1 1 0 0 0 1 1 0 0 0 0 0 0 0 0 0
images/road_block/0545_465802372.jpg 0 0 0 0 0 0 0 0 0 0 0 0 0 0 0 0 0 0 1 0 0
images/wolf/0565_307203254.jpg 1 0 0 0 0 0 0 0 0 0 0 0 0 0 0 0 0 0 0 0 0
images/lawn/0049_2301529304.jpg 0 0 0 1 0 0 0 1 0 0 0 0 0 0 1 0 0 1 0 0 0
images/coast/0213_369130172.jpg 0 1 0 0 0 0 0 0 0 0 0 0 0 0 0 0 0 0 0 0 0
images/underpass/0011_438848044.jpg 0 0 0 0 0 0 0 0 0 1 0 0 0 0 0 0 0 0 0 0 0
images/avalanche/0558_2493827744.jpg 0 0 0 0 0 0 0 1 0 0 0 0 0 0 0 1 0 0 0 0 0
images/booby/0578_143575281.jpg 1 1 0 1 0 0 0 0 1 0 0 0 0 0 1 0 0 0 0 1 0
images/spider/0272_739210385.jpg 1 0 0 0 0 0 0 0 0 0 0 0 0 0 0 0 0 0 0 0 0
images/wolf/0320_1781554151.jpg 1 0 0 1 0 0 0 0 0 0 0 0 0 0 0 0 0 0 0 0 0
images/tree/0346_306275119.jpg 0 0 0 1 0 0 0 0 0 0 1 0 0 0 0 0 0 1 0 1 0
images/machine_guns/0508_1133753726.jpg 0 0 0 0 0 0 0 0 0 1 0 0 0 0 0 0 0 0 0 0 0
images/tugboat/0598_174023417.jpg 0 0 1 1 0 0 0 0 0 0 0 0 0 0 1 0 0 0 1 1 0
images/chapel/0455_2269780394.jpg 0 0 1 0 0 0 1 0 1 0 0 1 0 1 1 0 0 0 0 1 0
images/desert/0233_430556437.jpg 0 0 0 1 0 0 0 0 0 0 0 0 0 1 1 0 0 0 0 0 0
images/television_tower/0638_378090832.jpg 0 0 0 1 0 0 0 0 0 0 0 0 0 0 1 0 0 0 0 0 0
images/truck/0362_2719357075.jpg 0 0 0 0 0 0 0 0 0 0 0 0 0 0 0 0 0 0 1 0 0
images/avalanche/0431_349550479.jpg 0 1 0 1 0 0 0 0 1 0 0 0 0 1 1 1 0 0 0 1 0
images/urban_scenes/0576_2307332270.jpg 0 0 1 0 0 0 0 0 0 0 0 0 0 0 0 0 0 0 0 0 0
images/sitting/0251_1710673572.jpg 1 0 0 0 0 0 0 0 0 0 0 0 0 0 0 0 0 0 0 0 0
images/volcano/0327_2643490796.jpg 0 0 0 1 0 0 1 0 0 0 0 1 0 1 1 1 0 0 0 1 0
images/sun/0599_2113620762.jpg 0 1 0 1 0 0 1 0 1 0 0 0 0 0 1 0 1 0 0 1 0
images/tundra/0404_148530379.jpg 0 0 0 1 0 0 0 0 1 0 0 0 0 1 1 0 0 0 0 1 0
images/cheerleader/0537_133999936.jpg 0 0 0 0 0 0 0 0 0 1 0 0 0 0 0 0 0 0 0 0 0
images/tundra/0545_50646628.jpg 0 0 0 1 0 0 1 0 1 0 0 0 0 0 0 0 0 0 0 1 0
images/building/0370_467874126.jpg 0 0 1 0 0 0 0 0 0 0 0 1 0 0 1 0 0 0 0 1 0
images/barge/0294_600785690.jpg 0 0 0 1 0 0 1 0 0 0 0 0 0 0 1 0 0 0 0 1 0
images/buddhist/0359_503496971.jpg 0 0 1 0 0 1 0 0 0 0 1 0 0 0 1 0 0 0 0 0 0
images/herd/0287_578942428.jpg 1 0 0 0 0 0 0 0 0 0 0 0 0 0 0 0 0 0 0 0 0
images/politics/0478_935860032.jpg 0 0 0 0 0 0 0 0 0 1 0 0 0 0 0 0 0 0 0 0 0
images/giant/0225_2373943735.jpg 0 0 0 1 0 0 0 0 1 0 0 0 0 0 1 0 1 0 0 1 0
images/pillar/0565_2626307267.jpg 0 0 0 0 0 0 0 1 0 0 0 0 0 0 1 0 0 0 0 0 0
images/pagoda/0378_114421457.jpg 0 0 0 0 0 0 0 0 0 1 0 0 0 0 0 0 0 0 0 0 0
images/submarine/0362_431263250.jpg 0 0 0 1 0 0 1 0 1 0 0 0 0 0 1 0 0 0 0 1 0
images/bench/0519_2576681403.jpg 1 0 0 1 0 0 0 0 0 0 0 0 0 0 0 0 0 0 0 0 0
images/orchid/0248_874926126.jpg 1 0 0 0 0 0 0 0 0 0 1 0 0 0 0 0 0 0 0 0 0
images/mosques/0564_158595277.jpg 0 0 0 0 0 0 0 0 0 0 0 0 0 0 1 0 0 0 1 0 0
images/airplane/0453_24988089.jpg 0 0 0 1 0 0 0 0 1 0 0 0 0 0 1 0 0 0 0 1 0
images/parade/0262_485323695.jpg 0 0 0 0 0 0 0 0 0 1 0 0 1 0 0 0 0 0 0 0 0
images/cliff/0356_2399806383.jpg 0 1 0 1 0 0 1 0 1 0 0 0 0 1 1 1 0 0 0 1 0
images/capital/0009_1276848808.jpg 0 0 1 1 0 0 0 0 0 0 0 0 0 0 1 0 0 0 0 1 0
images/cooling_tower/0495_1463626264.jpg 0 0 1 1 0 1 0 0 0 0 1 0 0 0 1 0 0 0 0 0 0
images/storms/0364_88125919.jpg 0 0 0 1 0 1 0 1 0 0 1 0 0 0 1 0 0 0 0 0 0
images/sails/0086_511326359.jpg 0 0 0 1 0 0 0 0 0 0 0 0 0 0 1 0 0 0 0 0 1
images/skiing/0080_352688628.jpg 0 0 0 1 0 0 0 1 0 0 0 0 0 0 1 1 0 0 0 0 0
images/bay/0041_708766352.jpg 0 0 0 1 0 0 0 0 0 0 0 0 0 0 1 0 1 0 0 1 0
images/clouds/0057_277433885.jpg 0 0 0 1 0 0 0 1 0 0 0 0 0 0 1 0 1 0 0 0 0
images/arctic/0049_388165419.jpg 0 0 0 1 0 0 0 1 1 0 0 0 0 1 1 1 0 0 0 1 0
images/head/0093_394696674.jpg 1 0 0 1 0 0 0 0 0 0 0 0 0 0 1 0 0 0 0 0 0
images/warehouse/0242_2409281222.jpg 0 0 0 0 0 0 0 0 0 1 0 0 0 0 0 0 0 0 0 1 0
images/turn/0443_406169849.jpg 0 0 0 0 0 0 0 0 0 0 1 0 1 0 1 0 0 0 0 0 0
images/islands/0595_2228470983.jpg 0 0 0 0 0 0 0 0 0 0 0 0 0 0 1 0 0 0 0 0 0
images/cats/0494_321772163.jpg 1 0 0 0 0 0 0 0 0 0 0 0 0 0 0 0 0 0 0 1 0
images/white_house/0476_136354984.jpg 0 0 1 1 0 0 0 0 0 0 0 0 0 0 1 0 0 0 0 0 1
images/doorway/0389_2165391533.jpg 0 0 0 1 0 0 1 0 0 0 0 1 0 0 0 0 0 0 0 1 0
images/throwing/0334_2412417537.jpg 0 0 0 0 0 0 0 0 0 1 0 0 0 0 0 0 0 0 0 1 0
images/formula/0018_101557975.jpg 0 0 0 0 0 0 0 0 0 0 0 0 1 0 0 0 0 0 1 0 0
images/nighttime/0479_437914856.jpg 0 0 0 0 0 0 0 0 0 0 0 0 1 0 0 0 0 0 0 0 0
images/perch/0508_2468092627.jpg 0 0 0 1 0 0 0 0 0 0 0 0 0 0 1 0 0 0 0 0 0
images/car_racing/0504_243865301.jpg 0 0 0 0 0 1 0 0 0 0 0 0 1 0 0 0 0 0 0 0 0
images/chairs/0357_857511456.jpg 0 0 0 0 0 1 0 0 0 0 0 0 0 0 0 0 0 0 0 0 1
images/glacier/0203_123996718.jpg 0 0 0 1 0 0 1 0 0 0 0 0 0 1 1 0 0 0 0 1 0
images/fish/0543_2203210689.jpg 1 0 0 0 0 0 1 0 0 0 0 0 0 0 0 0 0 0 0 1 0
images/hawaii/0205_225121699.jpg 0 1 1 1 0 0 1 0 1 0 0 0 0 0 1 0 0 0 0 1 0
images/politics/0037_404966283.jpg 0 0 0 1 0 0 0 0 0 0 0 0 0 0 0 1 0 1 0 0 0
images/wolf/0242_498370068.jpg 1 0 0 0 0 1 0 0 0 0 0 0 0 0 0 0 0 1 0 0 0
images/castle/0447_2065948429.jpg 0 0 1 1 0 0 0 0 1 0 0 1 0 0 0 0 1 0 0 1 0
images/child/0203_460623469.jpg 0 1 0 1 0 0 0 0 0 1 0 0 0 0 1 0 0 0 0 1 0
images/tables/0397_2112364072.jpg 0 0 0 0 1 0 0 0 0 0 1 0 0 0 0 0 0 1 0 0 0
images/harvest/0391_713205025.jpg 0 0 0 0 0 1 1 0 0 0 1 0 0 0 1 0 0 0 0 0 0
images/water_tower/0018_480442712.jpg 0 0 0 1 0 1 0 0 0 0 0 0 0 0 1 0 0 0 0 1 0
images/house/0629_378141961.jpg 0 0 0 0 0 1 0 0 0 0 0 0 0 0 1 0 0 1 0 0 0
images/volcano/0479_1427272330.jpg 0 0 0 1 0 0 0 0 0 1 0 0 0 0 0 0 0 0 0 0 0
images/lawn/0220_352444671.jpg 0 0 1 1 0 1 0 0 0 0 0 0 0 0 1 0 0 0 0 0 0
images/castle/0533_2378940033.jpg 0 0 0 1 0 0 0 0 0 0 1 0 0 0 1 0 0 1 0 0 0
images/ships/0595_2093746142.jpg 0 1 0 1 0 0 0 0 1 0 0 0 0 0 1 0 0 0 0 1 0
images/mosque/0589_2267199556.jpg 0 0 1 0 0 0 0 0 0 0 0 0 0 0 0 0 0 0 0 0 0
images/cat/0450_5929387.jpg 1 0 0 0 0 0 0 0 0 0 0 0 0 0 0 0 0 0 0 0 0
images/tundra/0347_373919994.jpg 0 0 0 1 0 0 0 0 0 0 0 0 1 0 1 1 0 0 0 0 0
images/formation/0343_253388778.jpg 0 0 0 0 0 0 0 0 0 0 0 0 0 1 1 0 0 0 0 0 0
images/tundra/0293_1004119869.jpg 0 0 0 0 1 1 0 1 0 0 1 0 0 0 1 0 0 0 0 0 0
images/boats/0432_480179768.jpg 0 0 0 1 0 0 1 0 1 0 0 0 0 0 1 0 1 0 0 1 0
images/truck/0215_2068368106.jpg 0 0 0 0 0 0 0 0 0 0 0 0 0 0 1 0 0 0 1 0 1
images/single_person/0539_2410103013.jpg 0 0 0 1 0 0 0 0 0 1 0 0 0 0 0 1 0 0 0 0 0
images/coast/0201_125597640.jpg 0 1 0 1 0 0 1 0 0 0 0 0 0 0 1 0 1 0 0 1 0
images/slope/0392_1443326139.jpg 0 0 0 1 0 1 0 1 0 0 1 0 0 0 1 0 0 0 0 0 0
images/tulip/0313_449058501.jpg 0 0 0 0 1 0 0 0 0 0 1 0 0 0 0 0 0 0 0 0 0
images/stadium/0313_1636296001.jpg 0 0 0 1 0 0 0 0 0 1 0 0 0 0 1 0 0 0 0 1 0
images/bank/0209_2056972757.jpg 0 0 0 1 0 1 0 1 0 0 0 0 0 0 1 0 1 0 0 0 0
images/herd/0416_847119583.jpg 1 0 0 1 0 0 0 0 0 0 0 0 0 0 0 0 0 0 0 0 0
images/capital/0316_2267237726.jpg 0 0 1 0 0 0 0 0 0 0 0 1 0 0 0 0 0 0 0 1 1
images/beach/0373_362623580.jpg 0 1 0 1 0 0 1 0 1 0 0 0 0 0 1 0 1 0 0 1 0
images/booby/0490_259804278.jpg 1 0 0 0 0 0 0 0 0 0 0 0 0 0 0 0 0 0 0 0 0
images/camera/0407_1778521145.jpg 0 0 0 0 0 0 0 0 0 0 0 0 0 0 1 0 1 1 0 0 0
images/cliff/0542_2402158371.jpg 0 1 0 0 0 0 1 0 0 0 0 0 0 1 1 0 0 0 0 1 0
images/saguaro/0366_352150666.jpg 0 0 0 0 0 0 0 0 0 1 1 0 0 0 1 0 0 0 0 0 0
images/blooms/0249_2644549161.jpg 0 0 0 0 1 0 0 0 0 0 0 0 0 0 0 0 0 0 0 0 0
images/facade/0426_1446906225.jpg 0 0 1 0 0 0 0 0 0 0 0 0 0 0 1 0 0 0 0 0 1
images/vegetables/0329_163323364.jpg 0 0 0 0 0 0 0 0 0 0 1 0 0 0 0 0 0 0 0 0 0
images/shops/0222_1536227396.jpg 0 0 1 1 0 0 0 0 0 0 0 0 0 0 1 0 0 0 0 1 0
images/officers/0207_2232560820.jpg 0 0 0 0 0 0 0 0 0 1 0 0 0 0 1 0 0 0 0 0 1
images/lake/0047_2132289461.jpg 0 0 0 0 0 0 1 0 0 0 0 1 0 0 1 0 0 0 0 1 0
images/chrysanthemums/0334_1698529475.jpg 0 0 0 0 1 0 0 0 0 0 1 0 0 0 0 0 0 0 0 0 0
images/outdoor/0355_432332919.jpg 0 0 0 0 0 0 0 0 0 0 0 0 0 0 0 0 0 0 0 1 1
images/shrubs/0066_2465573876.jpg 1 0 0 0 1 0 0 0 0 0 1 0 0 0 0 0 0 0 0 0 0
images/carvings/0410_570454175.jpg 0 0 0 1 0 0 0 0 0 1 0 0 0 0 1 0 0 0 0 0 0
images/land/0252_2596647436.jpg 0 0 0 1 0 1 0 0 0 0 0 0 0 1 1 0 0 0 0 1 0
images/blooms/0535_2298946275.jpg 0 0 0 0 1 0 0 0 0 0 0 0 0 0 0 1 0 0 0 0 0
images/officers/0079_26655317.jpg 0 0 0 0 0 0 0 0 0 1 0 0 1 0 0 0 0 0 0 0 0
images/river_bank/0264_1447511241.jpg 0 0 0 0 0 0 1 0 0 0 1 0 0 1 1 0 0 1 0 1 0
images/locomotive/0506_280965415.jpg 0 0 0 0 0 0 0 0 0 0 0 0 0 0 0 0 0 0 1 0 1
images/battleship/0567_580629370.jpg 0 0 1 1 0 0 0 0 0 0 0 0 0 0 0 0 0 0 0 0 0
images/art/0320_130821286.jpg 0 0 0 1 0 0 1 0 1 0 0 0 0 1 1 0 0 0 0 0 0
images/grouper/0325_2489284715.jpg 0 0 0 0 0 0 0 0 0 0 0 0 1 0 0 0 0 0 1 0 0
images/tundra/0551_62357926.jpg 0 0 0 1 0 0 0 0 0 0 1 0 0 0 1 1 1 0 0 0 0
images/dall/0328_2571653615.jpg 0 0 0 0 0 0 0 0 0 0 0 0 0 1 0 0 0 0 0 0 0
images/bay/0398_2344444323.jpg 0 1 0 1 0 0 0 0 1 0 0 0 0 0 1 1 0 0 0 1 0
images/gymnastics/0049_84734725.jpg 0 1 0 0 0 0 0 0 1 1 0 0 0 0 0 0 0 0 0 1 0
images/kauai/0049_2554270644.jpg 0 0 0 1 0 0 1 0 1 0 0 0 0 0 1 0 0 0 0 1 0
images/airplane/0535_351996984.jpg 0 0 0 1 0 0 0 0 0 0 0 0 0 0 1 0 0 0 1 0 0
images/person/0420_2109695718.jpg 0 0 0 0 0 1 0 0 0 0 1 0 0 0 1 0 0 1 0 0 0
images/smoke_stack/0413_2223839715.jpg 0 0 1 1 0 0 0 0 0 0 0 0 0 0 1 0 0 0 0 0 0
images/dust/0350_2353023952.jpg 0 0 0 1 0 0 0 1 0 0 0 0 1 0 1 0 0 0 0 0 0
images/butterfly/0426_677797004.jpg 1 0 0 0 1 0 0 0 0 0 0 0 0 0 0 0 0 0 0 0 0
images/birds/0384_274488196.jpg 1 0 0 1 0 0 0 0 0 0 0 0 0 0 1 0 0 0 0 0 0
images/clearing/0472_2169001454.jpg 0 0 0 1 0 0 0 0 0 0 0 0 0 0 1 1 0 0 0 0 0
images/tanks/0317_325937191.jpg 0 0 0 0 0 0 0 0 0 0 0 0 0 0 0 1 0 0 0 0 0
images/freighter/0462_183603156.jpg 0 0 0 0 0 0 0 0 0 1 0 0 0 0 1 0 0 0 0 0 0
images/cars/0046_2252559132.jpg 0 0 1 1 0 0 0 0 0 0 0 0 0 0 0 0 0 0 0 0 0
images/oceans/0016_1432403808.jpg 0 1 0 1 0 0 0 0 1 0 0 0 0 1 1 0 0 0 0 1 0
images/marsh/0505_2694710110.jpg 0 0 0 1 0 0 1 0 0 0 0 0 0 0 0 0 0 0 0 1 0
images/sidewalk/0416_1801144464.jpg 0 0 0 0 0 0 0 0 0 1 0 0 1 0 0 0 0 0 0 0 0
images/poppies/0277_2528792650.jpg 0 0 0 1 1 1 0 0 0 0 1 0 0 0 1 0 0 0 0 0 0
images/rockface/0488_263134442.jpg 0 0 0 1 0 0 1 1 1 0 0 0 0 0 1 0 0 0 0 1 0
images/office_building/0290_2486880577.jpg 0 0 1 0 0 0 0 0 0 0 0 0 0 0 1 0 0 0 0 0 0
images/bridges/0527_2057511598.jpg 0 0 0 1 0 0 0 0 0 0 0 0 0 0 0 0 0 0 0 1 0
images/town/0406_356947450.jpg 0 0 1 1 0 0 1 0 0 0 0 1 0 0 1 0 0 0 0 1 0
images/windy/0526_391886936.jpg 0 0 0 1 0 0 0 0 0 0 0 0 0 0 1 0 0 1 0 0 0
images/moss/0317_2123099254.jpg 0 0 0 0 0 0 0 0 0 0 0 0 0 0 0 0 0 0 0 1 0
images/bicycles/0355_72175201.jpg 0 0 0 0 0 0 0 0 0 0 0 0 0 0 0 1 0 0 0 0 0
images/tails/0223_29414754.jpg 1 0 0 0 0 0 0 0 0 0 0 0 0 0 0 0 0 0 0 0 0
images/castle/0511_1484629530.jpg 0 0 1 0 0 0 0 0 0 0 0 1 0 0 0 0 0 0 0 0 0
images/flood/0206_1631866303.jpg 0 0 0 1 0 0 0 0 0 0 0 1 0 0 1 0 0 1 0 1 0
images/courthouse/0446_541557604.jpg 0 0 0 0 0 0 0 0 0 0 0 0 0 0 0 0 0 0 0 0 1
images/lily/0585_1269441630.jpg 0 0 0 0 1 0 0 0 0 0 1 0 0 0 0 0 0 0 0 0 0
images/urban_scenes/0037_375498463.jpg 0 0 0 1 0 0 1 0 1 0 0 0 0 0 1 0 1 0 0 1 0
images/muslims/0451_2364399987.jpg 0 0 0 1 1 0 0 0 0 0 0 0 1 0 1 0 0 0 0 0 0
images/clouds/0058_240668685.jpg 0 1 0 1 0 0 0 0 1 0 0 0 0 1 1 0 0 0 0 1 0
images/giraffe/0031_231814062.jpg 1 0 0 0 0 0 0 0 0 0 0 0 0 0 0 0 0 0 0 0 0
images/coast/0435_2341724496.jpg 0 1 0 1 0 0 1 0 1 0 0 0 0 1 1 0 0 0 0 1 0
images/hill/0317_493402231.jpg 0 0 0 1 0 0 1 0 0 0 1 0 0 0 1 0 0 0 0 0 0
images/fields/0371_2301547893.jpg 0 0 0 1 0 1 0 0 0 0 0 0 0 0 1 0 0 0 0 0 0
images/facade/0366_2381575602.jpg 0 0 1 0 0 0 0 0 0 0 0 0 0 0 0 0 0 0 0 0 0
images/drum/0241_2438764052.jpg 0 0 0 0 0 0 0 0 0 1 0 0 0 0 0 0 0 0 0 0 0
images/pebbles/0563_306123664.jpg 0 0 0 0 0 1 0 0 0 0 0 0 0 0 1 0 0 0 0 0 0
images/backpack/0232_171632315.jpg 0 1 0 0 0 0 1 1 0 0 0 1 0 1 1 1 0 0 0 1 0
images/swimming_pools/0419_264536330.jpg 0 1 0 1 0 0 0 0 1 0 0 0 0 0 1 0 0 0 0 1 0
images/castle/0241_1372204103.jpg 0 0 1 0 0 0 0 0 1 0 0 1 0 0 0 0 1 0 0 0 0
images/chapel/0203_2565545096.jpg 0 0 0 0 0 0 0 0 0 0 0 0 0 0 0 0 0 0 0 0 1
images/natural_disasters/0289_124020131.jpg 0 0 0 0 0 0 0 0 0 1 0 0 0 0 1 0 0 0 0 0 0
images/motorcycle/0534_2300392132.jpg 0 0 0 0 0 0 0 0 0 0 0 0 0 0 0 0 0 0 1 0 0
images/courthouse/0426_218795900.jpg 0 0 1 0 0 0 0 0 0 0 0 0 0 0 1 0 0 0 0 0 1
images/barge/0202_2711779372.jpg 0 0 0 0 1 0 0 0 0 0 0 1 0 0 1 0 0 0 0 1 1
images/cooling_tower/0588_1355232375.jpg 0 0 1 1 0 0 0 0 0 0 0 0 0 0 0 0 0 0 0 0 0
images/farms/0354_2442101884.jpg 0 0 1 0 0 0 0 0 0 0 0 0 0 0 1 0 0 0 0 0 0
images/storms/0049_634721629.jpg 0 0 0 1 0 0 0 0 0 0 0 1 0 0 1 0 0 0 0 0 0
images/pagoda/0057_1534676091.jpg 0 0 0 0 0 0 0 0 0 0 1 1 0 0 0 0 0 0 0 1 0
images/peaks/0020_2193087816.jpg 0 0 1 0 0 0 0 1 0 0 0 0 0 0 1 1 0 0 0 0 0
images/refugees/0364_250388102.jpg 0 0 0 1 0 0 0 0 0 1 0 0 1 0 1 0 0 0 0 0 0
images/graveyard/0316_421088546.jpg 0 0 0 0 0 0 0 0 0 0 0 0 0 0 1 1 0 0 0 0 0
images/blooms/0274_2516764034.jpg 0 0 0 0 1 0 0 0 0 0 1 0 0 0 0 0 0 0 0 0 0
images/golf_course/0247_2551549163.jpg 0 0 0 0 0 1 0 0 0 0 1 0 0 0 0 0 0 1 0 0 0
images/railroad/0351_1883814732.jpg 0 0 0 0 0 1 0 0 0 0 0 0 0 0 1 0 0 0 0 0 0
images/hut/0284_2656699956.jpg 0 0 0 1 0 0 1 0 1 0 0 1 0 0 1 0 1 0 0 1 0
images/ground_crew/0017_2179901778.jpg 0 0 0 0 0 0 0 0 0 1 0 0 1 0 1 0 0 0 1 0 0
images/restaurant/0091_2196259916.jpg 0 0 1 0 0 0 0 0 1 0 0 0 0 0 1 0 0 0 0 1 1
images/apartments/0653_2482751471.jpg 0 0 0 0 0 0 0 0 0 0 0 0 0 0 1 0 1 0 0 0 0
images/bay/0345_2220752645.jpg 0 0 0 0 0 1 0 0 0 0 0 0 0 1 0 0 0 0 0 1 0
images/canoe/0580_425226719.jpg 0 0 0 1 0 0 1 0 0 0 0 0 0 0 1 0 1 0 0 1 0
images/harbor/0516_293756397.jpg 0 0 1 1 0 0 1 0 0 0 0 1 0 0 1 0 0 0 0 1 0
images/windy/0417_435421832.jpg 0 1 0 0 0 0 0 0 0 1 0 0 0 0 1 0 0 0 0 0 0
images/guard/0056_2389754107.jpg 0 0 0 0 0 0 0 1 0 0 1 0 0 0 1 0 0 0 0 0 0
images/reefs/0065_526845109.jpg 0 1 0 0 0 0 1 0 1 0 0 0 0 1 1 0 0 0 0 1 0
images/fall/0505_1735893909.jpg 0 0 0 1 0 0 0 0 0 0 0 0 0 0 1 1 0 0 0 0 0
images/fly/0487_187858502.jpg 0 0 0 0 0 0 0 0 0 0 0 0 0 0 0 0 0 0 0 1 0
images/pots/0443_1442091404.jpg 0 0 0 1 0 0 0 0 0 0 0 0 0 0 1 0 0 0 0 0 0
images/building/0525_2041404591.jpg 0 0 1 1 0 0 0 0 0 0 0 0 0 0 1 0 0 0 0 0 1
images/boats/0089_70312529.jpg 0 1 0 1 0 0 0 0 0 0 0 0 0 0 1 1 0 0 0 0 0
images/lily/0460_166644325.jpg 1 0 0 0 0 1 0 0 0 0 0 0 0 0 0 0 0 0 0 0 0
images/moss/0563_1258339200.jpg 0 0 0 1 0 0 1 0 1 0 0 0 0 1 1 0 0 0 0 1 0
images/conference_room/0448_2184415629.jpg 0 0 0 0 0 0 0 0 0 1 0 0 0 0 0 0 0 0 0 0 0
images/golf/0468_2907181.jpg 0 0 0 1 0 1 0 0 0 0 0 0 0 0 0 0 0 1 0 0 0
images/bicycle/0316_2346108356.jpg 0 0 0 0 0 0 0 0 0 0 0 0 1 0 0 0 0 0 0 0 0
images/shrubs/0435_2168116287.jpg 0 0 0 0 1 0 0 0 0 0 1 0 0 0 0 0 0 0 0 0 0
images/radar/0011_2329284964.jpg 0 0 0 0 0 0 0 0 0 1 0 0 0 0 1 0 0 0 1 0 0
images/plants/0543_2468270346.jpg 0 0 0 0 1 0 0 0 0 0 1 0 0 0 0 0 0 0 0 0 0
images/lighthouse/0538_218908294.jpg 0 0 0 1 0 0 0 0 0 0 0 0 0 1 1 0 0 0 0 0 0
images/mast/0329_2408210684.jpg 0 1 0 1 0 0 0 0 1 0 0 0 0 0 1 0 0 0 0 1 0
images/tomb/0536_2706203212.jpg 0 0 0 1 0 1 0 0 0 0 0 0 0 0 1 0 0 1 0 0 0
images/cliff/0373_522925643.jpg 0 1 1 1 0 0 0 1 1 0 0 1 0 1 1 0 0 0 0 1 0
images/barge/0397_348445286.jpg 0 0 1 1 0 0 1 0 1 0 0 0 0 0 1 0 0 0 0 0 0
images/houseboat/0474_26113189.jpg 0 0 0 0 0 0 0 0 0 1 0 0 0 0 0 0 0 0 0 0 1
images/tundra/0256_536949421.jpg 0 0 0 1 0 1 0 1 0 0 0 0 0 1 1 0 0 0 0 0 0
images/tiger/0324_483693033.jpg 1 0 0 0 0 0 0 0 0 0 0 0 0 0 1 0 0 0 0 0 0
images/clock_tower/0269_142280381.jpg 0 0 1 0 0 0 0 0 0 0 0 0 0 0 1 0 0 0 0 0 1
images/rowboat/0416_953352098.jpg 0 1 0 0 0 0 0 0 1 0 0 0 0 0 1 0 0 0 0 0 0
images/raft/0451_1979788167.jpg 0 0 0 0 0 0 1 0 0 0 0 0 0 0 1 0 0 0 0 1 0
images/fall/0071_230700181.jpg 0 0 0 1 0 1 0 1 0 0 0 0 1 0 1 0 0 1 0 0 0
images/plaza/0524_164966725.jpg 0 0 0 0 0 0 0 0 0 0 0 0 1 0 1 0 0 0 1 0 0
images/rifles/0311_274794701.jpg 0 0 0 0 0 0 0 0 0 1 0 0 1 0 1 0 0 0 0 0 0
images/freighter/0565_460881805.jpg 0 0 0 1 0 0 1 0 1 0 0 0 0 0 1 0 0 0 0 1 0
images/boy/0566_2078800810.jpg 0 0 0 1 0 0 0 0 0 1 0 0 0 0 1 0 1 0 0 0 0
images/athlete/0509_142490283.jpg 0 0 0 0 0 0 0 0 0 1 0 0 0 0 0 0 0 0 0 0 0
images/dock/0074_2283709882.jpg 0 0 0 1 0 0 0 0 0 0 0 0 0 0 1 0 0 0 0 1 0
images/golf/0555_1357582472.jpg 0 0 0 1 0 1 0 0 0 0 0 0 0 0 0 0 1 0 0 0 0
images/vines/0537_120496435.jpg 0 0 0 0 1 0 0 0 0 0 1 0 0 0 0 0 0 0 0 0 0
images/natural_disasters/0087_2192362704.jpg 0 0 0 1 0 0 0 0 0 0 0 0 0 0 1 0 0 0 0 1 0
images/clock_tower/0249_413659076.jpg 0 0 1 0 0 0 0 0 0 0 0 0 0 0 1 0 0 0 0 0 0
images/rockface/0268_262739537.jpg 0 0 0 0 0 0 0 1 0 0 0 0 0 1 1 1 0 0 0 0 0
images/tundra/0451_19555601.jpg 0 0 0 0 0 0 0 1 0 0 1 0 0 1 1 0 0 0 0 0 0
images/windmills/0363_2067194278.jpg 0 0 0 1 0 0 0 0 0 0 0 0 1 0 1 1 1 0 0 0 0
images/empire_state/0041_2456923566.jpg 0 0 1 1 0 0 0 0 0 0 0 0 0 0 1 0 0 0 0 0 0
images/foals/0422_2504690959.jpg 0 0 0 0 0 0 0 0 0 1 0 0 0 0 0 0 0 0 0 0 0
images/rice/0503_2131328650.jpg 0 0 0 1 0 1 0 0 0 0 0 0 0 0 1 0 0 0 0 1 0
images/wall/0587_427979443.jpg 0 0 0 0 0 0 0 0 0 0 0 0 0 0 0 0 0 0 0 0 1
images/cockpit/0547_2119429948.jpg 0 0 1 0 0 0 0 0 0 0 0 0 0 0 0 0 0 0 0 0 0
images/golf_course/0323_555394556.jpg 0 0 0 0 0 1 0 0 0 0 1 0 0 0 0 0 1 1 0 0 0
images/ditch/0005_2540813439.jpg 1 0 0 0 0 1 0 0 0 0 0 0 0 0 0 0 1 0 0 1 0
images/pups/0502_365638752.jpg 0 0 0 0 0 0 0 0 0 0 0 0 1 0 0 0 0 0 0 0 0
images/anemone/0272_2648570113.jpg 1 0 0 0 0 0 0 0 1 0 0 0 0 0 0 0 0 0 0 0 0
images/elk/0311_2270774283.jpg 1 0 0 0 0 0 0 0 0 0 0 0 0 0 0 1 0 0 0 0 0
images/rowboat/0233_2417159338.jpg 0 0 0 1 0 0 0 0 0 0 0 1 0 0 1 0 0 0 0 1 0
images/pyramid/0300_578916053.jpg 0 0 1 0 0 0 0 0 0 0 0 0 0 0 1 0 0 0 0 1 0
images/pickup_truck/0052_375360626.jpg 0 0 0 0 0 1 0 0 0 0 0 0 0 0 1 0 0 1 1 0 0
images/pedestrian_zone/0018_416510335.jpg 0 0 1 0 0 0 0 0 0 0 0 0 0 0 0 0 0 0 0 0 1
images/group/0518_65190149.jpg 0 0 0 0 0 0 0 0 0 1 0 0 0 0 0 0 0 0 0 0 0
images/windy/0429_927102563.jpg 0 1 0 0 0 0 0 0 0 1 0 0 0 0 0 0 0 0 0 1 0
images/avalanche/0367_360204157.jpg 0 0 0 0 0 0 0 1 0 0 0 0 0 0 1 1 0 0 0 0 0
images/oceans/0307_2718541732.jpg 0 1 0 0 0 0 1 0 1 0 0 0 0 0 1 0 0 0 0 1 0
images/formula/0571_2570533535.jpg 0 0 0 0 0 0 0 0 0 1 0 0 0 0 0 0 0 0 0 0 0
images/iguana/0359_440660367.jpg 1 0 0 0 0 0 0 0 0 0 0 0 0 0 0 0 0 0 0 0 0
images/fall/0311_2071278265.jpg 0 0 0 1 0 0 1 1 0 0 0 1 0 1 1 0 0 0 0 1 0
images/coast/0271_417073128.jpg 0 0 0 1 0 0 0 0 0 0 0 0 0 1 0 0 0 0 0 0 0
images/foals/0427_145776569.jpg 1 0 0 0 0 0 0 0 0 0 0 0 0 0 0 0 0 0 0 0 0
images/submarine/0493_420532244.jpg 0 0 0 0 0 0 0 0 0 0 0 1 0 0 1 0 0 0 0 1 0
images/facade/0487_2235286330.jpg 0 0 0 1 0 0 0 0 0 0 0 0 0 0 1 0 0 0 0 0 0
images/highway/0042_141108948.jpg 0 0 0 1 0 0 0 0 0 0 0 0 1 0 1 0 0 0 0 0 0
images/shore/0460_561971236.jpg 0 0 0 1 0 0 1 0 1 1 0 0 0 0 1 0 1 0 0 1 0
images/hawaii/0300_1282599229.jpg 0 1 0 1 0 0 1 0 1 0 0 0 0 0 1 0 0 0 0 1 0
images/house/0385_364463675.jpg 0 0 1 0 0 0 0 0 0 0 0 0 0 0 1 0 0 0 0 0 1
images/riot/0369_565825428.jpg 0 0 0 0 0 0 0 0 0 1 0 0 0 0 1 0 0 0 0 1 0
images/prisoner/0080_462039468.jpg 0 0 0 0 1 0 0 0 0 0 0 0 0 0 0 0 0 0 0 0 0
images/donkeys/0084_27957748.jpg 1 0 0 0 0 1 0 0 0 0 0 0 0 0 0 0 0 0 0 0 0
images/raft/0070_484792321.jpg 0 1 0 1 0 0 0 0 1 0 0 0 0 0 1 0 0 0 0 1 0
images/formula/0559_2682558022.jpg 0 0 0 0 0 0 0 0 0 0 0 0 1 0 0 0 0 0 1 0 0
images/running/0446_2084510273.jpg 0 0 0 0 0 1 0 0 0 0 0 0 0 0 1 0 0 0 0 0 0
images/sphinx/0416_289612609.jpg 0 0 0 1 0 0 0 1 0 0 0 0 0 1 1 1 0 0 0 0 0
images/sunset/0541_76894595.jpg 0 0 0 1 0 0 1 0 0 0 0 1 0 0 1 0 1 0 0 1 0
images/frozen/0359_2174637475.jpg 0 0 0 1 0 0 0 0 0 0 0 0 0 1 0 1 0 0 0 0 0
images/canal/0385_2424070802.jpg 0 0 0 1 0 0 1 0 1 0 0 0 0 1 1 0 0 0 0 1 0
images/poppies/0353_503065665.jpg 0 0 0 0 1 1 0 0 0 1 0 0 0 0 0 0 0 0 0 0 0
images/lighthouse/0307_534029237.jpg 0 0 0 1 0 0 0 0 0 0 0 0 0 0 1 0 0 0 0 0 1
images/power_plant/0085_108527310.jpg 0 0 0 0 0 0 0 0 0 0 0 1 0 0 0 0 0 0 0 1 0
images/skiing/0312_2555602931.jpg 0 0 0 1 0 0 0 1 0 0 0 0 0 0 1 1 0 0 0 0 0
images/barracks/0449_181770867.jpg 0 0 0 1 0 1 0 0 0 0 0 0 0 1 1 0 0 0 0 0 0
images/ships/0303_2705167152.jpg 0 0 0 1 0 0 1 0 1 0 1 0 0 0 1 0 0 0 0 1 0
images/squirrel/0419_1814584332.jpg 1 0 0 0 0 0 0 0 0 0 0 0 0 0 0 0 0 0 0 0 1
images/islands/0411_2221915178.jpg 0 0 0 0 0 0 1 0 1 0 0 0 0 1 1 0 0 0 0 0 0
images/driver/0311_510440434.jpg 0 0 0 0 0 0 0 0 0 0 0 0 0 0 0 0 0 0 1 0 1
images/empire_state/0258_53604537.jpg 0 0 1 1 0 0 0 0 0 0 0 0 0 0 1 0 0 0 0 0 0
images/helicopters/0420_224774653.jpg 0 0 0 0 0 0 0 0 1 0 0 0 0 0 1 0 0 0 0 1 0
images/antenna/0229_2558712134.jpg 0 0 0 0 0 0 0 0 0 0 0 0 0 0 1 0 1 0 0 0 0
images/helicopter/0376_785490272.jpg 0 0 0 1 0 0 0 0 0 0 0 0 0 0 1 0 0 0 0 0 0
images/office_building/0276_122198014.jpg 0 0 0 0 0 0 0 0 0 0 0 0 0 0 1 0 0 0 0 0 0
images/capital/0258_2141556806.jpg 0 1 0 1 0 0 0 0 1 1 0 0 0 0 0 0 0 0 0 0 0
images/ships/0471_1409204073.jpg 0 1 1 0 0 0 0 0 0 0 0 0 0 0 1 0 0 0 1 1 0
images/blossoms/0449_1771233812.jpg 0 0 0 0 1 0 0 0 0 0 0 0 0 0 0 0 0 0 0 0 0
images/deer/0585_2123763279.jpg 1 0 0 0 0 0 0 0 0 0 0 0 0 0 0 0 0 0 0 0 0
images/golf/0030_2518236516.jpg 0 0 0 0 0 0 0 0 0 0 1 0 0 0 0 0 0 1 0 0 0
images/driver/0372_2106063253.jpg 0 0 0 0 0 0 0 0 0 0 0 0 1 0 0 0 0 0 0 0 1
images/grain_elevator/0498_2260136419.jpg 0 0 1 1 0 0 0 0 0 0 0 0 0 0 1 0 0 0 0 0 0
images/gas_station/0029_384323277.jpg 0 0 1 1 0 0 0 0 0 0 0 1 1 0 1 0 1 0 0 1 0
images/beach/0442_117888350.jpg 0 0 0 0 0 0 0 0 0 0 0 0 0 1 0 0 0 0 0 0 0
images/dock/0299_2314725843.jpg 0 0 0 1 0 0 1 0 0 0 0 1 0 0 1 0 1 0 0 1 0
images/grizzly/0548_2386279143.jpg 1 0 0 0 0 0 0 1 0 0 0 0 0 0 0 1 0 0 0 0 0
images/backpack/0317_1523878712.jpg 0 0 0 0 0 1 0 0 0 1 0 0 0 0 1 0 0 0 0 0 0
images/pots/0523_158070856.jpg 0 0 0 0 0 0 0 0 0 0 0 0 0 0 0 0 0 0 0 0 1
images/mural/0622_7741035.jpg 0 0 0 0 0 0 0 0 0 0 0 0 0 0 0 0 0 1 0 0 0
images/arch/0090_1652732059.jpg 0 0 1 1 0 0 0 0 0 0 0 0 0 0 1 0 0 0 0 0 0
images/oil_field/0258_253848156.jpg 0 0 1 1 0 0 0 0 0 1 0 0 0 0 1 0 0 0 0 0 0
images/slope/0244_2299240658.jpg 0 0 0 1 0 0 0 1 0 0 1 0 0 1 1 0 0 1 0 0 0
images/grain_elevator/0089_2122420105.jpg 0 0 1 1 0 1 0 0 0 0 0 0 0 0 1 0 1 0 0 0 0
images/pagoda/0263_810382986.jpg 0 0 0 0 0 0 1 0 0 0 0 0 0 0 1 0 0 0 0 1 0
images/beggar/0514_2185474119.jpg 0 0 1 0 0 0 0 0 0 1 0 0 0 0 0 0 0 0 0 0 0
images/tony_blair/0288_622350263.jpg 0 0 0 0 0 0 0 0 0 0 0 0 0 0 0 0 0 0 0 0 1
images/boats/0051_541208612.jpg 0 0 0 1 1 0 1 0 0 0 1 1 0 0 1 0 0 0 0 1 0
images/lawyer/0203_102663099.jpg 0 0 0 0 0 0 0 0 0 1 0 0 0 0 0 0 0 0 0 0 0
images/walking/0512_1201175025.jpg 0 1 0 0 0 0 0 0 0 1 0 1 0 0 0 0 0 0 0 0 0
images/avalanche/0480_2468175419.jpg 1 0 0 0 0 0 0 0 0 1 0 0 0 0 0 1 0 0 0 0 0
images/carpet/0259_2453973347.jpg 0 0 0 0 0 0 0 0 0 0 0 0 0 0 0 0 0 0 0 0 1
images/tails/0217_2324719084.jpg 0 0 0 0 0 0 0 0 0 1 0 0 0 0 0 0 0 0 0 0 0
images/tornado/0275_363457238.jpg 0 0 0 1 0 0 0 0 0 0 0 0 0 0 1 0 0 0 0 0 0
images/blossoms/0599_2203992591.jpg 0 0 0 0 1 0 0 0 0 0 0 0 0 0 0 0 0 0 0 0 0
images/island/0536_2483163567.jpg 0 0 0 1 0 0 1 0 1 0 0 0 0 1 0 0 1 0 0 0 0
images/forest/0624_472494820.jpg 0 0 0 0 0 0 0 0 0 0 0 0 0 0 0 0 0 1 0 0 0
images/frigate/0346_2692370556.jpg 0 0 0 1 0 0 1 0 1 0 0 0 0 0 1 0 0 0 0 1 0
images/outside/0561_396595475.jpg 0 0 0 0 0 1 0 0 0 1 0 0 0 0 0 0 0 0 0 0 1
images/forest/0210_1434355259.jpg 0 0 0 0 0 1 0 0 0 0 0 0 0 0 0 0 0 1 0 0 0
images/buddha/0534_2219017209.jpg 0 0 0 0 0 0 0 0 0 0 0 0 1 0 0 0 0 0 0 0 0
images/tulip/0246_472679832.jpg 0 0 0 0 1 0 0 0 0 0 1 0 0 0 0 0 0 0 0 0 0
images/adult/0414_49114088.jpg 0 0 0 0 0 0 0 0 0 1 0 0 0 0 0 0 0 0 0 0 0
images/houseboat/0401_2598855099.jpg 0 0 0 1 0 0 0 0 0 0 0 0 0 0 1 0 0 0 0 0 0
images/hill/0396_2003248601.jpg 0 0 0 0 0 1 0 0 0 0 0 0 0 1 0 0 0 1 0 0 0
images/ground_crew/0272_117975881.jpg 0 0 0 1 0 1 0 0 0 0 0 0 1 0 1 0 0 0 0 0 0
images/cables/0272_2194441691.jpg 0 0 0 0 0 0 0 0 0 0 0 0 0 0 1 1 0 0 0 0 0
images/houseboat/0087_147505825.jpg 1 0 0 0 0 0 0 0 0 1 0 0 0 0 0 0 0 0 0 0 0
images/outdoor/0261_1434129009.jpg 0 0 0 1 0 1 0 0 0 0 0 0 0 0 0 0 0 1 0 0 0
images/moose/0231_949014062.jpg 1 0 0 0 0 1 0 0 0 0 0 0 0 0 1 0 0 0 0 0 0
images/john_kerry/0585_248110.jpg 0 0 0 0 0 0 0 0 0 1 0 0 1 0 0 0 0 0 0 0 0
images/suburban/0443_260519119.jpg 0 0 0 0 0 0 0 0 0 0 0 0 0 0 1 0 0 1 0 1 0
images/peaks/0407_383983394.jpg 0 0 0 1 0 0 0 1 0 0 0 0 0 0 1 1 0 0 0 0 0
images/kauai/0568_2159385005.jpg 0 0 0 1 0 0 1 0 1 0 0 0 0 1 1 0 0 0 0 0 0
images/chrysanthemums/0233_967088334.jpg 0 0 0 0 1 0 0 0 0 0 0 0 0 0 0 0 0 0 0 0 0
images/cliff/0354_1562971103.jpg 0 0 0 0 0 0 0 0 1 1 0 0 0 1 1 0 0 0 0 0 0
images/child/0555_1383311710.jpg 0 0 0 0 0 0 0 0 0 1 0 0 0 0 0 0 0 0 0 0 0
images/graveyard/0420_479611324.jpg 0 0 1 0 1 0 0 0 0 0 0 0 0 0 1 0 0 0 0 0 0
images/prop/0047_282653825.jpg 0 0 0 1 0 0 0 0 0 0 0 0 0 0 1 0 0 0 0 1 0
images/petals/0237_470100663.jpg 0 0 0 0 1 0 0 0 0 0 1 0 0 0 0 0 0 0 0 0 0
images/lichen/0326_8095754.jpg 0 0 0 0 0 0 0 0 0 0 1 0 0 0 0 0 0 0 0 0 0
images/ship/0630_495067821.jpg 0 0 0 1 0 0 1 0 1 0 0 0 0 0 1 0 1 0 0 1 0
images/single_person/0334_1509085089.jpg 0 0 0 0 0 0 0 0 0 1 0 0 0 1 0 0 0 0 0 0 0
images/lakes/0348_2242485658.jpg 0 0 0 0 0 0 0 0 0 0 0 0 0 0 1 1 0 0 0 0 0
images/lawn/0526_2589326923.jpg 0 0 0 0 1 0 0 0 0 0 0 0 0 0 0 0 0 0 0 0 0
images/volcano/0291_2709434532.jpg 0 0 0 1 0 0 0 1 0 0 0 0 0 0 1 0 0 0 0 0 0
images/insect/0575_412704717.jpg 1 0 0 0 1 0 0 0 0 0 0 0 0 0 0 0 0 0 0 0 0
images/face/0460_140374751.jpg 0 0 0 0 0 0 0 0 0 1 0 0 0 0 0 0 0 0 0 0 0
images/valleys/0675_2496814576.jpg 0 0 0 1 0 0 0 1 0 0 0 0 0 0 1 1 0 0 0 0 0
images/frost/0353_2138193844.jpg 0 0 0 0 0 1 0 0 0 0 1 0 0 0 0 0 0 0 0 0 0
images/hospital/0327_2056139687.jpg 0 0 0 1 0 0 0 1 0 0 0 0 0 1 1 1 0 0 0 0 0
images/slope/0521_529505853.jpg 0 1 0 0 0 0 0 0 1 1 0 0 0 0 0 0 0 0 0 1 0
images/guard/0228_2249243091.jpg 0 1 0 0 0 0 0 0 1 0 0 0 0 0 1 0 0 0 0 1 0
images/railing/0301_2012817907.jpg 0 0 0 1 0 0 0 0 0 0 0 0 0 0 1 0 1 0 0 0 0
images/marine/0529_133872069.jpg 0 0 0 0 0 0 1 0 0 0 0 1 0 0 1 0 0 0 0 1 0
images/dogs/0360_7276627.jpg 1 1 0 1 0 0 1 0 1 0 0 0 0 0 1 0 0 0 0 1 0
images/battleship/0058_69290279.jpg 0 0 0 1 0 0 0 0 0 0 0 0 0 0 1 0 1 0 0 1 0
images/hospital/0374_1690911542.jpg 0 0 0 1 0 0 0 1 0 0 0 0 0 1 1 0 0 0 0 0 0
images/emergency_room/0503_1353374029.jpg 0 0 0 0 0 0 0 0 0 1 0 0 0 0 0 0 0 0 0 0 0
images/houseboat/0672_201504094.jpg 0 0 0 0 0 0 0 0 0 0 0 0 0 0 0 0 0 0 0 1 0
images/meadow/0337_913970969.jpg 0 0 0 0 1 0 0 0 0 0 1 0 0 0 0 0 0 0 0 0 0
images/cathedral/0031_440374383.jpg 0 0 1 0 0 0 0 0 0 0 0 0 0 0 0 0 0 0 0 0 1
images/swimmer/0452_2050619208.jpg 0 0 0 0 0 0 0 0 0 1 0 0 0 0 1 0 0 0 0 1 0
images/cactus/0505_2296625940.jpg 0 0 0 0 1 0 0 0 0 0 0 0 0 0 0 0 0 0 0 0 0
images/shrubs/0001_88241757.jpg 0 0 0 1 0 0 0 0 0 0 0 0 0 0 0 1 0 0 0 0 0
images/volcano/0583_1810508718.jpg 0 0 0 1 0 0 0 0 0 0 0 0 0 0 1 1 0 0 0 0 0
images/cottage/0220_2078594054.jpg 0 0 1 0 0 0 1 0 0 0 0 1 0 0 1 0 0 0 0 1 0
images/election_campaign/0010_8733378.jpg 0 0 0 0 0 0 0 0 0 0 0 0 0 0 0 0 0 0 0 0 1
images/albatross/0080_617766063.jpg 0 0 0 1 0 0 0 0 0 0 0 0 0 0 1 0 0 0 1 0 0
images/deer/0077_308709862.jpg 1 0 0 0 0 0 0 0 0 0 0 0 0 0 0 1 0 0 0 0 0
images/rainy/0345_369319869.jpg 0 0 0 0 0 0 0 0 0 0 0 0 0 0 1 0 0 1 0 0 0
images/ladder/0459_559864130.jpg 0 0 0 0 1 1 0 0 0 0 1 0 0 0 0 0 0 0 0 0 0
images/chairs/0414_2379020083.jpg 0 0 1 1 0 0 0 0 0 0 0 0 0 0 1 0 1 0 0 0 0
images/donald_rumsfeld/0062_2214207066.jpg 0 0 0 0 0 0 0 0 0 1 0 0 0 0 0 0 0 0 0 0 0
images/night/0341_173135572.jpg 0 0 0 0 0 0 0 0 0 0 0 0 0 0 1 0 0 0 0 0 0
images/stream/0572_2685258912.jpg 0 0 0 0 0 0 0 0 0 1 0 1 0 0 0 0 0 0 0 1 0
images/waterfalls/0393_612586711.jpg 0 0 0 0 0 0 0 0 0 0 1 0 0 0 0 0 0 0 0 0 0
images/boats/0066_1054180672.jpg 0 1 0 1 0 0 0 0 1 0 0 0 0 0 0 0 0 0 0 1 0
images/sea/0014_278986637.jpg 0 0 0 1 0 0 0 0 0 0 0 0 0 1 1 0 0 0 0 1 0
images/hunter/0254_1035226114.jpg 0 0 0 1 0 0 0 0 0 0 0 0 0 0 1 0 1 0 0 0 0
images/harvest/0090_2502729400.jpg 0 0 0 0 1 1 0 0 0 0 1 0 0 0 0 0 0 0 0 0 0
images/snow/0579_391016893.jpg 0 0 0 0 0 0 0 0 0 0 1 0 0 0 1 1 0 1 0 0 0
images/prop/0399_143835465.jpg 0 0 0 0 0 0 0 0 0 0 0 0 0 0 0 0 0 0 1 0 1
images/river_bank/0564_1858165924.jpg 0 0 0 0 0 0 1 0 0 0 0 0 0 0 0 0 0 0 0 1 0
images/hunter/0283_335828945.jpg 0 0 0 0 0 0 0 0 0 1 0 0 0 0 0 0 0 0 0 0 0
images/lawn/0468_143573701.jpg 0 0 0 0 0 1 0 0 0 0 1 0 0 0 0 0 0 0 0 0 0
images/slope/0516_2232019283.jpg 0 0 0 0 0 0 0 0 0 0 0 0 0 0 1 1 0 1 0 0 0
images/close-up/0443_129964941.jpg 0 0 0 0 0 0 0 0 0 1 0 0 0 0 0 0 0 0 0 0 0
images/chrysanthemums/0598_275016395.jpg 0 0 0 0 0 1 0 0 0 0 0 0 0 0 0 0 0 0 0 0 0
images/tanker/0520_94325304.jpg 0 0 0 1 0 0 0 0 1 0 0 0 0 0 1 0 0 0 0 1 0
images/lake/0253_428742027.jpg 0 1 0 1 0 0 1 0 0 0 0 1 0 1 1 0 0 0 0 1 0
images/orchid/0595_1976779796.jpg 0 0 0 0 1 0 0 0 0 0 1 0 0 0 0 0 0 0 0 0 0
images/shops/0456_2636359618.jpg 0 0 0 0 0 0 0 0 0 0 0 0 1 0 0 0 0 0 0 0 0
images/barge/0090_33128696.jpg 0 0 0 1 0 0 1 0 0 0 0 1 0 0 1 0 1 0 0 1 0
images/sphinx/0415_2132008466.jpg 0 0 0 1 0 0 0 1 1 0 0 0 0 1 1 1 0 0 0 1 0
images/weather/0261_169489390.jpg 0 0 0 1 0 0 1 0 0 0 0 0 0 0 1 0 0 0 0 0 0
images/freighter/0025_2532748604.jpg 0 0 0 0 0 0 1 0 0 0 0 0 0 0 1 0 1 0 1 1 0
images/cars/0362_2627212087.jpg 0 1 0 1 0 0 1 0 1 0 0 0 0 0 0 0 0 0 0 1 0
images/dock/0008_141294471.jpg 0 0 0 1 0 0 0 0 0 0 0 1 0 0 1 0 0 0 0 1 0
images/tanker/0669_536473199.jpg 0 1 0 1 0 0 0 0 0 0 0 0 0 0 1 0 0 0 0 1 0
images/bengal/0230_2197628631.jpg 0 0 0 0 0 0 0 0 0 1 0 0 0 0 0 0 0 0 0 0 0
images/swimmer/0580_475375805.jpg 0 1 0 1 0 0 1 0 0 1 0 0 0 0 1 0 0 0 0 1 0
images/race/0599_2187710962.jpg 0 0 0 0 0 1 0 0 0 0 0 0 1 0 0 0 0 0 1 0 0
images/shore/0395_500098568.jpg 0 0 0 0 0 0 1 0 0 0 0 0 0 1 0 0 0 0 0 1 0
images/politics/0065_110964673.jpg 0 0 0 0 0 0 0 0 0 0 0 0 0 1 0 0 0 0 0 1 0
images/barge/0575_2189240549.jpg 0 0 0 0 0 0 0 0 0 0 0 0 0 0 0 0 0 0 0 1 1
images/canoe/0592_1326472086.jpg 0 0 0 1 0 0 1 0 1 0 0 0 0 0 1 0 0 0 0 1 0
images/mast/0024_309766380.jpg 0 0 0 1 0 0 0 0 0 0 0 0 0 0 1 0 0 0 0 0 0
images/rodent/0276_2055949759.jpg 1 0 0 0 0 0 0 0 0 0 0 0 0 0 0 0 0 0 0 0 0
images/factory/0214_117503944.jpg 0 0 0 0 0 0 0 0 0 0 0 0 0 0 1 0 0 0 0 0 0
images/dining_room/0078_1472178152.jpg 0 0 0 0 0 0 0 0 0 0 0 0 0 0 0 0 0 0 0 0 1
images/dogs/0595_2731330423.jpg 1 0 0 0 0 0 1 1 0 0 0 1 0 1 0 0 0 0 0 1 0
images/ground_crew/0337_117967500.jpg 0 0 0 0 0 0 0 0 0 0 0 0 1 0 1 0 0 0 0 0 0
images/winter/0229_2558306524.jpg 0 0 0 1 0 0 0 0 0 0 1 0 0 0 1 0 0 0 0 1 0
images/reporters/0382_2707430833.jpg 0 0 1 0 0 0 0 0 0 1 0 0 0 0 0 0 0 0 0 0 1
images/cactus/0084_2416865382.jpg 0 0 0 0 1 0 0 0 0 0 0 0 0 0 0 0 0 0 0 0 0
images/log/0572_249497482.jpg 0 0 0 1 0 1 1 0 0 0 0 1 0 0 1 0 0 0 0 1 0
images/monastery/0013_415441138.jpg 0 0 1 0 0 0 0 0 0 1 0 0 0 0 1 1 0 0 0 0 0
images/apartments/0346_1087166809.jpg 0 0 0 0 0 0 0 0 0 0 0 0 0 0 0 0 0 0 0 0 1
images/outer_space/0695_371532946.jpg 0 0 0 0 0 0 0 0 0 0 1 0 0 0 1 0 0 1 0 0 0
images/hawk/0036_2108813325.jpg 1 0 0 0 0 0 0 0 0 0 0 0 0 0 0 0 0 0 0 0 0
images/autumn/0372_491100266.jpg 0 0 0 0 0 0 1 0 0 0 0 1 0 0 1 0 0 0 0 1 0
images/head/0305_2691588987.jpg 1 0 0 0 0 0 0 0 0 0 0 0 0 0 0 0 0 0 0 0 0
images/cliff/0359_1466816427.jpg 0 0 0 0 0 0 0 0 1 0 0 0 0 0 1 0 0 0 0 1 0
images/tower/0366_516385184.jpg 0 0 1 1 0 1 0 0 0 0 0 0 0 0 1 0 0 0 1 0 0
images/diver/0418_2095223170.jpg 0 0 0 0 0 0 0 0 1 1 0 0 0 0 0 0 0 0 0 1 0
images/tanker/0674_2425840961.jpg 0 0 1 1 0 0 0 0 1 0 0 0 0 0 0 0 0 0 1 1 1
images/ground/0493_2671032182.jpg 0 0 0 0 0 1 0 0 0 0 0 0 0 0 0 0 0 0 0 0 0
images/butterfly/0208_1261750602.jpg 1 0 0 0 0 0 0 0 0 0 0 0 0 0 0 0 0 0 0 0 0
images/swimmers/0340_584874920.jpg 0 0 0 0 0 0 0 0 0 1 0 0 0 0 0 0 0 0 0 1 0
images/glacier/0289_2067538081.jpg 0 0 0 1 0 0 0 1 0 0 0 0 0 1 1 1 0 0 0 0 0
images/mare/0507_367966572.jpg 0 0 0 1 0 0 0 1 0 0 0 0 0 1 0 0 0 0 0 0 0
images/group/0531_2172557384.jpg 0 0 0 0 0 0 0 0 0 0 1 0 0 0 0 1 0 0 0 0 0
images/angelfish/0428_113964803.jpg 1 0 0 0 0 0 0 0 0 0 0 0 0 0 0 0 0 0 0 1 0
images/field/0389_986727717.jpg 0 0 0 1 0 0 0 0 0 0 1 0 1 0 1 0 0 0 0 0 0
images/tornado/0030_2548459861.jpg 0 0 0 1 0 0 0 0 0 0 0 0 1 0 1 0 0 0 0 0 0
images/frozen/0256_532855342.jpg 0 0 0 1 0 0 0 1 0 0 0 0 0 0 1 1 1 0 0 0 0
images/grain_elevator/0302_2266797881.jpg 0 0 0 1 0 0 0 0 0 0 0 0 0 0 1 1 0 0 0 0 0
images/antlers/0568_931929888.jpg 1 0 0 0 0 1 0 0 0 0 0 0 0 0 0 0 0 0 0 0 0
images/storm/0099_368802083.jpg 0 0 0 1 0 0 0 0 1 0 0 0 0 0 1 0 0 0 0 1 1
images/rapids/0293_369444949.jpg 0 0 0 0 0 0 1 0 0 0 0 0 1 0 0 0 0 0 0 1 0
images/vines/0219_108016140.jpg 0 0 0 0 1 0 0 0 0 0 1 0 0 0 0 0 0 0 0 0 0
images/flood/0032_448224696.jpg 0 0 0 0 0 0 0 0 0 0 0 1 0 0 0 0 0 0 0 0 0
images/mare/0399_2574326917.jpg 0 1 0 1 0 0 1 0 1 0 0 0 0 0 1 0 1 0 0 1 0
images/mist/0599_2215792548.jpg 0 0 0 0 0 0 0 0 0 1 0 0 0 0 1 0 0 1 0 0 0
images/shooting/0356_521003555.jpg 0 0 0 0 0 1 0 0 0 1 0 0 0 0 0 0 0 0 0 0 0
images/meadow/0368_2406468808.jpg 0 0 0 1 0 0 0 1 0 0 1 0 0 0 1 0 0 0 0 0 0
images/lake/0348_233614891.jpg 0 0 0 1 0 1 1 1 0 0 1 1 0 1 1 0 0 0 0 1 0
images/construction_worker/0473_149282992.jpg 0 0 0 1 0 0 0 0 0 0 0 0 0 0 1 0 0 1 0 0 0
images/mist/0456_13366955.jpg 0 0 0 0 0 0 0 0 0 0 1 0 0 0 0 0 0 1 0 0 0
images/snow/0483_2230861211.jpg 0 0 0 1 0 0 0 0 0 0 0 0 0 0 1 1 0 0 1 0 1
images/raft/0633_2131054593.jpg 0 0 0 0 0 0 0 0 0 0 0 1 0 0 0 0 0 0 0 1 0
images/tanker/0461_2551012085.jpg 0 0 0 0 0 0 0 0 0 0 0 0 0 0 1 0 1 0 0 1 0
images/cul-de-sac/0540_2659315961.jpg 0 0 1 1 0 1 0 0 0 0 0 0 1 0 1 0 0 0 0 0 1
images/police_station/0059_1220430433.jpg 0 0 1 0 0 0 0 0 0 0 0 0 0 0 1 0 0 0 0 0 1
images/scotland/0084_180000543.jpg 0 0 0 1 0 0 1 0 0 0 0 0 0 0 1 0 0 0 0 1 0
images/bay/0397_2284222756.jpg 0 0 1 1 0 0 0 1 0 0 0 0 0 0 1 0 0 0 0 1 0
images/soldiers/0424_17187230.jpg 0 0 0 0 0 0 0 0 0 1 0 0 0 0 1 0 0 0 0 0 0
images/pebbles/0308_1515660395.jpg 0 1 0 0 0 0 1 0 1 0 0 0 0 1 1 0 0 0 0 1 0
images/skyline/0599_290530299.jpg 0 0 1 0 0 0 0 0 0 0 0 0 0 0 1 0 0 0 0 0 0
images/coast/0310_416228425.jpg 0 1 0 1 0 0 1 0 1 0 0 0 0 0 1 0 0 0 0 1 0
images/avalanche/0280_341428951.jpg 0 0 0 1 0 0 0 0 0 0 0 0 0 0 1 1 0 0 0 0 0
images/golf_course/0047_2307604641.jpg 0 0 0 1 0 0 1 0 0 0 0 0 0 0 1 1 1 0 0 1 0
images/swimming_pools/0067_279442165.jpg 0 1 0 1 0 0 0 0 1 1 0 0 0 0 1 0 0 0 0 1 0
images/canal/0082_256532030.jpg 0 0 0 1 0 0 1 0 0 0 0 1 0 0 0 0 0 0 0 0 0
images/grass/0435_273341989.jpg 0 0 0 0 1 1 0 0 0 0 1 0 0 0 0 0 0 0 0 0 0
images/factory/0365_2455249217.jpg 0 0 1 1 0 0 0 0 0 0 0 0 0 0 1 0 0 0 0 1 1
images/architecture/0473_2268598137.jpg 0 0 1 0 0 0 0 0 0 0 0 1 0 0 0 0 0 0 0 0 0
images/golf_course/0062_333564926.jpg 0 0 0 0 0 0 0 0 0 0 0 0 0 0 0 1 0 1 0 0 0
images/horizon/0598_2645098021.jpg 0 0 0 0 0 1 0 1 0 0 0 0 0 0 1 0 1 1 0 0 0
images/harvest/0030_2377009388.jpg 0 0 0 0 0 1 0 0 0 0 0 0 0 0 1 0 0 0 0 0 0
images/backpack/0427_2083740318.jpg 0 0 0 0 0 1 0 1 0 0 0 0 0 0 0 0 0 0 0 1 0
images/aircraft_carrier/0017_309884584.jpg 0 0 0 1 0 0 0 0 0 0 0 0 0 0 1 0 1 0 0 1 0
images/pebbles/0320_170336083.jpg 0 1 0 0 0 0 0 0 1 0 0 0 0 1 1 0 0 0 0 0 0
images/individual/0471_2323646887.jpg 0 0 0 0 0 0 0 0 0 0 0 0 0 0 0 0 0 0 0 0 1
images/clouds/0283_2235008298.jpg 0 0 0 1 0 0 1 0 0 0 0 1 0 0 1 0 1 0 0 1 0
images/shrubs/0525_475657398.jpg 0 0 0 0 0 1 0 0 0 0 0 0 0 0 0 0 0 0 0 1 0
images/waterfalls/0557_182187199.jpg 0 1 0 0 0 0 1 0 0 0 0 0 0 0 1 0 0 0 0 1 0
images/rapids/0234_202617940.jpg 0 0 0 0 0 0 1 0 0 0 0 0 0 0 0 0 0 0 0 1 0
images/desert/0408_527501288.jpg 0 0 0 1 0 0 0 0 0 0 0 0 0 0 1 0 0 0 0 0 0
images/lawyer/0205_481673262.jpg 0 0 0 1 0 0 0 0 0 1 0 0 0 0 0 0 0 1 0 0 0
images/steps/0500_1406426839.jpg 0 0 0 0 1 0 0 0 0 0 1 0 0 0 0 0 0 0 0 0 0
images/tulip/0450_457860487.jpg 0 0 0 0 1 0 0 0 0 0 1 0 0 0 0 0 0 0 0 0 0
images/chrysanthemums/0317_71608422.jpg 0 0 0 0 1 0 0 0 0 0 1 0 0 0 0 0 0 0 0 0 0
images/entertainment/0584_2705431431.jpg 0 0 0 0 0 0 0 0 0 1 0 0 0 0 0 0 0 0 0 0 0
images/shopping_mall/0088_455440603.jpg 0 0 1 0 0 0 0 0 0 0 0 0 1 0 1 0 0 0 0 0 0
images/camera/0277_1855011865.jpg 0 0 0 0 0 0 0 1 0 0 0 0 0 1 1 0 0 0 0 0 0
images/cutter/0067_377699721.jpg 0 0 0 1 0 0 0 0 0 0 0 0 0 0 1 0 0 0 0 1 0
images/golf/0380_388908005.jpg 0 0 0 1 0 1 0 1 0 0 1 0 0 0 1 0 0 0 1 0 0
images/prop/0030_186744468.jpg 0 0 0 1 0 0 0 0 0 0 0 0 0 0 1 0 0 0 1 0 0
images/pedestrian_zone/0023_128588301.jpg 0 0 1 0 0 0 0 1 0 0 0 0 0 0 1 0 0 0 0 0 1
images/embassy/0526_363209262.jpg 0 0 1 0 0 0 0 0 0 0 0 0 0 0 0 1 0 0 0 0 1
images/poppies/0586_2584897766.jpg 0 0 0 1 1 0 0 0 0 0 1 0 0 0 1 0 0 0 0 0 0
images/temple/0290_231088320.jpg 0 0 1 1 0 0 0 0 0 0 1 0 0 0 1 0 0 0 0 0 0
images/hawaii/0093_1340419031.jpg 0 1 0 1 0 0 1 0 1 0 1 0 0 1 1 0 0 0 0 1 0
images/frost/0074_2253119668.jpg 0 0 0 0 0 1 0 0 0 0 0 0 0 0 0 0 0 0 0 0 0
images/grass/0362_1114052331.jpg 0 0 0 0 0 1 0 0 0 0 1 0 0 0 1 0 0 0 0 0 0
images/ships/0091_2700074963.jpg 0 0 1 1 0 0 1 0 0 0 0 0 0 0 1 0 0 0 1 0 0
images/rifles/0660_2503424577.jpg 0 0 0 0 0 1 0 0 0 0 0 0 0 0 0 0 0 1 0 0 0
images/anemone/0546_143321662.jpg 0 1 0 1 0 0 0 0 1 0 0 0 0 1 1 0 0 0 0 0 0
images/single_person/0477_1602205163.jpg 0 0 0 0 0 0 0 0 1 1 0 0 0 0 0 0 0 0 0 1 0
images/tulip/0599_2459165685.jpg 0 0 0 0 1 0 0 0 0 0 1 0 0 0 0 0 0 0 0 0 0
images/clock_tower/0396_347747901.jpg 0 0 1 0 0 0 0 0 0 0 0 0 0 0 0 0 0 0 0 0 1
images/powerlines/0208_121234264.jpg 0 0 0 1 0 0 1 0 1 0 0 1 0 0 1 0 1 0 0 1 0
images/butterfly/0399_1308256796.jpg 1 0 0 0 1 0 0 0 0 0 0 0 0 0 0 0 0 0 0 0 0
images/statue/0212_303819485.jpg 0 0 0 0 0 0 0 0 0 1 0 0 0 0 0 0 0 0 0 0 0
images/communications_tower/0153_1480501446.jpg 0 0 0 1 0 0 0 0 0 0 0 0 0 0 1 0 0 0 0 0 0
images/booby/0061_2072400952.jpg 1 0 0 0 0 0 0 0 0 0 0 0 0 0 0 0 0 0 0 0 0
images/storm/0508_2661237214.jpg 0 0 0 1 0 1 0 0 0 0 0 0 0 0 1 0 0 1 0 0 0
images/ship/0385_531304662.jpg 0 0 1 0 0 0 0 0 0 0 0 1 0 0 1 0 0 0 1 1 0
images/cockpit/0303_88402671.jpg 0 0 0 1 0 0 0 0 0 0 0 0 1 0 1 0 0 0 1 0 1
images/gas_station/0593_544625692.jpg 0 0 0 0 0 0 0 0 0 0 0 0 1 0 1 0 0 0 0 0 0
images/running/0599_2342781702.jpg 0 0 0 0 0 1 0 0 0 0 0 0 0 0 0 0 0 0 0 0 0
images/basketball/0590_2368970908.jpg 0 0 0 1 0 0 0 0 0 1 0 0 0 0 1 1 0 0 0 0 0
images/hillside/0017_2419586788.jpg 0 0 0 0 0 0 0 0 0 0 0 0 0 0 1 0 1 1 0 0 0
images/golf_course/0324_20794730.jpg 0 0 0 1 0 1 0 0 0 0 0 0 0 0 1 0 0 1 0 0 0
images/ice/0593_2487946146.jpg 0 0 0 0 0 0 1 0 0 0 0 1 0 0 1 1 1 0 0 1 0
images/boeing/0291_991225443.jpg 0 0 0 1 0 0 0 1 0 0 0 0 0 0 1 1 0 0 0 0 0
images/tulip/0432_427886435.jpg 0 0 0 1 1 0 0 0 0 0 1 0 0 0 0 0 0 0 0 0 0
images/ties/0083_178601503.jpg 0 1 0 1 0 0 0 0 0 1 0 0 0 0 1 0 0 0 0 1 0
images/hillside/0239_2188456854.jpg 0 0 0 1 0 0 0 0 0 0 0 0 0 1 1 0 0 0 0 0 0
images/dance/0030_481216607.jpg 0 0 0 0 0 0 0 0 0 0 0 0 0 0 0 1 0 0 0 0 0
images/sunset/0292_158320151.jpg 0 1 0 1 0 0 1 0 0 0 0 1 0 0 1 0 0 0 0 1 0
images/glacier/0398_364369665.jpg 0 0 0 0 0 0 0 0 0 1 0 0 0 0 0 1 0 0 0 0 0
images/houseboat/0443_2753092716.jpg 0 0 1 0 0 0 0 0 0 0 0 1 0 0 0 0 0 0 0 1 0
images/mare/0088_1709973956.jpg 0 1 0 1 0 0 0 0 1 0 0 0 0 0 0 0 0 0 0 0 0
images/leaf/0578_535721499.jpg 0 0 0 0 1 0 0 0 0 0 0 0 0 0 0 0 0 0 0 0 0
images/harbors/0450_1490305828.jpg 0 0 0 0 0 0 0 0 0 0 1 0 0 0 0 0 0 0 0 0 0
images/apartments/0357_2421136811.jpg 0 0 0 1 0 1 0 0 0 0 0 0 0 0 1 0 0 0 0 0 1
images/road_block/0624_2122298162.jpg 0 0 0 0 0 1 0 0 0 0 0 0 1 0 1 0 0 0 1 0 1
images/maui/0246_2330860694.jpg 1 0 0 0 0 0 0 0 1 0 0 0 0 0 0 0 0 0 0 1 0
images/whales/0325_1615472377.jpg 1 0 0 0 0 0 0 0 0 0 0 0 0 0 0 0 0 0 0 1 0
images/weather/0290_1079565065.jpg 0 0 0 1 0 1 0 0 0 0 0 0 0 0 1 0 0 0 0 0 0
images/standing/0401_761549613.jpg 0 1 0 1 0 0 1 0 0 0 0 1 0 0 1 0 0 0 0 1 0
images/rowboat/0472_1804280251.jpg 0 0 0 0 0 0 0 0 0 0 0 1 0 0 1 0 0 0 1 1 1
images/urban_park/0676_2666331908.jpg 0 0 0 0 0 0 1 0 0 0 1 0 0 0 1 0 0 0 0 1 0
images/plain/0499_2307837037.jpg 0 0 0 1 0 1 0 0 0 0 0 0 1 0 1 0 0 0 0 0 0
images/frigate/0371_2328206246.jpg 0 0 0 1 0 0 1 0 1 0 0 0 0 0 1 0 0 0 0 1 0
images/autumn/0320_305644365.jpg 1 0 0 0 0 0 0 0 0 0 1 0 0 0 1 0 1 0 0 0 0
images/tower/0423_2209911992.jpg 0 0 0 1 0 0 0 0 0 0 0 1 0 0 1 0 0 0 0 1 0
images/sailboat/0094_2458501501.jpg 0 0 0 1 0 0 1 0 1 0 0 0 0 0 1 0 0 0 1 1 0
images/oceans/0303_171595901.jpg 0 0 0 1 0 0 0 1 1 0 0 0 0 1 1 0 0 0 0 1 0
images/walking/0422_329236487.jpg 0 0 0 0 0 0 0 0 0 0 0 0 0 0 0 0 0 1 0 0 0
images/rifles/0596_2518096132.jpg 0 0 0 0 0 0 0 0 0 1 0 0 1 0 0 0 0 0 0 0 0
images/runway/0261_497811928.jpg 0 0 0 1 0 0 0 0 0 0 0 0 0 0 1 0 1 0 0 0 0
images/mast/0203_62541344.jpg 0 0 0 1 0 0 0 0 0 0 0 0 0 0 1 0 1 0 0 1 0
images/referees/0050_67581597.jpg 0 0 0 1 0 1 0 0 0 0 0 0 0 0 1 0 0 1 0 0 0
images/rocks/0462_564360191.jpg 0 1 0 1 0 0 1 0 0 0 0 0 0 1 1 0 0 0 0 1 0
images/frigate/0441_1814186901.jpg 0 0 0 0 0 0 0 0 1 0 0 0 0 0 1 0 0 0 0 1 0
images/fish/0218_2245940671.jpg 0 1 0 1 0 0 0 0 0 0 0 0 0 0 1 0 0 0 0 0 0
images/cockpit/0592_93347585.jpg 0 0 0 1 0 0 0 0 0 0 0 0 0 0 1 0 0 0 1 0 0
images/fence/0048_1075831980.jpg 0 0 0 0 0 1 0 0 0 0 1 0 0 0 1 0 1 1 0 0 0
images/straightaway/0075_446880234.jpg 0 0 0 0 0 0 0 0 0 0 0 0 1 0 1 0 0 0 1 0 0
images/architecture/0311_438482413.jpg 0 0 1 1 0 0 0 0 0 0 0 1 0 0 1 0 0 0 0 1 0
images/canal/0301_2197229024.jpg 0 0 0 1 0 1 0 0 0 0 0 1 0 0 1 0 0 0 0 1 0
images/castle/0410_133064235.jpg 0 0 1 1 0 1 1 0 0 0 0 1 0 0 1 0 0 0 0 1 0
images/booby/0010_166274095.jpg 1 0 0 1 0 0 1 0 0 0 0 0 0 0 1 0 1 0 0 1 0
images/harbors/0272_2126810228.jpg 0 0 1 0 0 0 0 0 0 0 0 0 0 0 0 0 0 0 0 0 1
images/jet/0332_61346672.jpg 0 0 0 1 0 0 0 0 0 0 0 0 0 0 1 0 0 0 0 0 0
images/dock/0550_2210608992.jpg 0 0 0 1 0 0 0 0 1 0 0 0 0 0 1 0 1 0 0 1 0
images/zoos/0462_2446804200.jpg 1 0 0 0 0 0 0 0 0 0 0 0 0 0 0 0 0 0 0 0 0
images/frigate/0408_63165387.jpg 0 0 0 1 0 0 0 0 1 0 0 0 0 0 1 0 0 0 0 1 0
images/buildings/0498_1385428003.jpg 0 1 0 1 0 0 0 1 0 0 0 0 0 1 1 0 0 0 0 1 0
images/horizon/0395_122548956.jpg 0 0 0 1 0 0 1 1 0 0 0 1 0 0 1 0 0 0 0 1 0
images/vegetation/0469_2050564444.jpg 0 0 0 0 0 1 0 0 0 0 1 0 0 0 0 0 0 0 0 0 0
images/group/0091_2574543570.jpg 0 1 0 1 0 0 1 0 1 1 0 0 0 0 1 0 1 0 0 0 0
images/art/0434_855065782.jpg 0 0 0 1 0 0 0 0 1 0 0 0 0 0 1 0 1 0 0 1 0
images/chapel/0222_2543835223.jpg 0 0 0 1 0 0 0 0 0 0 0 0 0 0 1 0 1 0 0 0 0
images/shade/0264_1491210501.jpg 0 0 0 0 0 1 0 0 0 0 1 0 0 0 1 0 0 0 0 0 0
images/marsh/0210_737381685.jpg 0 0 0 1 0 0 1 0 0 0 0 1 0 0 1 0 0 0 0 1 0
images/albatross/0082_483091237.jpg 1 0 0 1 0 0 0 0 0 0 0 0 0 0 0 0 0 0 0 0 0
images/television_tower/0343_59687192.jpg 0 0 1 0 0 0 0 0 0 0 0 0 1 0 1 0 0 0 0 0 1
images/swimming_pools/0487_2661323278.jpg 0 0 0 0 0 0 0 0 0 1 0 0 0 0 0 0 0 0 0 1 0
images/barge/0079_1579167668.jpg 0 0 0 0 0 0 1 0 1 0 0 1 0 0 0 0 0 0 0 1 0
images/mushrooms/0294_2620121945.jpg 0 0 0 0 0 0 0 0 0 0 1 0 0 0 0 1 0 0 0 0 0
images/buildings/0363_512963935.jpg 0 0 1 1 0 0 1 0 0 0 0 1 0 1 1 0 1 0 0 1 0
images/grouper/0090_438041911.jpg 1 0 0 0 0 0 0 0 0 0 0 0 0 0 0 0 0 0 0 1 0
images/skyline/0356_243221490.jpg 0 0 0 1 0 0 0 0 0 0 0 0 0 0 1 0 1 0 0 0 0
images/land/0221_1859495352.jpg 0 0 0 1 0 1 0 0 0 0 0 0 1 1 1 0 0 0 0 0 0
images/black/0337_1137135666.jpg 0 0 0 1 0 0 0 0 1 0 0 0 0 0 1 0 0 0 1 0 1
images/cabin/0511_2361267300.jpg 0 0 0 1 0 0 0 1 0 0 0 0 0 0 1 1 0 0 0 0 0
images/helicopters/0557_2423881540.jpg 0 0 0 0 0 0 0 0 0 0 0 0 0 1 0 0 0 0 0 1 0
images/rapids/0590_2052657899.jpg 0 0 0 0 0 0 0 0 0 0 0 0 0 1 1 1 0 0 0 1 0
images/frost/0236_2134242130.jpg 0 0 0 0 0 0 0 0 0 0 1 0 1 0 0 0 0 1 0 0 0
images/capital/0076_2692206780.jpg 0 0 0 1 0 0 0 0 0 1 0 0 0 0 1 0 1 0 0 0 0
images/first_lady/0463_504116686.jpg 0 0 1 1 0 0 0 0 0 0 0 0 0 0 1 0 0 0 0 0 0
images/garden/0460_453786580.jpg 0 0 0 0 1 0 0 0 0 0 1 0 0 0 0 0 0 0 0 0 0
images/sails/0323_2301402001.jpg 0 0 0 1 0 0 1 0 0 0 0 1 0 0 1 0 1 0 0 1 0
images/canal/0359_1144668377.jpg 0 0 0 0 0 0 0 0 0 0 0 1 0 0 0 0 0 0 0 1 1
images/houseboat/0221_1807018598.jpg 0 0 0 0 0 0 0 0 0 0 0 0 0 0 0 0 0 0 1 1 1
images/infants/0304_2403154722.jpg 0 0 0 0 0 0 0 0 0 1 0 0 1 0 1 0 0 0 0 0 0
images/harbor/0588_1156840820.jpg 0 0 0 1 0 0 1 0 1 0 0 0 0 0 0 0 0 0 0 1 0
images/coast/0327_113777199.jpg 0 1 0 1 0 0 0 0 1 0 0 0 0 0 1 0 0 0 0 1 0
images/buddha/0483_2652681436.jpg 0 0 0 1 0 1 0 1 0 0 0 0 1 1 0 0 0 0 0 0 0
images/harvest/0416_2336596641.jpg 0 0 0 1 0 0 1 1 0 0 0 0 0 0 1 0 1 0 0 0 0
images/streets/0272_2220068097.jpg 1 0 0 0 0 0 0 0 0 1 0 0 0 0 0 0 0 0 0 0 0
images/waterfalls/0284_2070434309.jpg 0 0 0 0 0 0 0 0 0 0 1 0 0 0 1 0 0 0 0 1 0
images/islands/0317_417098018.jpg 0 0 0 1 0 0 0 0 0 0 0 0 0 0 0 0 1 0 0 1 0
images/urban_scenes/0351_2080414664.jpg 0 0 1 0 0 0 0 0 0 0 0 0 1 0 1 0 0 0 0 0 0
images/hotel/0418_2187011887.jpg 0 0 0 0 0 0 1 0 0 0 1 1 0 0 1 0 1 0 0 1 0
images/mosques/0212_1433264648.jpg 0 0 0 1 0 0 0 0 0 0 0 0 0 0 1 0 1 0 0 1 0
images/palm/0038_816748966.jpg 0 1 0 1 0 0 0 0 0 0 0 0 0 0 1 0 0 0 0 1 0
images/wolf/0488_2125400713.jpg 1 0 0 0 0 0 0 0 0 0 0 0 0 0 0 1 0 0 0 0 0
images/barge/0475_43906283.jpg 0 0 0 0 0 0 1 0 1 0 0 0 0 1 0 0 0 0 0 1 0
images/tortoise/0223_2685513346.jpg 0 0 0 0 0 0 0 0 0 1 0 0 0 0 0 0 0 0 0 0 0
images/swimming_pools/0667_272620866.jpg 0 0 0 0 0 0 0 0 1 0 0 0 0 0 0 0 0 0 0 1 0
images/f-16/0310_2424943184.jpg 0 0 0 0 0 0 0 0 0 0 0 0 0 0 0 0 0 0 1 0 1
images/poppies/0485_2623449049.jpg 0 0 0 0 1 1 0 0 0 0 1 0 0 0 0 0 0 0 0 0 0
images/drum/0216_238308221.jpg 0 0 0 0 0 0 0 0 0 1 0 0 0 0 0 0 0 0 0 0 0
images/desert/0682_152482226.jpg 0 0 0 1 0 0 0 0 0 0 0 0 0 0 1 0 0 0 0 0 0
images/antelope/0357_246671876.jpg 0 1 0 1 0 0 1 0 0 0 0 1 0 0 1 0 0 0 0 1 0
images/nets/0268_947765687.jpg 0 0 0 1 0 1 0 0 0 0 0 0 0 0 1 0 0 0 0 0 0
images/caribou/0599_2332351419.jpg 1 0 0 0 0 0 0 0 0 0 1 0 0 0 0 0 0 0 0 0 0
images/hill/0358_128408664.jpg 0 0 1 1 0 0 0 1 0 0 0 0 1 0 1 0 0 0 0 0 0
images/frost/0355_2180157633.jpg 0 0 0 0 0 0 0 0 0 0 0 0 0 0 0 1 0 0 0 1 0
images/sailboat/0330_151741383.jpg 0 0 1 1 0 0 1 0 1 0 0 1 0 0 1 0 1 0 1 1 0
images/leopard/0025_348743794.jpg 1 0 0 0 0 0 0 0 0 0 0 0 0 0 0 0 0 0 0 0 0
images/row/0495_2696685853.jpg 0 0 0 0 0 1 0 0 0 0 1 0 0 0 0 0 0 0 0 0 0
images/arctic/0219_2123958171.jpg 0 0 0 1 0 1 1 0 0 0 0 0 0 0 1 0 0 0 0 1 0
images/doorway/0655_2357712306.jpg 1 0 0 0 0 0 0 0 0 0 0 0 0 0 0 0 0 0 0 0 0
images/singing/0521_2552975710.jpg 1 0 0 0 0 0 0 0 0 0 0 0 0 0 0 0 0 0 0 0 0
images/boeing/0485_1349358918.jpg 0 0 0 1 0 0 0 0 0 0 0 0 0 0 1 0 0 0 0 0 0
images/river_bank/0032_433511475.jpg 0 0 0 0 0 0 1 0 0 0 0 1 0 0 1 0 0 1 0 1 0
images/helicopters/0404_2631430312.jpg 0 0 0 1 0 0 0 0 0 0 0 0 0 0 1 0 0 0 0 0 1
images/range/0403_2698419956.jpg 0 0 1 1 0 0 1 0 0 0 0 0 0 0 1 0 0 0 0 1 1
images/meadow/0577_37274199.jpg 0 0 0 1 0 0 0 0 0 1 0 0 0 0 1 0 0 0 0 0 0
images/road_block/0038_101042100.jpg 0 0 0 1 0 0 0 0 0 1 0 0 1 0 1 1 0 0 0 0 1
images/helicopter/0399_1092915816.jpg 1 0 0 0 0 0 0 0 0 0 0 0 0 0 0 0 0 0 0 0 0
images/hillside/0556_28814275.jpg 0 0 0 0 0 1 0 0 0 0 0 0 0 0 1 0 0 0 0 0 0
images/graveyard/0407_12369550.jpg 0 0 0 0 0 0 0 0 0 0 0 0 0 0 0 0 0 1 0 0 0
images/road/0641_1126484366.jpg 0 0 0 1 0 0 0 0 0 0 0 0 1 0 1 0 0 0 0 0 0
images/peaks/0365_1351620592.jpg 0 1 0 1 0 0 1 1 1 0 0 0 0 0 1 0 0 0 0 1 0
images/tennis/0244_1765658466.jpg 0 0 0 0 0 1 0 0 0 1 0 0 0 0 0 0 0 0 0 0 0
images/greenhouse/0543_325751866.jpg 0 0 0 0 0 0 0 0 0 0 1 0 0 0 0 0 0 0 0 0 0
images/skiing/0373_2427008233.jpg 0 0 0 1 0 0 0 1 0 0 0 0 0 0 1 1 0 0 0 0 0
images/fog/0279_26329292.jpg 0 0 0 1 0 0 1 0 0 0 0 1 0 0 1 0 1 0 0 1 0
images/bridges/0254_733155270.jpg 0 0 1 0 0 0 0 0 0 0 0 1 0 0 0 0 0 0 0 0 0
images/ship/0431_2598629019.jpg 0 0 0 0 0 0 1 0 0 0 0 1 0 0 1 0 1 0 1 1 0
images/cactus/0579_2567704880.jpg 0 0 0 0 1 0 0 0 0 0 1 0 0 0 0 0 0 0 0 0 0
images/funeral/0005_514397919.jpg 0 0 0 0 0 0 0 0 0 1 0 0 0 0 0 0 0 0 0 0 0
images/rowboat/0300_2722020914.jpg 0 1 0 0 0 0 0 0 1 0 0 0 0 0 1 0 0 0 0 1 0
images/hills/0279_2584535830.jpg 0 0 0 1 0 0 0 0 0 0 1 0 0 0 1 0 1 0 0 0 0
images/lakes/0415_2288182955.jpg 0 0 0 1 0 0 0 0 0 0 1 1 0 0 1 0 0 0 0 1 0
images/horizon/0596_2638368027.jpg 0 0 0 1 0 1 1 0 1 0 1 1 0 0 1 0 1 1 0 1 0
images/wings/0294_1941415574.jpg 1 1 0 1 0 0 0 0 1 0 0 0 0 0 1 0 0 0 0 1 0
images/crowd/0574_2667778140.jpg 0 0 1 0 0 0 0 0 0 0 0 0 0 0 0 0 0 0 0 0 0
images/maui/0350_242436744.jpg 0 0 0 1 0 0 1 0 1 0 0 0 1 0 1 0 0 0 0 1 0
images/chrysanthemums/0465_2517607589.jpg 0 0 0 0 1 0 0 0 0 0 0 0 0 0 0 0 0 0 0 0 0
images/glacier/0311_138356714.jpg 0 0 0 1 0 0 0 1 0 0 0 0 0 1 1 1 0 0 0 1 0
images/office_building/0476_231932724.jpg 0 0 1 0 0 0 0 0 1 0 0 1 0 0 1 0 0 0 0 1 0
images/blooms/0488_158582716.jpg 0 0 0 0 1 0 0 0 0 0 1 0 0 0 0 0 0 0 0 0 0
images/beach/0285_2633281182.jpg 0 1 0 0 0 0 0 0 1 1 0 0 0 0 1 0 0 0 0 1 0
images/pyramid/0528_2208348059.jpg 0 0 0 0 0 0 1 0 0 0 0 1 0 0 1 0 0 0 0 1 0
images/avalanche/0048_380122253.jpg 0 0 0 1 0 0 1 1 0 0 0 0 0 0 0 0 0 0 0 1 0
images/autumn/0557_439131502.jpg 0 0 0 0 0 0 0 0 0 0 0 1 0 0 1 0 0 0 0 0 0
images/caribou/0353_54316008.jpg 0 0 0 1 0 0 0 1 0 0 0 0 0 0 1 1 0 0 0 0 0
images/cockpit/0587_104729664.jpg 0 0 0 1 0 0 0 0 0 0 0 0 0 0 1 0 0 0 1 0 0
images/cliff/0239_2460197922.jpg 0 0 0 0 0 0 0 0 1 0 0 0 0 1 1 0 0 0 0 1 0
images/cactus/0411_2403433036.jpg 0 0 0 0 0 0 0 0 0 0 1 0 0 1 1 0 0 0 0 0 0
images/bridges/0239_442904813.jpg 0 0 1 0 0 0 0 0 0 0 0 0 0 0 0 0 0 0 0 0 0
images/supermarket/0551_2286263374.jpg 0 0 0 0 0 0 0 0 0 0 0 0 1 0 0 0 0 0 0 0 0
images/winter/0524_114584718.jpg 0 0 0 1 0 0 0 0 0 0 1 0 0 0 1 0 0 1 0 0 0
images/island/0005_2297025544.jpg 0 0 0 1 0 0 1 0 1 0 0 1 0 0 1 0 1 0 0 1 0
images/mushrooms/0360_2340649411.jpg 0 0 0 0 0 0 0 0 0 0 1 0 0 0 0 0 0 0 0 0 0
images/goat/0266_240218391.jpg 1 0 0 0 0 1 0 0 0 0 0 0 0 0 1 0 0 0 0 0 0
images/lakes/0273_1256744720.jpg 0 0 0 1 0 0 0 0 0 0 0 1 0 0 1 0 1 0 0 1 0
images/walking/0206_1409661690.jpg 0 0 0 0 0 0 0 0 0 0 0 0 1 0 0 0 0 0 0 0 0
images/politicians/0354_262159765.jpg 0 0 0 0 0 0 0 0 0 1 0 0 0 0 0 0 0 0 1 0 1
images/bulls/0401_184000445.jpg 0 0 0 0 0 0 0 0 0 1 1 0 0 0 0 0 0 0 0 0 0
images/courthouse/0395_9565256.jpg 0 0 1 0 0 0 0 0 0 0 0 0 0 0 1 0 0 1 0 0 0
images/forest/0083_236855054.jpg 0 0 0 1 0 0 0 0 0 0 1 0 0 1 1 0 0 0 0 1 0
images/cul-de-sac/0310_2442241367.jpg 0 0 0 0 0 0 0 0 0 1 0 0 1 0 1 1 0 0 0 0 1
images/tugboat/0343_39858197.jpg 0 0 1 1 0 0 0 0 0 0 0 0 0 0 1 0 0 0 1 1 0
images/head/0548_2554316116.jpg 0 0 0 0 0 0 0 0 0 1 0 0 0 0 0 0 0 0 0 0 0
images/ditch/0400_2704040341.jpg 0 0 0 0 0 0 1 0 0 0 0 1 0 0 1 0 0 0 0 1 0
images/tugboat/0470_393496806.jpg 0 0 0 1 0 0 0 0 0 0 0 0 0 0 1 0 1 0 0 1 0
images/branch/0200_529482117.jpg 0 0 0 0 0 0 0 0 0 0 0 0 1 0 0 0 0 1 0 0 0
images/ground/0507_380902917.jpg 0 0 0 0 0 0 0 0 0 0 0 0 0 0 0 0 0 0 0 1 0
images/harbors/0437_1487739557.jpg 0 0 0 0 0 0 1 0 0 0 0 0 0 0 1 0 0 0 0 1 0
images/chrysanthemums/0573_276331434.jpg 0 0 0 0 1 0 0 0 0 0 0 0 0 0 0 0 0 0 0 0 0
images/boeing/0089_284386231.jpg 0 0 0 0 0 0 1 1 0 0 0 0 0 1 1 0 0 0 0 0 0
images/bridge/0418_2260770289.jpg 0 0 1 1 0 0 0 0 0 0 0 1 1 0 1 0 1 0 0 1 0
images/perch/0487_537701111.jpg 1 0 0 0 0 0 0 0 0 0 0 0 0 0 0 0 0 0 0 0 0
images/plants/0495_2583880773.jpg 1 0 0 0 1 0 0 0 0 0 1 0 0 0 0 0 0 0 0 0 0
images/moon/0420_2347864266.jpg 0 0 0 0 0 0 1 0 1 0 0 0 0 0 1 0 0 0 0 1 0
images/military_personnel/0064_2624214047.jpg 0 0 0 0 0 0 0 0 0 1 0 0 0 0 0 1 0 0 0 0 0
images/skiing/0447_70351990.jpg 0 0 0 0 0 0 0 0 0 0 1 0 0 0 0 1 0 0 0 0 0
images/shops/0287_423999790.jpg 0 0 1 0 0 0 0 0 0 0 0 0 0 0 0 1 0 0 0 0 1
images/pebbles/0509_2717564034.jpg 0 1 0 1 0 0 0 0 0 0 0 0 0 1 1 0 0 0 0 1 0
images/flags/0274_2522072470.jpg 0 0 0 0 1 0 0 0 0 0 0 0 0 0 0 0 0 0 0 0 0
images/cactus/0583_2359937633.jpg 0 0 0 0 1 1 0 1 0 0 0 0 0 0 1 0 0 0 0 0 0
images/maui/0218_2455201193.jpg 0 1 0 1 0 0 0 0 1 0 0 0 0 0 1 0 1 0 0 1 0
images/sponges/0624_1235465595.jpg 0 0 0 1 0 0 0 0 0 0 0 0 0 0 1 0 0 0 0 0 1
images/rose/0412_489462663.jpg 0 0 0 0 1 0 0 0 0 0 1 0 0 0 0 0 0 0 0 0 0
images/mast/0359_112447824.jpg 0 0 1 1 0 0 0 0 0 0 0 1 0 0 1 0 0 0 0 1 0
images/crowd/0415_566124054.jpg 0 0 0 0 0 0 0 0 0 1 0 0 1 0 0 0 0 0 0 0 0
images/shopping_mall/0607_251932119.jpg 0 0 0 0 0 0 0 0 0 0 0 0 1 0 0 0 0 0 0 0 1
images/wood/0574_1823624632.jpg 0 0 0 1 0 0 1 0 0 0 1 1 0 0 0 0 0 0 0 1 0
images/moose/0459_424309267.jpg 1 0 0 0 0 0 0 0 0 0 1 0 0 0 0 0 0 0 0 0 0
images/leopard/0367_268392106.jpg 1 0 0 0 0 0 0 0 0 0 0 0 0 0 0 0 0 0 0 0 0
images/peaks/0373_288072513.jpg 0 0 0 1 0 0 0 1 0 0 0 0 0 1 1 1 0 0 0 0 0
images/talking/0079_2590391798.jpg 1 0 0 0 0 0 0 0 0 0 0 0 0 0 1 0 0 0 0 0 0
images/tusks/0052_1195585627.jpg 1 0 0 0 0 1 0 0 0 0 0 0 0 0 0 0 0 0 0 0 0
images/elk/0330_1088568870.jpg 1 0 0 0 0 1 0 0 0 0 0 0 0 0 0 0 0 0 0 0 0
images/diver/0023_2385830767.jpg 0 0 0 1 0 0 0 0 0 0 0 0 0 0 0 0 0 0 0 1 0
images/sketches/0389_2333340815.jpg 0 0 0 0 0 0 0 0 0 0 0 0 0 1 1 0 0 0 0 0 0
images/hills/0438_2603509875.jpg 0 0 0 1 0 0 1 1 0 0 1 0 0 0 1 0 0 1 0 0 0
images/harbor/0373_350116343.jpg 0 0 0 1 0 0 1 0 0 0 0 0 0 0 1 0 1 0 0 1 0
images/bride/0350_2577410397.jpg 0 0 0 0 0 0 0 0 0 1 0 0 0 0 0 0 0 0 0 0 0
images/oil_field/0665_2298820595.jpg 0 0 0 0 0 0 0 0 0 0 1 0 0 0 1 0 0 0 0 0 0
images/spider/0076_513192705.jpg 0 0 0 0 0 0 0 0 0 0 0 1 1 0 0 0 0 0 1 0 1
images/fire_station/0076_356123306.jpg 0 0 0 0 0 0 0 0 0 0 0 0 0 0 0 0 0 0 1 0 1
images/golf/0496_2584937329.jpg 0 0 0 1 0 0 0 0 0 0 0 0 0 0 1 1 0 1 0 0 0
images/angelfish/0377_246638072.jpg 1 0 0 0 0 0 0 0 1 0 0 0 0 0 0 0 0 0 0 1 0
images/bay/0291_72624808.jpg 0 0 0 1 0 0 0 0 1 0 0 0 0 0 1 0 1 0 0 1 0
images/lighthouse/0409_2618565089.jpg 0 0 0 1 0 0 0 0 0 0 0 0 0 0 1 0 1 0 0 1 0
images/eyewitness/0216_411460416.jpg 0 0 0 0 0 0 0 0 0 0 0 0 0 0 0 1 0 0 0 0 0
images/ruins/0318_2532096262.jpg 0 1 0 1 0 0 0 0 1 0 0 0 0 0 1 0 0 0 0 1 0
images/shopping_mall/0592_2370852892.jpg 0 0 0 0 0 0 0 0 0 0 0 0 0 0 0 0 0 0 0 0 1
images/dog/0292_130020543.jpg 1 0 0 1 0 1 0 1 0 0 0 0 0 0 1 0 0 0 0 0 0
images/courtyard/0330_185830634.jpg 1 0 0 0 0 0 0 0 0 0 0 1 0 0 0 0 0 0 0 0 0
images/turn/0465_521348238.jpg 0 0 0 0 0 0 0 0 0 0 0 0 0 0 0 0 0 0 0 0 1
images/sunrise/0312_2220611397.jpg 0 1 0 1 0 0 1 0 1 0 0 0 0 0 1 0 0 0 0 0 0
images/lake/0238_473748752.jpg 0 0 0 1 0 0 1 0 1 0 0 0 0 0 1 1 0 1 0 0 0
images/lawn/0324_2248324808.jpg 0 0 0 0 0 1 0 0 0 0 1 0 0 0 0 0 0 0 0 0 0
images/grain_elevator/0298_1216409017.jpg 0 0 1 0 0 1 0 0 0 0 0 0 0 0 0 0 0 0 1 0 0
images/tables/0367_1815386563.jpg 0 1 0 1 0 0 1 0 1 0 0 0 0 0 1 0 0 0 0 1 0
images/waves/0498_1379550100.jpg 0 0 0 1 0 0 1 0 1 0 0 0 0 0 0 0 0 0 0 1 0
images/glacier/0027_638283095.jpg 0 0 0 1 0 1 0 1 0 0 0 0 0 1 1 0 0 0 0 0 0
images/sign/0548_280938301.jpg 0 0 0 0 0 0 0 0 0 0 0 0 1 0 0 0 0 0 0 0 0
images/coyote/0054_540115645.jpg 1 0 0 0 0 0 0 0 0 0 0 0 0 0 0 1 0 0 0 0 0
images/cabin/0457_2390719825.jpg 0 0 1 1 0 1 0 0 0 0 0 0 0 0 0 0 0 1 0 0 1
images/clothes/0425_245228835.jpg 0 0 1 0 0 0 0 0 0 1 0 0 0 0 0 0 0 0 0 0 0
images/iguana/0017_310914140.jpg 1 0 0 0 0 0 0 0 0 0 0 0 0 0 0 0 0 0 0 0 0
images/frozen/0100_65962276.jpg 0 0 0 0 0 0 1 0 0 0 0 1 0 0 1 0 1 0 0 1 0
images/storms/0420_2530947291.jpg 0 0 0 1 0 0 0 0 0 0 0 0 1 0 1 0 0 0 0 0 0
images/tracks/0460_2450597.jpg 0 0 0 0 0 0 0 0 0 0 0 0 0 0 0 1 0 0 0 0 0
images/trunk/0417_2411568454.jpg 0 0 0 0 0 0 0 0 0 0 1 0 0 0 0 0 0 1 0 0 0
images/maui/0485_408551428.jpg 1 0 0 0 0 0 0 0 1 0 0 0 0 0 1 0 0 0 0 1 0
images/basketball/0552_205217758.jpg 0 0 0 0 0 0 0 0 0 0 0 0 0 0 1 0 0 0 0 0 0
images/blossoms/0481_2354796431.jpg 0 0 0 1 0 0 0 0 0 0 0 0 0 0 1 0 0 1 0 0 0
images/rifles/0593_467399038.jpg 0 0 0 0 0 0 0 0 0 1 0 0 0 0 0 0 0 0 0 0 0
images/tortoise/0545_15067177.jpg 1 0 0 0 0 1 0 0 0 0 0 0 1 0 0 0 0 0 0 0 0
images/pickup_truck/0055_224476271.jpg 0 0 0 0 0 0 0 0 0 1 0 0 0 0 0 0 0 0 1 0 1
images/islands/0436_717306616.jpg 0 0 0 0 0 0 0 0 0 0 0 0 0 0 1 0 0 1 0 1 0
images/cottage/0489_2562516271.jpg 0 0 1 0 0 1 0 0 0 0 0 0 0 0 0 0 0 0 0 0 0
images/boy/0430_2482142114.jpg 0 0 0 1 0 1 0 0 0 0 0 0 0 0 1 0 0 0 0 0 0
images/balcony/0674_2338048092.jpg 0 0 1 0 0 0 0 0 0 0 0 0 0 0 0 0 0 1 0 0 1
images/airport/0581_13398866.jpg 0 0 0 0 0 0 0 0 0 0 0 0 0 0 0 0 0 0 0 0 1
images/arctic/0558_2224353735.jpg 0 0 0 1 0 0 1 0 0 0 0 0 0 1 1 1 0 0 0 1 0
images/maui/0587_143968889.jpg 0 0 0 1 0 0 0 1 0 0 0 0 0 0 1 0 0 0 0 0 0
images/sketches/0006_2534825766.jpg 0 0 0 0 0 0 0 0 1 0 0 0 0 0 0 0 0 0 0 1 0
images/needles/0330_441628953.jpg 0 0 0 0 0 0 0 0 1 0 0 0 0 0 0 0 0 0 0 0 0
images/oahu/0425_461585154.jpg 0 1 0 1 0 0 1 0 0 0 0 0 0 0 1 0 0 0 0 1 0
images/crops/0512_2259808803.jpg 0 0 0 0 0 1 0 0 0 0 0 0 0 0 1 0 0 1 0 0 0
images/antenna/0581_133797762.jpg 0 0 0 0 0 0 0 0 0 0 0 0 0 1 1 0 0 0 0 0 0
images/golf_course/0686_524027168.jpg 0 0 0 0 0 1 1 0 0 0 1 0 0 0 0 0 0 0 0 0 0
images/urban_scenes/0246_328997646.jpg 0 0 0 0 0 0 0 0 0 0 0 0 1 0 1 0 0 0 1 0 0
images/oahu/0571_368785174.jpg 0 1 0 0 0 1 1 1 1 0 0 0 0 1 1 0 0 0 0 1 0
images/pack/0582_2720650739.jpg 1 0 0 0 0 1 0 0 0 0 0 0 0 0 0 0 0 0 0 1 0
images/agent/0476_22003473.jpg 0 0 0 1 0 1 0 0 0 0 0 0 0 0 0 0 0 0 0 1 0
images/first_lady/0100_823586887.jpg 0 0 0 0 0 0 0 0 0 0 0 0 1 0 1 0 0 0 0 0 0
images/cows/0068_1988485536.jpg 1 0 0 0 0 1 0 0 0 0 0 0 0 0 1 0 0 0 0 0 0
images/mural/0216_26835915.jpg 0 0 1 1 0 0 0 0 0 0 0 0 0 0 1 0 0 0 0 0 0
images/albatross/0539_1428765153.jpg 1 0 0 0 0 0 0 0 1 0 0 0 0 0 0 0 0 0 0 1 0
images/communications_tower/0030_236142925.jpg 0 0 1 1 0 0 0 0 0 0 0 0 0 0 1 0 0 0 0 0 0
images/earthquake/0484_353730895.jpg 0 0 0 0 0 0 0 0 0 0 0 0 0 1 0 0 0 0 0 1 0
images/individual/0550_355986120.jpg 0 0 0 1 0 0 0 0 0 0 0 0 0 0 1 0 0 0 1 0 0
images/volcano/0269_358719028.jpg 0 0 0 1 0 0 0 1 0 0 0 0 0 0 0 0 0 1 0 0 0
images/branch/0322_413597303.jpg 0 0 0 0 0 1 0 0 0 0 0 1 0 0 1 0 0 1 0 1 0
images/crowd/0333_547456551.jpg 0 0 0 0 1 0 0 0 0 0 0 0 0 0 0 0 0 0 0 0 0
images/house_of_worship/0472_1274435834.jpg 0 0 1 0 0 0 0 0 0 0 0 0 0 0 0 0 0 0 0 0 0
images/sails/0239_2058720915.jpg 0 0 0 0 0 0 1 0 0 0 0 0 0 0 1 0 0 0 0 1 0
images/pond/0233_2175454125.jpg 0 0 0 0 1 0 0 0 0 0 1 1 0 0 0 0 0 0 0 1 0
images/city/0366_141900792.jpg 0 0 0 1 0 0 0 0 0 0 0 0 0 0 1 0 0 0 0 0 0
images/singing/0266_71632962.jpg 0 0 0 0 0 0 0 0 0 1 0 0 0 0 0 0 0 0 0 0 0
images/night/0509_212384642.jpg 0 0 0 1 0 0 1 0 1 0 0 0 0 0 1 0 0 0 0 1 0
images/pebbles/0094_401717316.jpg 0 1 0 0 0 0 0 0 0 0 0 0 0 1 1 0 0 0 0 1 0
images/blossoms/0472_440185556.jpg 0 0 0 0 1 0 0 0 0 0 0 0 0 0 0 0 0 1 0 0 0
images/calf/0555_36148798.jpg 1 0 0 0 0 1 0 0 0 0 0 0 0 0 0 0 0 0 0 0 0
images/child/0047_895467534.jpg 0 0 0 0 0 1 0 0 0 1 0 0 0 0 0 0 0 0 0 0 0
images/hunter/0319_2094456333.jpg 0 0 0 1 0 0 1 0 1 0 0 1 0 0 1 0 1 0 0 1 0
images/sailboats/0372_2543493720.jpg 0 0 0 1 0 0 0 0 0 0 0 1 0 0 1 0 0 0 0 1 0
images/police_station/0313_405026068.jpg 0 0 1 0 0 0 0 0 0 0 0 0 0 0 0 0 0 0 0 0 1
images/ice_skating/0058_316620447.jpg 0 0 0 0 0 0 1 0 1 0 0 0 0 0 1 0 0 0 0 1 0
images/slope/0062_1443320377.jpg 0 0 0 1 0 1 0 1 0 0 1 0 0 1 1 1 0 0 0 0 0
images/barracks/0407_399260290.jpg 0 0 0 1 0 0 0 0 0 0 0 0 0 0 1 0 0 0 0 0 0
images/anemone/0543_61822514.jpg 1 0 0 0 0 0 0 0 0 0 0 0 0 0 0 0 0 0 0 0 0
images/pond/0544_2720823304.jpg 0 0 0 0 0 0 0 0 0 0 1 1 0 0 1 0 0 1 0 1 0
images/raft/0630_192292857.jpg 0 0 0 0 0 0 0 0 0 1 0 0 0 0 0 0 0 0 0 1 0
images/mare/0527_437828949.jpg 0 0 0 0 0 0 1 0 0 0 0 0 0 0 1 0 0 0 0 1 0
images/formula/0264_2614407294.jpg 0 0 0 0 0 0 0 0 0 0 0 0 1 0 0 0 0 0 1 0 0
images/groom/0391_415546594.jpg 0 0 0 0 1 1 0 0 0 1 0 0 0 0 0 0 0 0 0 0 0
images/dall/0298_2571655803.jpg 0 0 0 0 0 0 0 0 0 0 0 0 0 1 0 0 0 0 0 1 0
images/valley/0471_415192805.jpg 0 0 0 0 0 0 1 1 0 0 0 0 0 1 0 0 0 0 0 1 0
images/frigate/0023_2539593967.jpg 0 0 0 1 0 0 0 0 0 0 0 1 0 0 1 0 0 0 1 0 1
images/highway/0495_2263466903.jpg 0 0 0 1 0 0 0 1 0 0 0 0 0 1 1 0 0 0 0 0 0
images/hut/0225_224821913.jpg 0 1 0 1 0 0 1 0 1 0 1 0 0 1 1 0 0 0 0 1 0
images/gymnastics/0542_41735420.jpg 0 0 0 0 0 1 0 0 0 0 0 0 0 0 0 0 0 0 0 0 0
images/zebra/0494_968390954.jpg 1 0 0 0 0 0 0 0 0 0 0 0 0 0 0 0 0 0 0 0 0
images/glacier/0076_56555860.jpg 0 0 0 1 0 0 1 1 0 0 0 0 0 0 1 0 0 0 0 1 0
images/frost/0260_2174734772.jpg 0 0 0 0 0 0 0 0 0 0 0 0 0 0 1 1 0 0 0 1 0
images/run/0521_2085272373.jpg 0 0 0 0 0 0 0 0 0 1 0 0 0 0 0 0 0 0 0 1 0
images/pair/0308_2264176036.jpg 0 1 0 0 0 0 1 0 1 1 0 0 0 0 1 0 1 0 0 1 0
images/lakes/0357_160422250.jpg 0 0 0 1 0 0 1 0 0 0 0 1 0 0 1 0 1 0 0 1 0
images/straightaway/0065_363067138.jpg 0 0 0 0 0 0 0 0 0 0 0 0 1 0 1 0 0 0 1 0 0
images/horns/0218_148529690.jpg 0 0 1 0 0 0 0 0 0 0 0 0 0 0 0 0 0 0 0 0 1
images/emergency_vehicles/0160_2599352164.jpg 0 0 0 0 0 0 0 0 0 0 0 0 0 0 0 0 0 0 1 0 1
images/motorcycle/0076_240975246.jpg 0 0 0 0 0 0 0 0 0 0 0 0 1 0 0 0 0 0 1 0 1
images/tornado/0016_429916320.jpg 0 0 0 0 0 0 0 0 0 0 0 0 0 0 0 1 0 0 0 0 0
images/cliff/0304_2365223201.jpg 0 1 0 1 0 0 0 0 0 0 0 0 0 1 1 0 0 0 0 1 0
images/volcano/0528_129531353.jpg 0 0 0 0 0 0 1 1 0 0 0 0 0 0 1 0 0 0 0 1 0
images/crab/0338_97921384.jpg 1 1 0 1 0 0 0 0 1 0 0 0 0 0 1 0 0 0 0 0 0
images/backpackers/0445_2078370674.jpg 0 0 0 1 0 0 0 0 1 1 0 0 0 1 1 0 0 0 0 1 0
images/helicopters/0423_502319391.jpg 0 0 0 0 0 0 0 0 0 0 0 0 0 0 1 0 1 0 0 0 0
images/chairs/0430_390102657.jpg 0 0 0 1 0 0 0 0 0 0 0 0 0 0 0 1 0 0 0 0 0
images/adult/0560_780223591.jpg 0 0 0 0 0 0 0 0 1 1 0 0 0 0 0 0 0 0 0 0 0
images/john_edwards/0487_901899192.jpg 0 0 0 1 0 0 0 0 0 1 1 0 0 0 1 0 0 0 0 0 0
images/aqueduct/0310_405509745.jpg 0 1 0 1 0 0 0 0 0 0 0 1 0 0 1 0 0 0 0 1 0
images/mast/0035_1040499906.jpg 0 0 0 1 0 0 1 0 1 0 0 0 0 0 1 0 1 0 0 1 0
images/outdoor/0384_364112180.jpg 0 0 0 0 0 0 1 1 0 0 0 1 0 0 0 0 0 0 0 1 0
images/pagoda/0536_604740200.jpg 0 0 0 1 0 0 1 0 0 0 1 0 0 0 1 0 0 0 0 0 0
images/peaks/0274_307082399.jpg 0 0 1 1 0 0 1 0 0 0 0 1 0 1 1 0 1 0 0 1 0
images/sign/0526_2404965405.jpg 0 1 0 0 0 0 1 0 0 0 0 1 0 0 0 0 0 0 0 1 0
images/pole/0418_1381656599.jpg 0 0 0 1 0 0 0 0 0 0 0 0 0 0 1 0 1 1 0 0 0
images/child/0543_159264709.jpg 0 0 0 0 0 0 1 0 0 1 0 1 0 0 0 0 1 0 0 0 0
images/hotel/0045_381671999.jpg 0 0 0 0 0 0 0 0 0 0 0 0 0 0 0 1 0 0 0 0 1
images/forest/0368_258172401.jpg 0 0 0 0 0 0 0 0 0 0 1 0 0 0 0 0 0 1 0 0 0
images/boy/0377_17135716.jpg 0 1 0 0 0 0 0 0 0 0 0 0 0 0 1 0 0 0 0 1 0
images/bridges/0531_292974078.jpg 0 0 0 1 0 0 1 0 1 0 0 1 0 0 1 0 0 0 0 1 0
images/temple/0562_688988687.jpg 0 0 0 0 0 0 0 0 0 1 0 0 0 0 0 0 0 0 0 0 1
images/shopping_mall/0478_361072000.jpg 0 0 1 1 0 0 0 0 0 0 0 0 1 0 1 1 0 0 0 0 0
images/mug/0564_2485676482.jpg 0 0 0 0 0 0 0 0 0 0 0 0 0 0 0 0 0 0 0 0 1
images/meeting/0277_2206042309.jpg 0 0 1 1 0 0 1 0 0 0 0 0 0 0 1 0 0 0 0 1 0
images/car_racing/0528_1663967878.jpg 0 0 0 0 0 0 0 0 0 0 0 0 1 0 0 0 0 0 0 0 0
images/jeep/0258_2507866505.jpg 0 0 0 0 0 0 0 0 0 0 0 0 0 0 0 0 0 0 1 1 1
images/hospital/0255_2557712256.jpg 0 0 0 0 0 0 0 0 0 0 0 0 0 0 0 0 0 0 0 0 1
images/sails/0337_211670098.jpg 0 0 0 1 0 0 1 0 1 0 0 0 0 0 1 0 0 0 1 1 0
images/frozen/0239_843294041.jpg 0 0 0 0 0 0 1 1 0 0 0 0 0 1 1 1 0 0 0 1 0
images/detail/0222_556997140.jpg 0 0 0 0 1 0 0 0 0 0 0 0 0 0 0 0 0 0 0 0 0
images/islands/0508_2085893437.jpg 0 0 0 1 0 0 1 0 1 0 0 0 0 0 1 0 0 0 0 1 0
images/ties/0408_1342972419.jpg 0 0 0 1 0 0 0 0 0 0 0 0 0 0 1 0 0 0 1 0 1
images/mist/0561_317771728.jpg 0 0 0 0 0 1 1 0 0 0 0 1 0 0 0 0 0 0 0 1 0
images/nighttime/0353_398630969.jpg 0 0 0 0 0 0 0 0 1 0 0 0 0 0 0 0 0 0 0 1 0
images/tugboat/0015_112680629.jpg 0 0 0 1 0 0 1 0 0 0 0 0 0 0 1 0 0 0 0 0 0
images/car_racing/0098_1627984805.jpg 0 0 0 1 0 0 1 0 1 0 0 0 0 0 1 0 1 0 0 1 0
images/highway/0202_412711498.jpg 0 0 0 1 0 0 0 0 0 0 0 0 1 1 1 0 0 0 0 0 0
images/valleys/0035_1247477334.jpg 0 0 0 1 0 0 0 1 0 0 0 0 0 0 1 0 1 0 0 0 0
images/houseboat/0310_860994415.jpg 0 0 0 1 0 0 1 0 0 0 1 1 0 0 1 0 0 0 0 1 1
images/pups/0492_191024060.jpg 1 0 0 0 0 0 0 0 0 0 0 0 0 0 0 0 0 0 0 0 0
images/vineyard/0302_242000127.jpg 0 0 0 0 0 0 0 0 0 1 0 0 0 0 1 0 0 0 0 0 0
images/basket/0572_2539652510.jpg 0 0 0 0 0 0 0 0 0 1 0 0 0 0 0 0 0 0 0 0 0
images/freighter/0455_1155988914.jpg 0 0 0 1 0 0 1 0 1 0 0 0 0 0 1 0 0 0 0 1 0
images/pagoda/0040_2490615530.jpg 0 0 1 0 0 0 0 0 0 0 0 0 0 0 0 0 0 0 0 0 0
images/boats/0236_105236563.jpg 0 0 0 1 0 0 0 0 0 0 0 0 0 0 1 0 1 0 0 1 0
images/diver/0370_12718661.jpg 1 0 0 0 0 0 0 0 0 0 0 0 0 0 0 0 0 0 0 1 0
images/lake/0512_147684916.jpg 0 0 0 0 0 0 1 1 0 0 1 1 0 0 1 1 0 0 0 1 0
images/mare/0359_1813512996.jpg 0 0 0 1 0 0 0 0 1 0 0 0 0 0 1 0 1 0 0 1 0
images/reefs/0060_224863280.jpg 1 0 0 0 0 0 1 0 1 0 0 0 0 0 0 0 0 0 0 1 0
images/booby/0587_2160228780.jpg 1 0 0 0 0 0 0 0 0 0 0 0 0 0 0 0 0 0 0 1 0
images/clouds/0405_1256180680.jpg 0 0 0 1 0 0 0 1 0 0 0 0 0 0 1 0 0 0 0 0 0
images/crops/0316_2158654610.jpg 0 0 0 0 0 0 0 0 0 0 0 0 0 0 0 1 0 0 0 0 0
images/guard/0398_2400366820.jpg 1 0 0 0 0 0 0 0 0 0 0 0 0 0 0 0 0 0 0 0 0
images/islands/0454_1341074360.jpg 0 0 0 1 0 1 1 1 1 0 0 0 0 0 1 0 0 0 0 1 0
images/cockpit/0420_2224108223.jpg 0 0 0 1 0 0 0 0 0 0 0 0 0 0 1 0 1 0 0 0 0
images/helicopter/0589_2421825851.jpg 0 0 0 1 0 1 0 0 0 0 0 0 0 0 0 0 0 0 0 0 0
images/charts/0502_2230157820.jpg 0 0 0 0 0 0 0 0 0 1 0 0 0 0 0 0 0 0 0 0 0
images/first_lady/0430_2534400633.jpg 0 0 0 0 0 0 0 0 0 0 0 0 1 0 0 0 0 0 1 0 1
images/landscape/0007_2616156777.jpg 0 0 0 1 0 0 1 1 0 0 0 1 0 0 1 0 0 0 0 1 0
images/ship/0248_200100256.jpg 0 1 0 1 0 0 0 0 1 0 0 1 0 0 1 0 0 0 0 1 0
images/restaurant/0387_301333954.jpg 0 0 1 1 0 0 0 0 0 0 0 0 1 0 1 0 0 0 0 0 1
images/moss/0693_307924490.jpg 0 1 0 1 0 0 1 0 1 0 0 0 0 1 1 0 1 0 0 1 0
images/islands/0059_235327518.jpg 0 0 0 1 0 0 1 1 0 0 0 1 0 0 1 0 0 0 0 1 0
images/calf/0069_2431222840.jpg 1 0 0 0 0 1 0 0 0 0 0 0 0 0 0 0 0 0 0 0 0
images/stems/0294_366017521.jpg 0 0 0 1 0 0 0 0 0 0 0 0 0 0 1 0 1 0 0 0 0
images/tanks/0211_128518938.jpg 0 0 0 1 0 0 0 0 0 0 0 0 0 0 1 0 0 0 1 0 0
images/deer/0334_771975116.jpg 1 0 0 0 0 0 0 0 0 0 0 1 0 0 0 0 0 0 0 1 0
images/courthouse/0398_182246047.jpg 0 0 1 1 0 0 0 0 0 0 0 0 0 0 1 0 0 0 0 0 1
images/grassland/0345_294798122.jpg 1 0 0 0 0 1 0 1 0 0 0 0 0 0 1 0 0 0 0 0 0
images/lighthouse/0368_2714784680.jpg 0 1 0 1 0 0 1 0 1 0 1 0 0 1 1 0 0 0 0 1 0
images/sailboats/0444_1792905974.jpg 0 0 0 0 0 0 1 0 1 0 0 0 0 0 1 0 0 0 0 0 0
images/sunny/0276_288016312.jpg 0 0 0 0 0 0 0 0 0 0 0 0 0 1 1 0 0 0 0 0 0
images/mast/0541_504734096.jpg 0 0 1 1 0 0 1 0 0 0 0 0 0 0 1 0 0 0 1 1 0
images/path/0512_2469827043.jpg 0 0 0 0 1 1 0 0 0 0 1 0 0 0 0 0 0 0 0 0 0
images/driver/0556_527432079.jpg 0 0 0 0 0 0 0 0 0 0 0 0 0 0 0 0 0 0 1 0 0
images/lighthouse/0279_963825695.jpg 0 1 0 1 0 0 1 0 1 0 0 0 0 0 1 0 0 0 0 1 0
images/nuclear_powerplants/0005_1649514266.jpg 0 1 0 1 0 0 0 0 0 0 0 0 0 0 1 0 1 0 0 1 0
images/grain_elevator/0370_835144082.jpg 0 0 0 1 0 0 0 0 0 0 0 0 0 0 0 0 0 0 0 0 0
images/valleys/0056_27511732.jpg 1 0 0 1 0 1 0 0 0 0 0 0 0 0 1 0 0 0 0 0 0
images/cheering/0639_38429227.jpg 0 0 0 0 0 0 0 0 0 0 0 0 0 0 1 0 0 0 0 0 0
images/oceans/0595_118085189.jpg 0 1 0 1 0 0 0 0 1 0 0 0 0 0 1 0 0 0 0 1 0
images/vines/0364_150595184.jpg 0 0 0 0 0 0 0 0 0 0 1 0 0 0 0 0 0 0 0 1 0
images/lakes/0535_885084095.jpg 0 0 0 1 0 0 0 0 0 0 0 0 0 0 1 0 1 0 0 1 0
images/shrubs/0529_43448346.jpg 0 0 0 1 0 1 0 0 1 0 1 0 0 0 1 0 0 0 0 1 0
images/sun/0557_672773921.jpg 0 0 0 1 0 0 1 0 1 0 0 0 0 0 1 0 1 0 0 1 0
images/wood/0247_1380850435.jpg 0 0 0 0 0 0 0 0 0 0 1 0 0 0 0 0 0 1 0 0 0
images/gas_station/0690_414793833.jpg 0 0 0 0 0 0 0 0 0 0 0 0 1 0 0 0 0 0 0 0 1
images/nest/0240_199663170.jpg 0 0 0 0 0 0 0 0 0 1 0 0 0 0 0 0 0 0 0 0 1
images/antelope/0278_776082420.jpg 1 0 0 0 0 1 0 0 0 0 0 0 0 0 0 0 0 0 0 0 0
images/fields/0233_503434911.jpg 0 0 0 0 0 1 0 0 0 0 0 0 1 0 1 0 0 0 0 0 0
images/oahu/0257_151667602.jpg 0 1 0 1 0 0 0 0 1 1 0 0 0 0 1 0 0 0 0 1 0
images/animals/0006_1907046146.jpg 1 0 0 0 0 0 0 0 0 0 0 0 0 0 0 0 0 0 0 0 0
images/moose/0382_490168465.jpg 1 0 0 0 0 1 0 0 0 0 0 0 0 0 1 0 0 0 0 0 0
images/parking_lot/0511_2193034069.jpg 0 0 0 0 0 0 0 0 0 0 0 0 1 0 0 0 0 0 1 0 0
images/diver/0220_2382096363.jpg 0 0 0 0 0 0 1 0 0 1 0 0 0 0 0 0 0 0 0 1 0
images/harvest/0551_466189698.jpg 0 0 0 1 0 1 0 0 0 0 0 0 0 0 1 0 0 0 0 0 0
images/bay/0566_2222571463.jpg 0 0 0 1 0 0 1 0 1 0 0 0 0 0 1 0 1 0 0 1 0
images/outdoor/0104_1084795536.jpg 0 1 0 0 0 0 0 0 1 0 0 1 0 0 1 0 1 0 0 1 0
images/buddhist/0099_735626473.jpg 0 0 0 0 0 1 0 0 0 0 0 1 0 0 0 0 0 0 0 0 0
images/marine/0474_2120469717.jpg 0 0 0 0 0 0 0 0 1 0 0 0 0 0 1 0 0 0 0 1 0
images/dall/0313_303598633.jpg 0 0 0 1 0 0 0 1 0 0 1 0 0 0 1 0 0 0 0 0 0
images/door/0011_2073627958.jpg 0 0 0 0 0 0 0 0 0 0 0 0 0 0 0 1 0 0 0 0 0
images/moss/0520_1527701166.jpg 0 0 0 0 0 0 0 1 0 0 1 0 0 1 0 0 0 0 0 1 0
images/needles/0691_92486826.jpg 0 0 0 0 0 0 0 0 0 0 0 0 1 0 0 0 0 0 0 0 0
images/pups/0514_821659573.jpg 1 0 0 0 0 0 0 0 0 0 0 0 0 0 0 0 0 0 0 0 0
images/rapids/0457_2194280991.jpg 0 0 0 1 0 0 0 1 0 0 0 0 0 1 1 0 0 0 0 1 0
images/bay/0023_1823020150.jpg 0 0 0 1 0 0 1 0 1 0 0 0 0 1 1 0 0 0 0 1 0
images/sidewalks/0478_2334084176.jpg 0 0 0 0 0 0 0 0 0 1 0 0 1 0 0 0 0 0 0 0 0
images/swimming_pools/0243_229126923.jpg 0 0 0 1 0 0 0 0 1 0 0 0 0 0 1 0 0 0 0 1 0
images/rifles/0079_131299814.jpg 0 0 0 0 0 1 0 0 0 0 0 0 0 0 0 0 0 0 0 0 0
images/flood/0036_697060693.jpg 0 0 0 0 0 0 1 0 0 0 0 0 0 0 0 0 0 1 0 1 0
images/dock/0566_166564045.jpg 0 0 0 1 0 0 1 0 0 0 0 1 0 0 1 0 1 0 0 0 0
images/range/0501_2595426844.jpg 0 0 0 0 0 0 0 0 0 0 0 0 0 0 0 0 0 0 0 0 1
images/single_person/0080_2287176238.jpg 0 0 0 0 0 1 0 0 0 0 1 0 0 0 0 0 0 0 0 0 0
images/parade/0098_2255275914.jpg 0 0 0 0 0 0 0 0 1 1 0 0 0 0 0 0 0 0 0 0 0
images/referees/0323_1490825165.jpg 0 0 0 0 0 1 0 0 0 1 0 0 0 0 0 0 0 0 0 0 0
images/antelope/0515_1372467391.jpg 1 0 0 0 0 0 0 0 0 0 0 0 0 0 0 0 0 0 0 0 0
images/pebbles/0525_297907495.jpg 0 1 0 0 0 0 1 0 0 0 0 0 0 1 1 0 1 0 0 1 0
images/tugboat/0209_536135389.jpg 0 0 0 1 0 0 1 0 1 0 0 0 0 0 1 0 0 0 1 1 0
images/factory/0582_1759014765.jpg 0 1 0 1 0 0 1 0 1 0 0 1 0 0 1 0 0 0 0 1 0
images/pyramid/0389_319770079.jpg 0 0 0 1 0 0 0 0 0 0 0 0 0 0 1 0 0 1 0 0 0
images/windmills/0535_1485804247.jpg 0 0 0 1 0 0 0 0 0 0 0 0 0 0 1 0 0 0 0 0 0
images/avalanche/0310_408363075.jpg 0 0 0 0 1 0 0 0 0 0 0 0 0 0 0 0 0 0 0 0 0
images/coast/0228_478488306.jpg 0 0 0 1 0 0 1 0 0 0 0 0 0 1 1 0 0 0 0 1 0
images/vineyard/0578_299931670.jpg 0 0 0 0 0 1 0 0 0 0 1 0 0 0 1 1 0 0 0 0 0
images/orchid/0597_2371819845.jpg 0 0 0 0 1 0 0 0 0 0 1 0 0 0 0 0 0 0 0 0 0
images/windmills/0025_2460417663.jpg 0 1 0 1 0 0 0 0 1 0 0 0 0 0 1 0 1 0 0 0 0
images/cliff/0387_2073474108.jpg 0 1 0 1 0 0 0 0 1 0 0 0 0 1 1 0 0 0 0 1 0
images/sphinx/0023_2666554005.jpg 0 1 0 1 0 0 0 0 0 0 0 0 0 1 1 0 0 0 0 0 0
images/den/0480_1617248386.jpg 0 0 0 0 0 0 0 0 0 0 0 1 1 0 0 0 0 0 0 1 0
images/sky/0550_320348505.jpg 0 0 0 1 0 0 1 1 1 0 0 0 0 0 1 0 0 0 0 1 0
images/canal/0559_2021343446.jpg 0 0 1 0 0 0 0 0 0 0 0 1 0 0 0 0 0 0 0 1 0
images/jet/0553_2452421538.jpg 0 0 0 0 0 0 0 0 0 0 0 0 0 0 0 0 0 0 1 0 0
images/rapids/0539_500006147.jpg 0 0 0 0 0 0 1 0 0 0 0 0 0 0 0 0 0 0 0 1 0
images/radar/0483_336911956.jpg 0 0 0 1 0 0 0 0 0 0 0 0 0 0 1 0 1 0 0 0 0
images/whales/0583_197797500.jpg 1 0 0 0 0 0 0 0 1 0 0 0 0 0 1 0 0 0 0 1 0
images/natural_disasters/0299_124063889.jpg 0 0 0 0 0 1 0 0 0 0 1 0 0 0 0 0 0 1 0 0 0
images/waterfalls/0418_125167194.jpg 0 0 0 1 0 0 1 0 1 0 0 0 0 0 1 0 0 0 0 1 0
images/mare/0059_681969428.jpg 0 0 1 1 0 0 1 0 0 0 0 0 0 0 1 0 0 0 0 0 0
images/castle/0482_2318859716.jpg 0 0 0 1 0 0 0 0 1 0 0 0 0 0 1 0 0 0 0 1 0
images/oceans/0205_184512542.jpg 0 0 0 1 0 0 1 0 1 0 0 0 0 0 1 0 1 0 0 1 0
images/hospital/0326_2205841842.jpg 0 0 1 1 0 0 0 0 0 0 0 1 0 0 1 0 0 0 0 1 0
images/railing/0297_8196085.jpg 0 0 0 0 0 0 0 0 0 0 0 0 1 0 0 0 0 0 0 0 0
images/hotel/0520_2165953808.jpg 0 0 1 0 0 0 1 0 0 0 0 1 0 0 1 0 0 0 0 1 0
images/monastery/0033_2101432107.jpg 0 0 0 1 0 0 0 0 0 0 0 0 0 0 1 0 0 0 0 0 0
images/beach/0236_2403847398.jpg 0 1 0 1 0 0 0 0 1 1 0 0 0 0 0 0 0 0 0 1 0
images/police/0380_130058194.jpg 0 0 0 0 0 0 0 0 0 0 0 0 1 0 0 0 0 0 0 0 0
images/park/0277_385329149.jpg 0 0 0 1 0 0 0 0 0 0 0 0 1 0 1 0 0 0 0 0 0
images/capital/0054_2228240932.jpg 0 0 0 1 0 0 0 0 0 0 0 0 0 0 1 0 1 0 1 1 1
images/harbors/0283_323227147.jpg 0 0 0 1 0 0 0 0 0 0 0 0 0 0 1 0 0 0 1 1 0
images/sailboats/0355_6507337.jpg 0 0 0 0 0 0 1 0 1 0 0 0 0 0 1 0 0 0 0 1 0
images/horns/0324_1794552952.jpg 0 0 0 0 0 0 0 0 0 0 0 0 0 0 1 0 0 1 0 0 0
images/cave/0549_2190421687.jpg 0 1 0 1 0 0 1 0 0 0 0 0 0 1 1 0 1 0 0 1 0
images/road_block/0511_465727079.jpg 0 0 0 1 0 0 0 0 0 0 1 0 0 0 1 0 0 1 0 0 0
images/meadow/0417_623096306.jpg 0 0 0 0 0 1 0 1 0 0 1 0 0 0 1 0 0 0 0 0 0
images/rose/0539_677529289.jpg 0 0 0 0 1 0 0 0 0 0 1 0 0 0 0 0 0 0 0 0 0
images/pond/0312_2148291075.jpg 0 0 0 0 0 0 0 0 0 0 1 1 0 0 1 1 0 1 0 1 0
images/house/0576_1128923546.jpg 0 0 1 0 0 1 0 0 0 0 0 0 0 0 1 0 1 0 0 0 1
images/camels/0466_373950983.jpg 1 0 0 0 0 0 0 0 0 0 0 0 1 0 0 0 0 0 0 0 0
images/antelope/0362_319513967.jpg 1 0 0 0 0 0 0 0 0 0 0 1 0 0 0 0 0 0 0 0 0
images/glacier/0523_2236968366.jpg 0 0 0 0 0 0 0 1 0 0 0 0 0 0 1 1 0 0 0 0 0
images/needles/0055_2469845061.jpg 0 0 0 1 0 0 0 0 1 0 0 0 0 1 1 0 0 0 0 1 0
images/cul-de-sac/0544_495144623.jpg 0 0 0 0 0 0 0 0 0 1 0 0 1 0 0 0 0 0 0 0 0
images/rpg/0320_74655427.jpg 0 0 0 0 0 0 0 0 0 1 0 0 0 0 0 0 0 0 0 0 0
images/hillside/0252_1663186282.jpg 0 0 0 0 0 1 0 0 0 0 1 0 0 0 0 0 0 1 0 0 0
images/boats/0468_428307167.jpg 0 0 0 0 0 1 0 0 0 0 0 1 1 0 0 0 0 0 0 1 0
images/hut/0432_2315059395.jpg 0 0 0 0 0 0 1 0 0 0 0 0 0 0 0 0 0 0 0 1 0
images/grain_elevator/0405_831857059.jpg 0 0 0 1 0 1 0 0 0 0 1 0 0 0 1 0 0 0 0 0 0
images/mosque/0342_304842008.jpg 0 0 1 1 0 0 0 0 1 0 0 0 0 0 1 0 0 0 0 0 0
images/zebra/0304_2058815041.jpg 0 0 0 0 0 0 0 0 0 0 0 0 1 0 0 0 0 0 0 0 0
images/submarine/0304_2630228766.jpg 0 0 0 1 0 0 1 0 0 0 0 0 0 0 1 0 1 0 0 1 0
images/festival/0081_114430454.jpg 1 0 0 1 0 0 0 0 0 1 0 0 0 0 0 0 0 0 0 0 0
images/natural_disasters/0285_2455465180.jpg 0 0 0 0 0 0 0 0 0 0 0 1 0 0 0 0 0 0 0 1 0
images/shooting/0535_845520714.jpg 0 0 0 0 0 0 0 0 0 1 0 0 0 0 1 0 0 0 0 0 0
images/police/0510_2430386547.jpg 0 0 0 0 0 0 0 0 0 0 0 0 1 0 0 0 0 0 0 0 0
images/cactus/0312_2449494448.jpg 0 0 0 0 0 1 0 0 0 0 0 0 0 0 1 0 0 0 0 0 0
images/squirrel/0217_113498742.jpg 1 0 0 0 0 0 0 0 0 0 0 0 0 0 0 0 0 0 0 0 0
images/entrance/0312_2301790422.jpg 0 0 0 1 0 0 0 0 0 0 0 1 0 0 1 0 0 0 0 0 0
images/terrace/0580_2649421962.jpg 0 0 0 0 0 0 0 0 0 0 0 0 0 0 1 0 0 1 0 0 0
images/white_house/0429_276614637.jpg 0 0 0 0 0 0 0 0 0 1 0 0 1 0 0 0 0 0 0 0 0
images/car_racing/0395_2512419791.jpg 0 0 0 0 0 0 0 0 0 0 0 0 0 0 0 0 0 0 1 0 0
images/urban_scenes/0077_110157625.jpg 0 0 1 0 0 0 0 0 0 0 0 0 1 0 1 0 0 0 1 0 1
images/greenhouse/0571_424125752.jpg 0 0 0 0 1 0 0 0 0 0 1 0 0 0 0 0 0 0 0 0 0
images/photographers/0310_1355520361.jpg 0 0 0 1 0 0 0 0 0 0 0 0 0 1 1 0 0 0 0 0 0
images/canoe/0315_766355708.jpg 0 0 0 1 0 0 1 1 0 0 0 1 0 0 1 0 0 0 0 1 0
images/horses/0464_2169054826.jpg 1 0 0 1 0 0 0 0 0 0 0 0 0 0 0 1 0 0 0 0 0
images/pair/0507_2145077045.jpg 0 0 0 1 0 0 0 0 0 0 0 0 0 0 1 1 0 1 0 0 0
images/pebbles/0215_1331814931.jpg 0 1 0 0 0 0 0 0 1 0 0 0 0 1 1 0 0 0 0 1 0
images/silhouette/0245_311109659.jpg 0 0 0 1 0 0 0 0 0 0 1 0 0 0 1 0 1 1 0 0 0
images/booby/0289_261528659.jpg 0 0 0 1 0 0 1 0 0 0 0 1 0 0 1 0 0 0 0 1 0
images/pond/0582_1894944852.jpg 1 0 0 0 0 0 0 0 0 0 0 0 0 0 0 0 0 0 0 1 0
images/blooms/0350_2471123844.jpg 0 0 0 0 1 0 0 0 0 0 0 0 0 0 0 0 0 0 0 0 0
images/insect/0311_1288113712.jpg 1 0 0 0 0 0 0 0 0 0 0 0 0 0 0 0 0 0 0 0 0
images/mare/0449_1468916000.jpg 0 0 0 0 0 0 0 0 0 0 0 0 0 0 1 0 1 0 0 0 0
images/shipyards/0264_2651585095.jpg 0 0 0 1 0 0 1 0 0 0 0 0 0 0 1 0 1 0 0 1 0
images/ships/0211_1222873212.jpg 0 0 0 1 0 0 1 0 0 0 0 0 0 0 1 0 0 0 0 1 0
images/tugboat/0535_369782264.jpg 0 0 0 0 0 0 0 0 0 0 0 0 0 0 0 0 0 0 1 1 1
images/mug/0329_890632686.jpg 0 0 0 0 0 0 0 0 0 0 0 0 0 1 0 0 0 0 0 0 0
images/trail/0573_829191317.jpg 0 0 0 1 0 0 0 0 0 0 1 0 0 0 1 0 0 1 0 0 0
images/aqueduct/0412_2625952338.jpg 0 0 0 0 0 0 1 0 0 0 0 1 0 0 0 0 0 0 0 1 0
images/officers/0438_221879124.jpg 0 0 0 0 0 0 0 0 0 1 0 0 1 0 1 0 0 0 0 0 0
images/iguana/0393_2228561402.jpg 1 0 0 0 0 0 0 0 0 0 0 0 0 0 0 1 0 0 0 0 0
images/fields/0516_512312781.jpg 0 0 0 1 0 0 0 0 0 0 0 0 0 0 0 0 0 0 0 0 0
images/cow/0053_2335251416.jpg 1 0 0 0 0 1 0 0 0 0 0 0 0 0 0 0 0 0 0 0 0
images/booby/0413_2652203591.jpg 0 1 0 0 0 0 0 0 1 1 0 0 0 0 0 0 0 0 0 1 0
images/doorway/0024_1398952172.jpg 0 0 0 0 0 0 0 0 0 0 0 0 0 0 0 0 0 1 0 0 0
images/model/0268_2479464409.jpg 0 0 0 0 0 0 0 0 0 1 0 0 0 0 0 0 0 0 0 0 0
images/aqueduct/0236_509580294.jpg 0 0 1 0 0 0 0 0 0 0 0 0 0 0 1 0 0 0 0 0 0
images/shops/0544_420645028.jpg 0 0 1 0 0 0 0 0 0 0 0 0 0 0 1 0 0 0 0 0 1
images/submarine/0213_859762790.jpg 0 0 0 1 0 0 0 0 0 0 0 0 0 1 1 0 0 0 0 1 0
images/petals/0227_1150308930.jpg 0 0 0 0 1 0 0 0 0 0 1 0 0 0 0 0 0 0 0 1 0
images/mast/0576_2463866697.jpg 0 0 0 1 0 0 0 0 1 0 0 0 0 0 1 0 0 0 0 1 0
images/cliff/0253_392259345.jpg 0 0 0 1 0 0 1 1 0 0 0 0 0 1 1 0 0 0 0 1 0
images/chrysanthemums/0032_2088123100.jpg 0 0 0 0 1 0 0 0 0 0 0 0 0 0 0 0 0 0 0 0 0
images/emergency_vehicles/0165_2651294036.jpg 0 0 0 0 0 0 0 0 0 0 0 0 1 0 0 0 0 0 1 0 0
images/crops/0497_1234028673.jpg 0 0 0 0 0 0 0 0 0 0 0 0 0 0 1 0 0 1 0 0 0
images/blooms/0453_2606406156.jpg 0 0 0 0 1 0 0 0 0 0 0 0 0 0 0 0 0 0 0 0 0
images/helicopter/0298_2645054952.jpg 0 0 0 0 0 0 0 0 0 0 0 0 0 0 0 0 0 0 1 0 0
images/sunglasses/0581_360727166.jpg 1 1 0 0 0 0 0 0 1 0 0 0 0 0 1 0 0 0 0 1 0
images/empire_state/0477_59855812.jpg 0 0 1 1 0 0 0 0 0 0 0 0 0 0 1 0 0 0 0 1 0
images/leopard/0575_129672814.jpg 1 0 0 0 0 0 0 0 0 0 0 0 0 0 0 0 0 0 0 0 0
images/beach/0508_857319417.jpg 0 1 0 1 0 0 1 0 1 0 0 1 0 0 1 0 0 0 0 1 0
images/island/0376_2211839628.jpg 0 0 0 1 0 0 1 0 0 0 0 0 0 1 1 0 0 0 0 1 0
images/cooling_tower/0618_1463680620.jpg 0 0 0 1 0 1 0 0 0 0 0 0 0 0 1 0 0 0 0 0 0
images/clearing/0046_110495730.jpg 0 0 0 0 0 0 0 0 0 0 0 0 0 0 0 0 0 1 0 0 0
images/shrubs/0468_2299245631.jpg 0 0 0 0 0 0 1 0 0 0 1 1 0 0 0 0 0 0 0 1 0
images/volcano/0263_521780561.jpg 0 0 0 0 0 0 1 1 0 0 1 0 0 1 1 0 0 0 0 0 0
images/adult/0024_2514660696.jpg 1 0 0 0 0 1 0 0 0 0 0 0 0 0 0 0 0 0 0 0 0
images/plants/0322_1391419365.jpg 0 0 0 0 0 0 1 0 0 0 1 1 0 0 1 0 1 0 0 1 0
images/submarine/0063_1841071560.jpg 0 0 0 0 0 0 0 0 1 0 0 0 0 0 1 0 0 0 0 1 0
images/helicopter/0087_2237245365.jpg 0 0 0 1 0 0 0 0 0 0 0 0 0 0 1 0 0 0 1 0 0
images/kauai/0551_2375641726.jpg 0 0 0 0 0 0 0 1 0 0 0 0 0 0 1 0 0 0 0 0 0
images/close-up/0476_264745527.jpg 1 0 0 0 0 0 0 0 0 0 0 0 0 0 0 0 0 0 0 0 0
images/tundra/0332_2051070519.jpg 0 0 0 1 0 0 0 0 0 0 0 0 0 0 0 1 0 1 0 0 0
images/windmills/0578_2549368596.jpg 0 0 0 0 0 0 0 0 0 0 0 1 0 0 1 0 0 0 0 1 0
images/vehicle/0449_104591106.jpg 0 0 0 0 0 0 0 0 0 0 0 0 0 0 1 0 0 0 1 0 1
images/pebbles/0372_1354455779.jpg 0 1 0 0 0 0 1 0 0 0 0 0 0 0 1 0 0 0 0 0 0
images/frozen/0476_2062718956.jpg 0 0 0 1 0 0 0 0 0 0 0 1 0 0 1 1 0 0 0 1 0
images/turn/0458_536369370.jpg 0 0 0 1 0 1 0 0 0 0 1 0 1 0 1 0 0 0 0 0 0
images/fire_station/0408_1331957824.jpg 1 0 0 0 0 0 0 0 0 0 0 0 0 0 0 0 0 0 0 0 0
images/congressman/0520_2655211505.jpg 0 0 0 1 0 0 0 0 0 1 0 0 0 0 1 0 0 0 0 0 0
images/leopard/0014_391365814.jpg 1 0 0 0 0 0 0 0 0 0 0 0 0 0 0 0 0 0 0 0 0
images/avalanche/0257_204309332.jpg 0 0 0 0 0 0 0 0 1 0 0 0 0 0 0 0 0 0 0 1 0
images/bridges/0221_2227562340.jpg 0 0 0 0 0 0 0 0 0 0 0 1 0 0 0 0 0 0 0 0 0
images/carpet/0451_143338272.jpg 0 0 0 0 1 1 0 0 0 0 0 0 0 0 0 0 0 0 0 0 0
images/tornado/0619_2612839009.jpg 0 0 0 1 0 0 0 0 0 0 0 0 1 0 1 0 0 0 0 0 0
images/bicycle/0353_2607263351.jpg 0 0 0 0 0 1 0 0 0 1 0 1 0 0 1 0 0 0 0 1 0
images/white_house/0285_2075779131.jpg 0 0 1 0 0 0 0 0 0 0 0 1 0 0 0 0 0 1 0 0 0
images/branch/0375_2230650472.jpg 0 0 0 0 0 1 0 0 0 0 0 0 0 0 1 0 0 0 0 0 0
images/fog/0337_824056151.jpg 0 0 0 0 0 0 0 0 0 0 0 0 1 0 0 0 0 1 0 0 0
images/press_conference/0059_473897405.jpg 0 0 0 0 0 0 0 0 0 1 0 0 0 0 0 0 0 0 0 0 0
images/pond/0593_2277428851.jpg 1 0 0 0 0 0 0 0 0 0 0 0 0 0 0 0 0 0 0 1 0
images/booby/0298_137970595.jpg 1 0 0 0 0 0 0 0 1 0 0 0 0 0 0 0 0 0 0 1 0
images/camels/0295_2737420624.jpg 1 0 0 1 0 0 0 0 0 0 0 1 0 0 1 0 0 0 0 1 0
images/glacier/0268_132327282.jpg 0 0 0 1 0 0 1 1 0 0 0 0 0 0 1 1 0 0 0 1 0
images/cafe/0478_892068087.jpg 0 0 0 1 0 0 0 0 0 0 0 0 0 0 1 0 1 0 0 0 0
images/bank/0489_628431146.jpg 0 0 0 1 0 0 1 0 0 0 0 0 0 0 1 0 1 0 0 1 0
images/running/0521_288734146.jpg 0 0 0 1 0 0 1 1 0 0 0 1 0 0 1 0 0 0 0 1 0
images/terrace/0506_1981560980.jpg 0 0 0 0 0 1 0 0 0 0 1 0 0 0 0 0 0 1 0 0 0
images/canoe/0458_260892109.jpg 0 0 0 1 0 0 1 0 1 0 0 0 0 1 0 0 0 0 0 1 0
images/leopard/0305_2223613619.jpg 0 0 0 1 0 0 0 0 0 0 0 0 0 0 1 0 0 0 0 0 0
images/aqueduct/0570_521167791.jpg 0 0 0 1 0 0 0 0 0 0 0 0 0 0 1 0 0 0 0 0 0
images/sailboats/0520_2636503298.jpg 0 0 0 0 0 0 1 0 1 0 0 0 0 0 1 0 1 0 0 0 0
images/carvings/0236_2574226221.jpg 0 0 0 1 0 1 0 0 0 0 0 0 0 0 0 0 0 0 0 0 0
images/fog/0517_2299562726.jpg 0 0 0 1 0 1 0 0 0 0 1 0 0 0 1 0 0 0 0 0 0
images/antenna/0205_47082764.jpg 0 0 0 1 0 0 0 0 0 0 0 0 0 0 1 0 0 0 0 0 0
images/paintings/0607_2276002772.jpg 0 0 0 0 1 0 0 0 0 0 1 0 0 0 0 0 0 0 0 0 0
images/booby/0253_662250207.jpg 1 1 0 0 0 0 0 0 0 1 0 0 0 0 0 0 0 0 0 0 0
images/valley/0491_247212882.jpg 0 0 0 1 0 1 0 1 0 0 1 0 0 0 1 0 0 0 0 0 0
images/backpackers/0550_360505783.jpg 0 0 0 1 0 0 0 0 0 0 0 0 0 0 1 0 0 0 0 1 0
images/un_building/0369_374331697.jpg 0 0 1 1 0 0 0 0 0 0 0 0 0 0 1 0 0 0 0 1 0
images/runway/0260_338589745.jpg 0 0 0 0 0 0 0 0 0 0 0 0 0 0 1 0 0 0 0 0 1
images/aerial/0373_217613175.jpg 0 0 0 0 0 0 0 1 0 0 0 0 0 0 0 1 0 0 0 0 0
images/residential_buildings/0020_541132689.jpg 0 0 1 1 0 0 0 0 0 0 0 0 1 0 1 0 0 0 0 0 1
images/marsh/0093_2178918588.jpg 0 1 0 1 0 0 1 0 0 0 0 1 0 0 1 0 1 0 0 1 0
images/dall/0459_1528459281.jpg 1 0 0 0 0 0 0 0 0 0 0 0 0 1 0 0 0 0 0 0 0
images/grassland/0374_405570431.jpg 1 0 0 0 0 0 0 0 0 0 0 0 0 0 0 0 0 0 0 0 0
images/farms/0558_299352690.jpg 0 0 0 0 0 0 0 0 0 0 1 0 0 0 1 0 0 0 0 0 0
images/ships/0366_2669520186.jpg 0 1 0 1 0 0 0 0 0 0 0 0 0 0 1 0 0 0 0 1 0
images/church/0032_425554321.jpg 0 0 1 1 0 1 0 0 0 0 0 0 0 0 1 0 0 0 0 0 0
images/range/0345_803877761.jpg 0 0 0 1 0 1 0 0 0 0 0 0 0 0 1 0 0 0 0 0 0
images/smoke_stack/0051_385956466.jpg 0 0 0 0 0 0 0 0 0 0 0 0 0 0 1 0 0 0 0 0 0
images/ship/0568_2298251282.jpg 0 0 0 1 0 0 1 0 0 0 0 0 0 0 1 0 1 0 0 0 0
images/hospital/0578_2434820328.jpg 0 0 0 1 0 0 1 1 0 0 0 1 0 1 1 0 0 0 0 1 0
images/boats/0403_415018481.jpg 0 0 0 1 0 0 1 1 0 0 0 1 0 1 1 0 1 0 0 1 0
images/cottage/0009_529627020.jpg 0 0 0 1 0 0 1 1 0 0 0 0 0 0 1 0 0 0 0 1 0
images/boats/0404_2124964553.jpg 0 0 0 0 0 0 1 0 1 0 0 0 0 0 1 0 0 0 0 1 0
images/volcano/0542_1859947659.jpg 0 0 0 1 0 0 0 1 0 0 0 0 0 0 1 0 1 0 0 0 0
images/steps/0375_399917635.jpg 0 0 0 0 1 0 0 0 0 0 1 0 0 0 0 0 0 0 0 0 0
images/gas_station/0459_2373091110.jpg 0 0 0 0 0 0 0 0 0 0 0 0 1 0 0 0 0 0 0 0 0
images/vehicle/0527_763376113.jpg 0 0 0 0 0 0 0 0 0 0 0 0 1 0 0 0 0 0 1 0 1
images/group/0039_2165088371.jpg 0 0 0 1 0 0 1 0 0 0 0 1 0 0 1 0 0 0 0 1 0
images/microphones/0459_2494617933.jpg 0 0 0 0 0 0 0 0 0 1 0 0 0 0 0 0 0 0 0 0 0
images/volcano/0579_2377438871.jpg 0 0 0 1 0 0 0 1 0 0 0 0 0 1 1 0 0 0 0 0 0
images/maui/0299_222537363.jpg 0 0 0 1 0 0 1 0 1 0 1 0 0 1 1 0 0 0 0 1 0
images/formula/0429_71852757.jpg 0 0 0 0 0 0 0 0 0 0 0 0 1 0 0 0 0 0 1 0 0
images/scientists/0570_517167403.jpg 0 0 0 1 0 0 0 0 1 0 0 0 0 0 1 0 0 0 0 1 0
images/cats/0381_226533939.jpg 1 0 0 0 0 0 0 0 0 0 0 0 0 0 0 0 0 0 0 0 0
images/person/0566_2452332192.jpg 0 0 1 0 0 0 0 0 0 1 0 0 1 0 0 0 0 0 0 0 1
images/reefs/0362_357304200.jpg 0 0 0 0 0 0 0 0 1 1 0 0 0 0 1 0 0 0 0 1 0
images/harbor/0396_381831358.jpg 0 0 0 1 0 0 0 0 0 0 0 0 0 0 1 0 0 0 1 1 0
images/dock/0403_1560968641.jpg 0 0 0 1 0 0 0 0 0 0 0 1 0 0 1 0 1 0 0 1 0
images/processing_plant/0014_205557766.jpg 0 1 0 0 0 0 0 0 0 0 0 0 0 0 0 0 0 0 0 0 0
images/anemone/0433_2723965053.jpg 0 0 0 0 1 0 0 0 0 0 0 0 0 0 0 0 0 0 0 0 0
images/woman/0207_542370260.jpg 0 0 0 0 0 0 0 0 0 1 0 0 0 0 0 0 0 0 0 0 0
images/birds/0280_2051851145.jpg 1 0 0 1 0 0 1 0 0 1 0 0 0 0 1 0 0 0 0 1 0
images/vineyard/0230_2132416269.jpg 0 0 0 0 0 0 0 0 0 0 1 0 0 0 0 1 0 1 0 0 0
images/canoe/0374_2241841353.jpg 0 0 0 0 0 0 1 0 0 0 1 1 0 0 0 0 0 0 0 1 0
images/glacier/0051_451544035.jpg 0 0 0 1 0 0 1 0 0 1 0 0 0 0 1 1 0 0 0 1 0
images/runway/0447_1235106639.jpg 0 0 0 0 0 0 0 0 0 1 0 0 0 0 0 0 0 0 1 0 0
images/grassland/0493_2623056287.jpg 0 0 0 1 0 1 0 1 0 0 0 0 0 0 1 0 0 0 0 0 0
images/photographers/0388_181228652.jpg 0 0 0 1 0 0 1 0 1 0 0 1 0 0 1 0 1 0 0 1 0
images/cliff/0320_745308285.jpg 0 1 0 1 0 1 1 0 1 0 0 0 0 0 1 0 0 0 0 1 0
images/coast/0416_400703047.jpg 0 0 0 1 0 0 0 0 1 0 0 0 0 1 1 0 0 0 0 1 0
images/saguaro/0279_2227976370.jpg 0 0 0 1 0 1 0 1 0 0 0 0 0 1 1 0 0 0 0 0 0
images/outdoor/0332_2440946047.jpg 0 1 0 0 0 0 1 0 1 0 0 0 0 0 1 0 0 0 0 1 0
images/dunes/0411_2237375212.jpg 0 0 0 1 0 0 0 0 0 0 1 0 0 0 1 0 0 1 0 0 0
images/sailboat/0508_1478375868.jpg 0 0 0 1 0 0 1 0 0 0 0 1 0 0 0 0 0 0 0 1 0
images/tower/0404_828010539.jpg 0 0 1 1 0 0 0 0 0 0 0 0 0 0 1 0 0 0 0 0 0
images/roof/0215_623475828.jpg 0 0 0 1 0 1 0 1 0 0 1 0 0 1 1 1 0 0 0 0 0
images/driver/0512_2049767705.jpg 0 0 0 0 0 0 0 0 0 0 0 0 1 0 0 0 0 0 1 0 0
images/vineyard/0491_24093803.jpg 0 0 0 0 0 1 0 0 0 0 1 0 0 0 0 0 0 1 0 0 0
images/lily/0483_2359871304.jpg 0 0 0 0 1 0 0 0 0 0 1 0 0 0 0 0 0 0 0 0 0
images/peaks/0050_292022070.jpg 0 0 0 1 0 0 0 1 0 0 0 0 0 1 1 1 0 0 0 0 0
images/greenhouse/0095_2327614073.jpg 0 0 0 0 1 0 0 0 0 0 1 0 0 0 0 0 0 0 0 0 0
images/reefs/0416_2074024626.jpg 0 1 0 1 0 0 0 0 1 0 0 0 0 0 1 0 0 0 0 0 0
images/house_of_worship/0053_173020405.jpg 0 0 1 1 0 0 0 0 0 0 0 0 0 0 1 0 0 0 0 0 1
images/stream/0242_2060972921.jpg 0 0 0 0 0 0 1 0 0 0 0 0 0 1 0 0 0 0 0 1 0
images/shops/0069_1150103011.jpg 0 0 1 0 0 0 0 0 0 0 0 0 0 0 0 0 0 0 0 0 0
images/marsh/0507_158393892.jpg 0 0 0 1 0 0 1 0 0 0 1 1 0 0 1 0 0 0 0 1 0
images/cougar/0100_2732891565.jpg 1 0 0 0 0 1 0 0 0 0 0 0 0 0 0 0 0 0 0 0 0
images/rockface/0293_599504007.jpg 0 0 0 1 0 0 0 1 0 0 0 0 0 0 1 0 0 0 0 0 0
images/cabin/0400_1226860761.jpg 0 0 1 0 0 1 0 0 0 0 1 0 0 0 0 0 0 0 0 0 0
images/railing/0279_629167574.jpg 0 1 0 0 0 0 0 0 0 0 0 0 0 0 1 0 0 0 0 1 0
images/architecture/0375_399142084.jpg 0 0 1 1 0 0 0 0 0 0 0 0 0 0 1 0 0 0 0 0 0
images/rapids/0320_568734952.jpg 0 0 0 0 0 0 0 0 0 0 0 0 0 1 0 0 0 0 0 1 0
images/grass/0598_2412760725.jpg 0 0 0 0 0 1 1 0 0 0 0 1 0 0 1 0 1 0 0 0 0
images/valleys/0482_2206139621.jpg 0 0 1 0 0 1 0 0 0 0 0 0 0 0 0 0 0 0 0 0 0
images/ladder/0345_479574300.jpg 0 1 0 0 0 0 0 0 1 0 0 0 0 1 0 0 0 0 0 1 0
images/poppies/0371_223539083.jpg 0 0 0 0 1 0 0 0 0 0 1 0 0 0 0 0 0 0 0 0 0
images/writing/0560_72960141.jpg 0 0 0 0 0 0 0 0 0 1 0 0 0 0 0 0 0 0 0 0 0
images/shore/0295_2317391103.jpg 0 1 0 1 0 0 1 0 1 0 0 1 0 0 1 0 1 0 0 0 0
images/lake/0298_579770608.jpg 0 0 0 1 0 0 1 1 0 0 0 0 0 1 1 0 0 0 0 1 0
images/horse/0249_476731882.jpg 0 0 0 0 0 0 0 0 0 1 0 0 1 0 0 0 0 0 0 0 0
images/tulip/0261_477407091.jpg 0 0 0 0 1 0 0 0 0 0 1 0 0 0 0 0 0 0 0 0 0
images/roofs/0268_2236741084.jpg 0 0 1 0 0 0 0 0 0 0 0 0 0 0 0 0 0 0 0 0 1
images/glacier/0328_180312174.jpg 0 0 0 0 0 0 1 1 0 0 0 1 0 1 1 0 0 0 0 1 0
images/frigate/0584_2683941391.jpg 0 0 0 0 0 0 0 0 0 0 1 0 0 0 1 0 0 0 0 1 0
images/urban_park/0547_2396235594.jpg 1 0 0 0 0 0 0 0 0 0 0 0 0 0 0 0 0 0 0 0 0
images/maui/0206_2207083526.jpg 0 0 0 1 0 1 0 1 0 0 1 0 0 0 1 0 0 0 0 0 0
images/photographers/0516_2603510130.jpg 0 0 0 0 0 0 0 0 0 1 0 0 0 0 0 0 0 0 0 0 0
images/plain/0388_2393391015.jpg 0 0 0 0 0 0 0 0 0 1 0 0 0 0 0 0 0 0 0 0 0
images/pups/0519_1163281828.jpg 1 0 0 0 0 0 0 0 0 0 0 0 0 0 0 0 0 0 0 0 0
images/helicopters/0503_6279402.jpg 0 0 0 1 0 0 0 0 0 0 1 0 0 0 1 0 0 0 0 0 0
images/entrance/0045_2600230636.jpg 0 0 0 1 0 0 0 0 0 0 0 0 0 0 1 0 0 0 0 0 1
images/single_family_homes/0001_2436722283.jpg 0 0 1 0 0 0 0 0 0 0 0 0 0 0 0 0 0 0 0 0 1
images/bear/0327_561520151.jpg 1 0 0 0 0 1 0 0 0 0 0 0 0 0 0 0 0 0 0 0 0
images/smoke/0530_2664115467.jpg 0 0 0 0 0 0 0 0 0 0 0 0 0 0 0 0 0 1 0 0 0
images/cabin/0429_2165022468.jpg 0 0 0 1 0 1 0 0 0 0 0 0 0 0 0 0 0 1 0 0 0
images/terrace/0487_2125548204.jpg 0 0 0 0 0 0 0 0 0 0 0 0 0 0 1 1 1 0 0 0 0
images/river_bank/0276_830123412.jpg 0 0 0 1 0 0 1 0 0 0 1 1 0 0 1 0 1 0 0 1 0
images/landscape/0100_2230544733.jpg 0 0 0 1 0 0 1 1 0 0 0 0 0 0 0 0 0 0 0 1 0
images/waterways/0633_2452004001.jpg 0 0 0 0 0 1 0 0 0 0 0 1 1 0 1 0 0 0 0 1 0
images/hats/0416_2466274608.jpg 0 0 0 1 0 0 0 0 0 0 0 0 0 0 1 0 0 0 0 0 0
images/firefighter/0450_2474699403.jpg 0 0 0 0 0 0 0 0 0 0 0 0 1 0 0 0 0 0 0 0 0
images/blossoms/0477_2096760157.jpg 0 0 0 0 1 0 0 0 0 0 0 0 0 0 0 0 0 0 0 0 0
images/maui/0265_2488116559.jpg 0 0 0 1 1 0 0 0 0 0 1 0 0 0 1 0 0 0 0 0 0
images/lily/0250_752790308.jpg 0 0 0 0 1 0 0 0 0 0 1 0 0 0 0 0 0 0 0 0 0
images/lighthouse/0259_277999566.jpg 0 0 0 1 0 0 0 1 0 0 0 0 0 0 1 0 0 0 0 0 0
images/monument/0015_151740605.jpg 0 0 0 1 0 0 0 0 0 0 0 1 0 0 1 0 0 0 0 1 0
images/mosques/0337_69997752.jpg 0 0 1 1 0 0 0 0 0 0 0 0 0 0 0 0 0 0 0 0 0
images/tortoise/0064_2439263196.jpg 1 0 0 0 0 0 0 0 0 0 0 0 0 0 0 0 0 0 0 0 0
images/arctic/0536_2344426939.jpg 0 0 0 1 0 0 1 0 0 0 0 1 0 0 1 0 0 0 0 1 1
images/storms/0034_2270654225.jpg 0 0 0 1 0 0 1 0 1 0 0 0 0 0 1 0 1 0 0 1 0
images/locomotive/0533_43427822.jpg 0 0 0 0 0 0 0 0 0 0 0 0 0 0 0 0 0 0 1 0 1
images/frost/0319_2149411997.jpg 0 0 0 0 0 0 0 0 0 0 0 0 1 0 1 0 0 1 0 0 0
images/vegetation/0044_1591667506.jpg 0 0 0 1 0 1 1 0 0 0 1 1 0 0 1 0 0 1 0 1 0
images/first_lady/0604_2536505914.jpg 0 0 0 0 0 0 0 0 0 1 0 0 1 0 1 0 0 0 0 0 1
images/elephant/0321_376274946.jpg 1 0 0 1 0 0 0 0 1 0 0 0 0 0 1 0 0 0 0 1 0
images/stems/0558_1136698667.jpg 0 0 0 0 1 0 0 0 0 0 1 0 0 0 0 0 0 0 0 0 0
images/poppies/0318_1580563014.jpg 0 0 0 0 1 0 0 0 0 0 1 0 0 0 0 0 0 0 0 0 0
images/ladder/0370_448366789.jpg 0 0 0 0 0 0 0 0 0 0 0 0 0 0 0 0 0 0 0 0 1
images/caribou/0431_1402784223.jpg 0 0 0 1 0 0 1 1 0 0 0 0 0 0 1 0 0 0 0 1 0
images/tulip/0244_441925137.jpg 0 0 0 0 1 0 0 0 0 0 1 0 0 0 0 0 0 0 0 1 0
images/funeral/0337_282272144.jpg 0 0 0 1 0 0 0 0 0 0 0 0 0 0 1 0 0 1 0 0 0
images/ice/0446_371762870.jpg 0 0 1 1 0 0 1 0 0 0 0 1 0 0 0 0 0 0 0 1 0
images/airport/0535_1329257484.jpg 0 0 0 1 0 0 0 0 0 0 0 1 0 0 0 0 1 0 0 1 0
images/mule/0203_1469706026.jpg 0 0 1 0 0 1 0 0 0 0 0 0 0 0 0 0 0 0 0 0 1
images/military_personnel/0206_1626873359.jpg 0 0 0 0 0 0 0 0 0 1 0 0 1 0 0 0 0 0 0 0 0
images/balloons/0305_2050119844.jpg 0 0 0 1 0 0 0 0 0 0 0 0 0 0 1 0 0 0 0 0 0
images/swimming_pools/0557_1279106571.jpg 0 0 1 0 0 0 0 0 0 0 1 0 0 0 0 0 0 0 0 1 1
images/pole/0214_2235450116.jpg 0 0 0 0 0 0 0 0 0 0 0 0 0 0 1 0 1 0 0 0 0
images/architecture/0289_34122211.jpg 0 0 1 1 0 0 0 0 0 0 0 0 0 0 1 0 0 0 0 0 0
images/marine/0249_2389872087.jpg 0 0 0 1 0 0 1 0 1 0 0 1 0 0 1 0 0 0 0 1 0
images/sailboat/0536_1410176986.jpg 0 0 1 1 0 0 1 0 1 0 0 0 0 0 1 0 0 0 0 1 0
images/coast/0399_1499756638.jpg 0 0 0 1 0 0 0 0 0 0 0 0 0 0 1 0 1 0 0 0 0
images/car/0054_141795035.jpg 0 0 1 0 0 0 0 0 0 0 0 0 0 0 0 0 0 0 1 0 1
images/swimming_pools/0556_229156263.jpg 0 1 0 1 0 0 1 0 0 0 0 0 0 1 1 0 0 0 0 1 0
images/horses/0376_2529157231.jpg 0 0 0 1 0 1 0 0 0 0 0 0 0 0 1 0 1 0 0 0 0
images/backpackers/0089_143943182.jpg 0 1 0 0 0 0 1 0 1 0 0 0 0 0 0 0 0 0 0 1 0
images/porches/0295_201835162.jpg 0 0 0 1 0 1 0 0 0 0 1 0 0 1 1 0 0 0 0 0 0
images/camera/0288_117604900.jpg 0 0 0 1 0 0 0 0 0 0 0 0 0 0 1 0 1 1 0 0 0
images/bay/0399_768089492.jpg 0 1 0 0 0 0 1 0 0 0 0 1 0 1 1 0 0 0 0 1 0
images/river_bank/0306_1045486175.jpg 0 0 0 0 0 0 0 0 0 0 1 0 0 0 0 0 0 0 0 1 0
images/skiing/0096_116416595.jpg 0 0 0 0 0 0 0 1 0 0 0 0 0 0 0 1 0 0 0 0 0
images/museum/0413_2302295358.jpg 0 0 0 1 0 0 0 0 0 0 0 0 0 0 0 1 0 0 0 0 0
images/train/0342_2524045147.jpg 0 0 0 0 0 0 0 0 0 0 0 0 0 0 0 0 0 0 1 0 0
images/chapel/0549_776309434.jpg 0 0 0 1 0 1 0 1 0 0 0 0 0 0 1 1 0 0 0 0 0
images/polar/0497_1402491582.jpg 1 0 0 0 0 0 0 0 0 0 0 1 0 0 0 0 0 0 0 1 0
images/flags/0305_362187845.jpg 0 0 0 1 0 0 1 0 0 0 0 0 0 0 1 0 0 0 0 1 0
images/avalanche/0539_120266542.jpg 0 0 0 0 0 0 0 1 0 0 0 0 0 1 1 0 0 1 0 0 0
images/skiing/0524_394310511.jpg 0 0 0 0 0 0 0 0 0 0 0 0 0 0 0 1 0 0 0 0 0
images/deer/0452_2239031100.jpg 1 0 0 1 0 0 0 1 0 0 0 0 0 1 0 0 0 0 0 0 0
images/frozen/0366_325485504.jpg 0 0 0 1 0 0 1 0 0 0 1 0 0 0 1 1 0 0 0 0 0
images/coast/0504_126986967.jpg 0 1 0 1 0 0 1 0 1 0 0 0 0 1 1 0 0 0 0 1 0
images/hut/0493_2235873940.jpg 0 0 0 1 0 0 0 0 0 0 0 1 0 0 1 0 1 0 0 1 0
images/barge/0453_2010634888.jpg 0 0 0 1 0 0 0 0 0 0 0 0 0 0 0 0 0 0 0 1 0
images/toll_booth/0321_397309981.jpg 0 0 0 0 0 0 0 0 0 0 0 0 1 0 0 1 0 0 0 0 0
images/john_kerry/0356_1055460.jpg 0 0 0 0 0 0 0 0 0 1 0 0 0 0 0 0 0 0 1 0 0
images/prototype/0552_2656645666.jpg 0 0 0 0 0 1 0 0 0 0 0 0 0 0 0 0 0 0 1 0 0
images/pack/0453_1935912894.jpg 0 0 0 0 0 0 0 0 0 0 0 0 0 0 1 0 0 1 0 0 0
images/rocks/0501_188102158.jpg 0 1 0 1 0 0 1 0 1 0 0 0 0 1 1 0 0 0 0 1 0
images/harbors/0349_386452562.jpg 0 0 0 1 0 0 0 0 1 0 0 0 0 0 1 0 0 0 0 1 0
images/firefighter/0552_1244626797.jpg 0 0 0 0 0 0 0 1 0 0 0 0 0 0 0 0 0 0 0 0 0
images/urban_scenes/0209_291493665.jpg 0 0 1 1 0 0 0 0 0 0 0 0 0 0 1 0 0 0 0 0 0
images/basket/0254_2735450553.jpg 0 0 0 0 1 0 0 0 0 0 0 0 0 0 0 0 0 0 0 0 0
images/poppies/0348_430370016.jpg 0 0 0 1 1 0 0 0 0 0 1 0 0 0 1 0 0 0 0 0 0
images/pole/0288_2326300481.jpg 0 0 0 0 0 0 0 0 0 0 0 1 0 0 0 0 0 0 0 0 1
images/calf/0538_150475493.jpg 0 0 0 1 0 1 0 1 0 0 0 0 0 1 0 0 0 0 0 0 0
images/baseball/0244_115151805.jpg 0 0 0 0 0 0 0 0 0 1 0 0 0 0 0 0 0 0 0 0 0
images/road_block/0067_888282225.jpg 0 0 0 0 0 0 0 0 0 0 0 0 1 0 0 0 0 0 1 0 1
images/waterfalls/0327_144523421.jpg 0 0 0 0 0 0 1 1 0 0 0 0 0 1 1 1 0 0 0 1 0
images/branch/0483_2360490441.jpg 0 0 0 0 0 0 0 1 0 0 0 0 0 0 0 0 0 1 0 0 0
images/golf/0289_636281720.jpg 0 0 0 0 0 0 0 0 0 0 0 1 0 0 0 0 0 0 0 0 1
images/cows/0542_260228197.jpg 1 0 0 0 0 1 0 0 0 0 0 0 0 0 1 0 0 0 0 0 0
images/wolf/0294_65501175.jpg 1 0 0 0 0 0 0 0 0 0 0 0 0 0 0 0 0 0 0 0 0
images/roof/0476_70873668.jpg 0 0 1 0 0 0 0 0 0 0 0 0 0 0 0 0 0 0 0 0 1
images/nighttime/0398_479078104.jpg 0 0 1 1 0 0 1 0 1 0 0 0 0 0 1 0 0 0 0 1 0
images/flags/0472_1304108607.jpg 0 0 0 0 0 0 0 0 0 1 0 0 0 0 1 0 0 0 0 0 0
images/toll_booth/0434_853155447.jpg 0 0 0 1 0 0 0 0 0 0 0 0 1 0 1 0 0 0 1 0 0
images/aqueduct/0002_485220898.jpg 0 0 1 1 0 0 0 0 0 0 0 0 0 0 1 0 0 0 0 0 0
images/raft/0063_458445773.jpg 0 0 0 1 0 0 1 0 1 0 0 1 0 0 1 0 1 0 0 0 0
images/rainbow/0500_1755471786.jpg 0 0 0 1 0 0 0 0 0 0 1 0 0 0 1 0 0 1 0 0 0
images/kauai/0325_179549766.jpg 0 0 0 0 0 0 0 0 0 0 0 0 0 1 1 0 0 0 0 0 0
images/head_of_state/0042_566471547.jpg 0 0 1 1 0 0 0 0 0 0 0 0 0 0 0 0 0 0 0 0 1
images/hut/0093_375282067.jpg 0 0 0 0 0 0 1 0 0 0 1 1 0 0 1 0 0 0 0 1 0
images/pope/0286_2217049325.jpg 0 0 0 1 0 0 0 0 0 0 0 0 1 0 0 0 0 0 0 0 0
images/individual/0547_2476389257.jpg 0 0 0 1 1 0 0 0 0 0 1 0 0 0 0 0 0 0 0 0 0
images/cloverleaf/0041_15454775.jpg 0 0 1 0 0 0 0 0 0 0 0 0 0 0 1 0 0 0 0 0 1
images/coast/0351_2040132068.jpg 0 0 0 1 0 0 1 0 1 0 0 0 0 1 1 0 0 0 0 1 0
images/waves/0325_164212230.jpg 0 1 0 1 0 0 1 0 1 0 0 0 0 0 1 0 0 0 0 1 0
images/harbors/0407_238450503.jpg 0 0 1 1 0 0 0 0 0 0 0 0 0 0 1 0 0 0 0 1 0
images/rowboat/0561_512033888.jpg 0 0 0 0 0 0 0 0 0 0 0 1 0 0 0 0 0 0 0 1 0
images/basket/0333_150689022.jpg 0 0 0 1 0 1 0 0 0 0 0 0 0 0 1 0 0 0 0 0 0
images/steps/0218_2005398743.jpg 0 0 0 0 0 0 0 0 0 0 1 0 0 0 0 0 0 0 0 0 0
images/vehicle/0468_200356186.jpg 0 0 0 0 0 0 0 0 0 0 0 0 0 0 0 0 0 0 1 0 1
images/cruise_liner/0295_2122372577.jpg 0 0 0 0 0 0 0 0 0 1 0 0 0 0 0 0 0 0 0 0 0
images/clearing/0561_2139827236.jpg 0 0 0 1 0 0 0 0 0 0 0 0 0 0 1 0 0 0 1 0 1
images/church/0473_391258575.jpg 0 0 1 1 0 0 0 0 0 0 0 0 0 0 1 0 0 0 0 0 1
images/marsh/0238_1446598659.jpg 0 0 0 0 0 0 0 0 0 0 1 0 0 0 0 0 0 1 0 0 0
images/buddha/0442_363367629.jpg 0 0 0 0 0 0 0 0 0 0 0 0 0 0 0 1 0 0 0 0 0
images/flood/0086_2694338068.jpg 0 0 0 1 0 0 1 0 1 0 0 0 0 0 1 0 0 0 0 1 0
images/camera/0098_1260059999.jpg 0 0 0 0 1 1 0 0 0 0 0 0 0 0 1 0 0 0 0 0 0
images/urban_park/0372_159748542.jpg 0 0 0 1 0 0 0 1 0 0 0 0 0 0 1 0 0 0 0 0 0
images/sand/0436_458566649.jpg 0 0 0 1 0 0 1 0 1 1 0 1 0 0 1 0 1 0 0 1 0
images/arctic/0461_214312175.jpg 0 0 0 1 0 0 1 1 1 0 0 1 0 1 1 0 0 0 0 1 0
images/guard/0352_2282144759.jpg 0 0 0 0 0 0 0 0 0 1 0 0 0 0 0 0 0 0 0 0 1
images/palm/0230_247371050.jpg 0 0 0 1 0 0 1 0 0 0 0 1 0 0 1 0 1 0 0 1 0
images/cruise_liner/0243_561426203.jpg 0 0 0 0 0 0 1 0 0 0 0 0 0 0 1 0 0 0 0 1 0
images/cliff/0360_2120231518.jpg 0 1 0 1 0 0 1 0 1 0 0 0 0 1 1 0 1 0 0 1 0
images/cats/0073_1539108629.jpg 1 0 0 0 0 0 0 0 0 0 0 0 0 0 0 0 0 0 0 0 0
images/sand/0466_940037577.jpg 0 1 0 1 0 0 0 0 0 0 0 0 0 0 1 0 0 0 0 0 0
images/hunter/0218_143229660.jpg 1 0 0 0 0 1 0 0 0 0 0 0 0 0 0 0 0 0 0 0 0
images/prop/0079_182157281.jpg 0 0 0 0 0 0 0 1 0 0 0 0 0 0 0 0 0 0 1 1 0
images/petals/0278_322853810.jpg 0 0 0 0 0 0 0 0 0 0 1 0 0 0 0 0 0 0 0 0 0
images/mushrooms/0226_537871982.jpg 0 0 0 0 0 1 0 0 0 0 1 0 0 0 0 0 0 0 0 0 0
images/arctic/0316_1155618255.jpg 0 0 0 1 0 0 1 1 0 0 0 0 0 1 1 0 0 0 0 0 0
images/writing/0293_2370840196.jpg 0 0 1 1 0 0 0 0 0 0 0 1 1 0 1 0 0 0 0 1 0
images/sailboats/0297_152053286.jpg 0 0 0 0 0 0 1 0 1 0 0 1 0 0 1 0 0 0 0 1 0
images/single_person/0589_2048815800.jpg 0 0 0 0 0 0 0 0 0 0 0 0 0 0 0 0 0 0 0 1 0
images/coast/0547_1220048016.jpg 0 0 0 1 0 0 0 0 0 0 0 0 0 0 1 0 0 0 0 1 0
images/branch/0221_2678256336.jpg 0 0 0 0 1 0 0 0 0 0 0 0 0 0 0 0 0 0 0 0 0
images/path/0249_353105892.jpg 0 0 0 1 0 0 0 0 0 0 1 0 1 0 1 0 0 1 0 0 0
images/frozen/0012_1195572032.jpg 0 0 0 1 0 0 0 0 0 0 0 0 0 0 1 1 0 0 0 0 0
images/f-16/0577_734197104.jpg 0 0 0 1 0 0 0 1 0 0 0 0 0 0 1 0 0 0 0 0 0
images/horizon/0597_297567390.jpg 0 1 0 1 0 0 0 0 1 0 0 0 0 0 1 0 1 0 0 0 0
images/herd/0203_1175822824.jpg 1 0 0 0 0 0 0 0 0 0 0 0 0 0 0 0 0 0 0 0 0
images/oceans/0334_86782018.jpg 0 0 0 1 0 0 0 0 1 1 0 0 0 0 1 0 0 0 0 0 0
images/trail/0201_2208324132.jpg 0 0 0 0 0 0 0 0 0 0 0 1 0 1 0 0 0 0 0 1 0
images/tomb/0585_105051622.jpg 0 0 0 1 0 0 0 0 0 1 0 0 1 0 1 0 0 0 0 0 0
images/nighttime/0477_2013852771.jpg 0 0 0 1 0 0 1 0 0 0 0 0 1 0 1 0 1 0 0 1 0
images/tanker/0327_384705997.jpg 0 0 1 1 0 0 0 0 0 0 0 0 0 0 1 1 0 0 0 0 1
images/river_bank/0494_2156482700.jpg 0 0 0 0 0 0 1 0 0 0 0 1 0 0 0 1 0 0 0 1 0
images/airplane/0233_2497757372.jpg 1 0 0 0 0 0 0 0 1 1 0 0 0 0 0 0 0 0 0 1 0
images/car_racing/0354_485602543.jpg 0 0 0 0 0 0 0 0 0 0 0 0 1 0 0 0 0 0 1 0 0
images/beach/0428_2389694820.jpg 0 0 0 1 0 0 0 0 1 0 0 0 0 1 1 0 0 0 0 1 0
images/rice/0272_183353565.jpg 0 0 0 0 0 1 0 0 0 0 1 0 0 0 1 0 0 0 0 0 0
images/barracks/0213_112923962.jpg 0 0 0 0 0 0 0 0 0 0 0 0 0 0 0 1 0 0 0 0 0
images/mule/0337_370451494.jpg 0 0 0 0 0 0 0 0 0 0 0 0 1 0 0 0 0 0 1 0 0
images/african/0011_2560588389.jpg 0 0 0 1 0 0 0 0 0 1 0 0 0 0 0 0 0 0 0 0 0
images/mushrooms/0376_1569603031.jpg 0 0 0 0 0 1 0 0 0 0 1 0 0 0 0 0 0 0 0 1 0
images/aircraft_carrier/0062_181736090.jpg 0 0 0 1 0 0 0 0 1 0 0 0 0 0 1 0 0 0 0 1 0
images/hill/0087_301874255.jpg 0 0 0 1 0 0 0 0 0 0 0 0 1 1 1 0 0 0 0 0 0
images/lizard/0680_2536559189.jpg 0 1 0 1 0 0 0 0 0 0 0 0 0 1 1 1 0 0 0 1 0
images/shore/0364_1711912956.jpg 0 0 0 0 0 0 1 0 1 0 0 0 0 0 1 0 0 0 0 1 0
images/hill/0482_2607619793.jpg 0 0 0 0 0 1 0 0 0 0 1 0 0 0 0 0 0 1 0 0 0
images/fence/0371_195882306.jpg 0 0 0 1 0 0 0 0 0 0 0 0 0 0 1 0 1 0 0 0 0
images/maps/0287_2344628763.jpg 0 0 0 0 0 0 0 0 0 0 0 0 0 1 0 0 0 0 0 0 0
images/urban_park/0518_2164162502.jpg 0 0 0 0 0 0 1 0 0 0 0 0 0 0 0 0 0 0 0 1 0
images/antenna/0239_2052323105.jpg 0 0 1 0 0 1 0 0 0 0 0 0 0 0 1 0 0 0 0 1 0
images/cougar/0205_1737810930.jpg 1 0 0 0 0 0 0 0 0 0 0 0 0 0 0 0 0 0 0 0 0
images/oil_field/0099_181722646.jpg 0 0 0 0 0 0 0 0 1 0 0 0 0 0 0 0 0 0 1 1 0
images/door/0379_38527623.jpg 1 1 0 0 0 0 0 0 1 1 0 0 0 0 1 0 0 0 0 1 0
images/poppies/0524_193050653.jpg 0 0 0 0 1 1 0 0 0 0 1 0 0 0 1 0 0 0 0 0 0
images/bay/0237_1575719430.jpg 0 0 0 1 0 0 0 0 1 0 0 0 0 1 1 0 0 0 0 1 0
images/reefs/0249_2488022928.jpg 0 0 0 0 0 0 0 0 0 0 0 0 0 1 0 0 0 0 0 0 0
images/formation/0353_1023301450.jpg 0 0 0 0 0 0 0 0 0 0 0 0 0 1 0 0 0 0 0 1 0
images/monks/0578_8913658.jpg 0 0 0 0 0 0 0 0 0 1 0 0 0 0 0 0 0 0 0 0 0
images/harbors/0399_1487740575.jpg 0 0 0 0 0 0 1 0 1 0 0 1 0 1 1 0 0 0 0 1 0
images/hotel/0534_2544869932.jpg 0 0 0 1 0 1 0 0 0 0 0 1 0 0 1 0 1 0 0 1 0
images/pole/0414_2584082817.jpg 0 0 0 0 1 1 0 0 0 0 1 0 0 0 1 0 0 0 0 0 0
images/moss/0691_2374556395.jpg 0 0 0 0 0 0 1 1 0 0 1 0 0 0 0 0 0 0 0 1 0
images/fields/0439_2614002842.jpg 0 0 0 1 0 1 0 0 0 0 1 0 0 0 1 0 0 0 0 0 0
images/blooms/0332_2607137608.jpg 0 0 0 0 1 0 0 0 0 0 0 0 0 0 0 0 0 0 0 0 0
images/hills/0049_79508483.jpg 0 0 0 1 0 1 0 1 0 0 1 0 0 0 1 0 0 0 0 0 0
images/car_racing/0060_32119783.jpg 0 0 0 0 0 1 0 0 0 0 0 0 0 0 0 0 0 0 1 0 1
images/mist/0541_1091253496.jpg 0 0 0 1 0 0 0 1 0 0 0 0 0 0 1 0 0 0 0 0 0
images/dock/0527_2443330867.jpg 0 0 0 1 0 0 0 0 1 0 0 0 0 0 0 0 0 0 0 1 0
images/sails/0015_2058740555.jpg 0 0 0 1 0 0 0 0 0 0 0 0 0 0 1 0 0 0 0 0 0
images/coast/0231_168832715.jpg 0 0 0 0 0 1 0 0 0 0 0 0 0 0 0 0 0 0 0 0 0
images/rose/0291_185359143.jpg 0 0 0 0 0 0 0 0 0 0 1 0 0 0 0 0 0 0 0 0 0
images/gas_station/0315_276369.jpg 0 0 0 0 0 0 0 0 0 0 0 0 1 0 0 0 0 0 0 0 1
images/river_bank/0240_2193983402.jpg 0 0 0 0 0 0 0 0 0 0 1 0 0 0 0 1 0 1 0 0 0
images/palm/0578_251898874.jpg 0 1 0 0 0 0 0 0 0 0 0 0 0 0 1 0 0 0 0 1 0
images/leopard/0370_695264366.jpg 1 0 0 0 0 0 0 0 0 0 0 0 0 0 0 0 0 0 0 0 0
images/pickup_truck/0206_403524178.jpg 0 0 0 0 0 0 0 0 0 0 0 0 0 0 0 0 0 0 0 0 1
images/sea/0266_1752011018.jpg 1 0 0 0 0 0 1 0 0 0 0 0 0 0 1 0 1 0 0 1 0
images/ship/0263_2367113930.jpg 0 0 0 1 0 0 1 1 0 0 0 0 0 0 1 0 0 0 0 1 0
images/forest/0669_480529186.jpg 0 0 0 0 0 0 0 0 0 0 0 1 0 1 0 0 0 0 0 1 0
images/pickup_truck/0381_96507175.jpg 0 0 0 0 0 0 0 0 0 0 1 0 0 0 1 0 0 1 0 0 0
images/suburban/0275_526609324.jpg 0 0 1 0 0 0 0 0 0 0 0 0 0 0 1 0 0 0 0 0 0
images/calf/0028_1660005394.jpg 1 0 0 1 0 1 0 0 0 0 0 0 0 0 1 0 0 0 0 0 0
images/jet/0640_385185230.jpg 0 0 0 1 0 0 1 0 0 0 0 0 0 0 1 0 1 0 0 0 0
images/truck/0269_830442395.jpg 0 0 0 0 0 0 0 0 0 0 0 0 0 0 0 0 0 0 1 0 1
images/scientists/0448_879066028.jpg 0 0 0 0 0 0 0 0 0 1 0 0 0 0 0 0 0 0 0 0 0
images/vegetation/0053_1732379025.jpg 0 0 0 1 0 0 0 0 0 0 1 0 0 0 0 0 0 1 0 0 0
images/moose/0644_2471806669.jpg 1 0 0 0 0 0 0 0 0 0 0 0 0 0 0 0 0 0 0 1 0
images/shell/0311_2125567352.jpg 1 0 0 0 0 0 0 0 0 0 0 0 0 0 0 0 0 0 0 0 0
images/cockpit/0459_121691990.jpg 0 0 0 1 0 0 0 0 0 0 0 0 0 0 0 0 0 0 1 0 0
images/tundra/0452_427297086.jpg 0 0 0 0 0 1 0 1 0 0 0 0 0 1 1 0 0 0 0 0 0
images/car/0343_427765027.jpg 0 0 0 0 0 0 0 0 0 0 0 0 0 0 0 0 0 0 1 0 0
images/rainbow/0562_1506158625.jpg 0 0 0 0 0 0 0 0 0 0 0 0 0 0 0 0 0 0 0 1 0
images/white_house/0298_252843465.jpg 0 0 1 0 0 1 0 0 0 1 0 0 0 0 0 0 0 0 0 0 1
images/autumn/0012_57596358.jpg 0 0 0 0 0 0 0 0 0 0 0 0 0 1 0 0 0 0 0 1 0
images/shooting/0574_100540012.jpg 0 0 0 0 0 0 0 0 0 0 0 0 0 0 1 0 0 0 0 0 0
images/skyline/0426_1895930266.jpg 0 0 1 0 0 0 0 0 0 0 0 1 0 0 0 0 0 0 0 1 0
images/oahu/0518_2421271562.jpg 0 1 0 1 0 0 0 0 0 0 1 0 0 0 1 0 0 0 0 0 0
images/library/0079_86499236.jpg 0 0 1 1 0 0 0 0 0 0 0 0 0 0 0 0 0 0 0 0 0
images/trail/0336_2256395593.jpg 0 0 0 0 0 1 0 0 0 0 0 1 0 0 1 0 0 1 0 1 0
images/backpackers/0478_1435905479.jpg 0 0 0 0 0 0 0 0 0 1 0 0 0 0 0 0 0 0 0 0 1
images/river_bank/0580_641165961.jpg 0 0 0 0 1 1 0 0 0 0 1 0 0 0 0 0 0 0 0 0 0
images/bank/0412_502433172.jpg 0 0 1 1 0 0 0 0 0 0 0 0 0 0 1 0 0 0 1 0 0
images/chrysanthemums/0577_2290340315.jpg 0 0 0 0 1 0 0 0 0 0 0 0 0 0 0 0 0 0 0 0 0
images/helicopter/0311_131470593.jpg 0 0 0 1 0 0 0 0 0 0 0 0 0 0 1 0 0 0 0 0 0
images/aerial/0275_14150739.jpg 0 1 0 0 0 0 0 0 1 0 0 0 0 0 0 0 0 0 0 1 1
images/shipyards/0038_9024163.jpg 0 0 0 1 0 0 1 0 1 0 0 0 0 0 1 0 0 0 0 1 0
images/buddha/0335_471440180.jpg 0 0 0 0 0 0 0 0 0 0 0 0 0 0 0 0 0 1 0 0 0
images/politics/0063_2213264085.jpg 0 0 1 0 0 0 0 0 0 0 0 0 1 0 0 0 0 0 0 0 0
images/peaks/0293_236436585.jpg 0 0 0 0 0 0 1 1 1 0 0 0 0 0 1 0 0 0 0 1 0
images/festival/0080_458823048.jpg 0 0 0 0 1 0 0 0 0 0 1 0 0 0 0 0 0 0 0 0 0
images/formation/0471_2402453411.jpg 0 0 0 1 0 0 0 0 0 0 0 0 0 0 1 0 0 0 0 1 0
images/reflection/0315_2097528660.jpg 0 0 0 1 0 0 0 0 0 0 0 0 0 0 1 0 0 0 0 0 0
images/architecture/0424_282900259.jpg 0 0 1 1 0 0 1 0 0 0 0 0 0 0 1 0 0 0 0 1 0
images/antlers/0490_130932347.jpg 1 0 0 0 0 1 0 0 0 0 0 0 0 0 0 0 0 0 0 0 0
images/lakes/0391_2131106767.jpg 1 0 0 0 0 0 1 0 0 0 0 0 0 0 0 0 0 0 0 1 0
images/white-tailed/0385_192645908.jpg 1 0 0 0 0 1 0 0 0 0 0 0 0 0 0 0 0 0 0 0 0
images/sky/0215_397736325.jpg 0 1 0 1 0 0 0 0 1 0 0 1 0 0 1 0 0 0 0 1 0
images/freighter/0362_472838711.jpg 0 0 0 1 0 0 0 0 0 0 0 0 0 0 0 0 0 0 1 0 0
images/pair/0428_173705981.jpg 1 0 0 0 0 0 0 0 0 0 0 0 0 0 0 0 0 0 0 0 1
images/sunny/0580_512253577.jpg 0 0 0 0 0 0 0 0 0 0 0 0 1 0 0 0 0 0 0 0 1
images/formula/0692_1887452230.jpg 0 0 0 0 0 0 0 0 0 0 0 0 1 0 0 0 0 0 1 0 0
images/bridges/0333_453231575.jpg 0 0 0 1 0 0 1 0 0 0 0 1 0 0 1 0 0 0 0 1 0
images/helicopter/0020_452616214.jpg 0 0 0 0 0 0 0 0 0 0 0 0 0 0 1 1 0 0 1 0 0
images/frost/0390_2139070097.jpg 0 0 0 0 0 0 0 0 0 0 0 0 0 0 0 0 0 1 0 0 0
images/stone/0584_492559930.jpg 0 1 0 1 0 0 1 0 0 0 0 1 0 1 1 0 1 0 0 1 0
images/iguana/0577_1174126146.jpg 1 0 0 0 0 0 0 0 0 0 0 0 0 0 0 0 0 0 0 0 0
images/urban_park/0581_67885310.jpg 0 0 0 0 0 1 0 0 0 0 1 0 0 0 0 0 0 0 0 0 0
images/dog/0521_96818519.jpg 1 1 0 1 0 0 1 0 1 1 0 0 0 0 1 0 1 0 0 1 0
images/hunter/0059_2086362965.jpg 0 0 0 1 0 0 1 0 1 0 0 1 0 0 1 0 1 0 0 1 0
images/houseboat/0621_2293998338.jpg 0 0 1 0 0 0 0 0 0 0 0 0 0 0 1 0 0 0 0 1 1
images/water_tower/0203_124714192.jpg 0 0 1 0 0 0 0 0 0 0 0 0 0 0 1 0 0 0 0 0 0
images/aqueduct/0100_2351969219.jpg 0 0 0 0 0 0 0 0 0 0 0 0 0 1 1 0 0 0 0 1 0
images/bicycle/0597_2291311028.jpg 0 1 0 1 0 0 0 0 0 0 0 0 1 0 1 0 0 0 0 0 0
images/barge/0026_2272079721.jpg 0 0 0 1 0 0 1 0 0 0 1 1 0 0 1 0 0 0 0 1 0
images/lakes/0403_140094042.jpg 0 0 0 0 0 0 1 0 0 0 0 1 0 0 1 0 1 0 0 1 0
images/locomotive/0381_2524351704.jpg 0 0 0 0 0 0 0 0 0 1 0 0 0 0 0 1 0 0 0 0 0
images/penguin/0062_836353448.jpg 0 0 0 0 0 0 0 0 0 1 0 0 0 0 0 0 0 0 0 0 0
images/fox/0420_2644444516.jpg 1 0 0 0 0 1 0 0 0 0 0 0 0 0 1 0 0 0 0 0 0
images/dock/0270_2557748139.jpg 0 0 0 1 0 0 1 0 0 0 0 0 0 0 0 0 0 0 0 1 0
images/arctic/0476_2537018498.jpg 0 0 0 0 0 0 0 0 1 0 0 0 0 0 1 1 0 0 0 0 0
images/lawn/0349_2548663119.jpg 0 0 0 0 0 1 0 0 0 0 0 0 0 0 1 0 0 0 0 0 0
images/calf/0479_2607920804.jpg 1 0 0 0 0 1 0 0 0 0 0 0 0 0 0 0 0 0 0 0 0
images/smoke/0232_1219067306.jpg 0 0 0 1 0 0 0 0 0 0 1 0 0 0 1 0 0 0 0 0 0
images/path/0055_164879354.jpg 0 0 0 1 0 1 0 0 0 0 1 0 1 0 1 0 0 0 0 0 0
images/sunny/0376_1847827369.jpg 0 0 0 0 0 0 0 0 0 1 0 0 0 0 0 0 0 1 0 0 0
images/stems/0073_122535130.jpg 0 0 1 0 1 0 0 0 0 0 0 0 0 0 1 0 0 0 0 0 0
images/farms/0474_1572967023.jpg 0 0 1 0 0 1 0 0 0 0 0 0 0 0 0 0 0 0 0 0 1
images/fields/0257_344460549.jpg 0 0 0 1 0 1 0 0 0 0 0 0 0 0 1 0 0 0 0 0 0
images/canyon/0023_494830594.jpg 0 0 0 0 0 0 1 0 0 0 0 0 0 0 1 0 0 0 0 1 0
images/peacekeepers/0011_474303885.jpg 0 0 0 0 0 0 0 0 0 0 0 0 1 0 1 0 0 0 0 0 1
images/blooms/0314_2437125892.jpg 0 0 0 0 1 0 0 0 0 0 0 0 0 0 0 0 0 0 0 0 0
images/smoke_stack/0356_272888240.jpg 0 0 0 1 0 0 0 0 0 0 0 0 0 0 1 0 1 0 0 0 0
images/sponges/0399_2496957226.jpg 0 0 0 0 0 0 0 0 0 1 0 0 0 0 0 0 0 0 0 0 0
images/shell/0529_485923371.jpg 0 1 0 0 0 0 0 0 0 0 0 0 0 0 0 0 0 0 0 1 0
images/cows/0231_1889973831.jpg 1 0 0 0 0 1 0 0 0 0 1 0 0 0 1 0 0 0 0 0 0
images/clearing/0274_308037249.jpg 0 0 0 0 0 0 0 0 0 0 0 0 0 0 0 0 0 1 0 0 0
images/castle/0453_2531752840.jpg 0 0 0 0 0 0 0 0 1 0 0 1 0 0 1 0 1 0 0 1 0
images/road/0693_695264292.jpg 0 0 0 1 0 0 0 0 0 0 1 0 1 0 1 0 0 0 0 0 0
images/singing/0544_325562961.jpg 0 0 0 0 0 0 0 0 0 1 0 0 0 0 0 0 0 0 0 0 0
images/temple/0401_287999888.jpg 0 0 0 0 0 0 1 0 0 0 1 0 0 1 1 0 0 0 0 0 0
images/mast/0259_551350682.jpg 0 0 0 0 0 0 1 0 0 0 0 0 0 0 1 0 1 0 0 1 0
images/pool/0297_2544745039.jpg 0 0 0 1 0 0 1 0 1 0 0 0 0 0 1 0 0 0 0 1 0
images/animal/0017_112984150.jpg 1 0 0 0 0 0 0 0 0 0 0 0 0 0 0 0 0 0 0 0 0
images/blooms/0494_330980165.jpg 0 0 0 0 1 0 0 0 0 0 0 1 0 0 0 0 0 0 0 0 0
images/polar/0091_2565184909.jpg 0 0 0 1 0 0 0 0 1 0 0 1 0 1 0 0 0 0 0 1 0
images/dancing/0278_31179182.jpg 0 1 0 0 0 0 0 0 0 1 0 1 0 0 0 0 0 0 0 1 0
images/locomotive/0431_2476372119.jpg 0 0 0 0 0 1 0 0 0 0 0 0 0 0 1 0 0 0 0 0 0
images/slope/0215_2241668789.jpg 0 0 1 0 0 0 0 0 0 0 0 0 0 0 0 0 0 0 0 0 0
images/ship/0186_2731867526.jpg 0 0 0 1 0 0 1 0 1 0 0 0 0 0 1 0 0 0 0 1 0
images/pole/0577_1103236180.jpg 0 0 0 0 0 1 0 0 0 1 0 0 0 0 0 0 0 0 0 1 0
images/lynx/0392_2400892514.jpg 0 0 1 1 0 0 0 0 0 0 0 0 1 0 0 0 0 0 0 0 0
images/sailboats/0361_1650216375.jpg 0 0 0 0 0 0 1 0 0 0 0 1 0 0 1 0 0 0 0 1 0
images/saguaro/0398_509602018.jpg 0 0 0 0 1 0 0 0 0 0 1 0 0 0 1 0 0 0 0 0 0
images/golf_course/0522_2690381932.jpg 0 0 0 1 0 0 1 0 0 0 0 0 0 0 1 0 0 0 0 1 0
images/emergency_vehicles/0034_2321077944.jpg 0 0 0 0 0 0 0 0 0 0 0 0 0 0 0 0 0 0 1 0 1
images/beach/0255_2262959235.jpg 0 0 0 0 0 0 1 0 1 0 0 0 0 0 0 0 0 0 0 1 0
images/buildings/0087_387606063.jpg 0 0 1 1 0 0 0 0 0 0 0 0 1 0 1 0 1 0 0 0 0
images/waves/0385_412054432.jpg 0 1 0 1 0 0 1 0 1 0 0 0 0 0 1 0 1 0 0 1 0
images/fence/0553_2229277562.jpg 0 0 0 1 0 0 0 0 0 0 0 0 1 0 1 0 0 0 0 0 0
images/clock_tower/0526_2274488411.jpg 0 0 0 0 0 0 0 1 0 0 0 0 0 0 1 0 0 0 0 0 0
images/barge/0562_646501175.jpg 0 0 0 0 0 1 0 0 0 0 1 0 0 0 0 0 0 0 0 1 0
images/land/0470_2380627683.jpg 0 0 0 0 0 0 0 0 0 0 0 0 0 0 0 0 0 1 0 0 0
images/saguaro/0070_1804676284.jpg 0 0 0 1 0 0 0 0 0 0 1 0 0 0 1 0 1 0 0 0 0
images/rocks/0325_403269032.jpg 0 1 0 1 0 0 0 0 1 0 0 0 0 1 1 0 0 0 0 1 0
images/windmills/0002_520511230.jpg 0 0 0 1 0 0 0 0 0 0 0 0 0 0 1 0 1 0 0 0 0
images/radar/0080_1183626080.jpg 0 0 0 1 0 0 0 0 0 0 0 0 0 0 1 0 0 0 0 0 0
images/flood/0571_1134737904.jpg 0 0 0 1 0 0 1 0 1 0 0 1 0 0 1 0 1 0 0 1 0
images/pottery/0436_2736408388.jpg 0 0 0 0 0 0 0 0 0 0 0 0 0 0 1 0 0 0 0 1 0
images/sheep/0278_399953591.jpg 0 0 1 1 0 1 0 0 0 0 1 0 0 0 1 0 1 0 0 0 0
images/sign/0342_2146170738.jpg 0 0 0 0 1 0 0 0 0 0 1 0 0 0 0 0 0 0 0 0 0
images/arctic/0524_328534278.jpg 0 0 0 1 0 0 1 0 0 0 0 0 0 0 1 0 1 0 0 1 0
images/bush/0457_1586758173.jpg 1 0 0 0 0 0 0 0 0 0 0 0 0 0 0 0 0 0 0 0 0
images/smoke/0572_1330631721.jpg 0 0 0 1 0 0 0 0 0 0 1 0 0 0 1 0 0 0 0 0 0
images/detail/0312_2413796624.jpg 0 1 0 1 0 0 0 0 1 0 0 1 0 1 1 0 1 0 0 1 0
images/cliff/0498_441962536.jpg 0 0 0 0 0 0 1 0 0 0 0 0 0 1 0 0 0 0 0 1 0
images/courthouse/0227_2212674485.jpg 0 0 1 1 0 0 0 0 0 0 0 0 0 0 1 0 0 0 0 0 1
images/harbor/0426_2372890430.jpg 0 1 0 1 0 0 0 0 0 0 0 1 0 0 0 0 0 0 0 1 0
images/tanker/0202_2337651364.jpg 0 0 0 0 0 0 0 0 1 0 0 0 0 0 0 0 0 0 0 1 0
images/mare/0452_1810321149.jpg 0 0 1 1 0 0 1 0 1 0 0 0 0 1 1 0 0 0 0 1 1
images/desert/0604_91703722.jpg 0 0 0 1 0 0 1 1 0 0 0 0 0 0 1 0 1 0 0 1 0
images/ice/0321_1422311207.jpg 0 0 0 1 0 0 1 1 1 0 0 0 0 0 1 1 1 0 0 1 0
images/courtyard/0545_2396110130.jpg 0 0 1 0 0 1 0 0 0 0 1 1 0 0 1 0 0 0 0 1 0
images/chapel/0539_295820745.jpg 0 0 0 0 0 0 0 0 0 0 0 1 0 0 0 0 0 0 0 1 0
images/freighter/0436_147977347.jpg 0 0 0 1 0 0 0 1 1 0 0 0 0 0 1 0 1 0 0 1 0
images/crystals/0253_66552545.jpg 0 0 0 0 1 0 0 0 0 0 0 0 0 0 0 0 0 0 0 0 0
images/greeting/0495_2259891207.jpg 1 0 0 0 0 0 0 0 0 0 0 0 0 0 0 0 0 0 0 0 0
images/backpack/0216_2230962894.jpg 0 1 0 1 0 0 0 0 1 0 0 0 0 1 1 0 0 0 0 1 0
images/market/0436_376013236.jpg 0 0 0 0 0 0 0 0 0 1 0 0 0 0 0 0 0 0 0 0 0
images/palm/0036_467263517.jpg 0 0 0 1 0 0 0 0 0 0 1 0 0 0 1 0 1 1 0 0 0
images/fence/0411_534568513.jpg 0 0 0 1 0 0 0 1 0 0 0 0 0 0 1 0 0 0 0 0 0
images/clouds/0070_2071069467.jpg 0 0 0 1 0 0 0 0 0 0 0 0 0 0 1 0 1 0 0 0 0
images/cactus/0028_524598679.jpg 0 0 0 0 1 0 0 0 0 0 0 0 0 0 0 0 0 0 0 0 0
images/blooms/0465_1067024829.jpg 0 0 0 0 1 0 0 0 0 0 0 0 0 0 0 0 0 0 0 0 0
images/mule/0343_156939599.jpg 1 0 0 0 0 0 0 0 0 0 0 0 0 0 0 0 0 0 0 1 0
images/powerlines/0238_2584259943.jpg 0 0 0 1 0 0 0 0 0 0 0 0 0 0 1 0 0 0 0 0 1
images/group/0402_2703223707.jpg 0 0 0 1 0 0 0 0 0 0 0 0 0 0 1 0 1 0 0 0 0
images/reefs/0070_243453908.jpg 1 0 0 0 0 0 0 0 0 0 0 0 0 1 0 0 0 0 0 0 0
images/bay/0581_181778668.jpg 0 1 0 1 0 0 0 0 0 0 0 0 0 0 0 0 0 0 0 0 0
images/running/0308_14106946.jpg 0 1 0 0 0 0 0 0 0 0 0 0 0 0 0 0 0 0 0 0 0
images/islands/0564_852243933.jpg 0 0 0 1 0 0 1 0 1 0 0 0 0 0 1 0 0 0 0 1 0
images/cottage/0277_2206700893.jpg 0 0 1 1 0 0 0 0 0 0 0 0 0 0 1 0 0 0 0 0 0
images/railroad/0621_85334254.jpg 0 0 0 0 0 0 0 0 0 0 0 0 0 0 1 0 0 0 0 0 0
images/plants/0409_2407087505.jpg 0 0 0 0 0 0 0 0 0 0 1 0 0 0 0 0 0 0 0 0 0
images/bridges/0263_151928311.jpg 0 0 1 1 0 0 0 0 0 0 0 0 1 0 1 0 1 0 0 0 0
images/buildings/0281_2204276255.jpg 0 0 1 1 0 0 0 0 0 0 0 0 0 0 1 0 0 0 0 0 0
images/rowboat/0304_589133485.jpg 0 0 0 0 0 0 0 0 0 0 0 0 0 0 0 0 0 0 0 1 0
images/river_bank/0368_2447491483.jpg 0 0 0 0 0 0 0 0 0 0 0 0 0 0 0 0 0 0 0 1 0
images/gym/0092_928324616.jpg 0 0 0 0 0 0 0 0 0 1 0 0 0 0 0 0 0 0 0 0 0
images/plane/0549_87648689.jpg 0 0 0 0 0 0 0 1 1 0 0 0 0 0 1 1 0 0 0 1 0
images/waterfalls/0223_2246910995.jpg 0 0 0 0 0 0 1 0 0 0 0 0 0 0 0 0 0 0 0 1 0
images/ice/0327_2381209413.jpg 0 0 0 0 0 0 0 0 1 0 0 0 0 0 1 0 0 0 0 1 0
images/cliff/0375_451635770.jpg 0 1 0 1 0 0 1 0 1 0 0 0 0 1 1 0 0 0 0 1 0
images/ties/0098_1658413722.jpg 0 0 0 0 0 0 0 0 0 0 0 0 0 0 1 0 0 1 0 0 0
images/harbors/0270_2155729365.jpg 0 0 0 0 0 0 0 0 0 0 1 0 0 0 1 0 1 0 0 0 0
images/ties/0275_2501783314.jpg 0 0 0 0 1 1 0 0 0 0 0 0 0 0 0 0 0 0 0 0 0
images/pavilions/0612_2610525510.jpg 0 0 0 0 0 0 0 1 0 0 0 0 0 1 1 0 0 0 0 0 0
images/cathedral/0418_1788274484.jpg 0 0 1 0 0 0 0 0 0 0 0 1 0 0 1 0 0 0 0 0 0
images/valleys/0059_2569574601.jpg 0 0 0 1 0 1 0 1 0 0 0 0 0 1 1 0 0 0 0 0 0
images/frost/0251_2122481097.jpg 0 0 0 1 0 0 1 0 0 0 1 0 0 0 1 0 1 0 0 1 0
images/radar/0022_195455705.jpg 1 0 0 0 0 0 0 0 0 0 0 0 0 0 0 0 0 0 0 1 0
images/cooling_tower/0307_505748838.jpg 0 0 0 1 0 0 0 0 0 0 0 0 0 0 1 0 0 0 0 0 0
images/river_bank/0495_1726209413.jpg 0 0 0 0 0 1 0 0 0 0 1 0 0 0 0 0 0 1 0 0 0
images/valleys/0546_2702285094.jpg 0 0 0 0 0 1 0 1 0 0 1 0 0 0 1 0 0 0 0 0 0
images/earthquake/0210_2486054640.jpg 0 0 0 0 0 0 0 0 0 1 0 0 0 0 1 0 0 0 0 0 0
images/skiing/0337_2126372208.jpg 0 0 0 1 0 0 0 1 0 0 0 0 0 0 1 1 0 1 0 0 0
images/leopard/0443_2414115721.jpg 1 0 0 0 0 0 0 0 0 0 0 0 0 0 0 0 0 0 0 0 0
images/avalanche/0489_122002526.jpg 0 0 0 1 0 0 0 1 0 0 0 0 0 0 1 1 0 0 0 0 0
images/frigate/0529_518120814.jpg 0 0 0 0 0 0 0 0 0 0 0 0 0 0 1 0 0 0 1 1 0
images/crab/0517_474317841.jpg 1 0 0 0 0 0 1 0 0 0 0 0 0 0 0 0 0 0 0 0 0
images/desert/0375_407971401.jpg 0 0 0 1 0 0 0 0 0 0 0 0 0 0 1 1 0 1 0 0 0
images/toll_booth/0281_2559413383.jpg 0 0 0 1 0 0 0 0 0 0 0 0 1 0 1 0 0 0 0 0 1
images/cabin/0596_2614583300.jpg 0 0 1 0 0 0 0 0 0 0 0 0 0 0 0 0 0 0 0 0 1
images/cityscape/0312_2236367425.jpg 0 0 0 1 0 0 0 0 0 0 0 0 0 0 1 0 1 0 0 0 0
images/tundra/0055_29188729.jpg 0 0 0 1 0 1 0 0 0 0 0 0 0 0 1 0 0 0 0 0 0
images/football/0210_765241069.jpg 0 0 1 1 0 0 0 0 0 0 0 0 0 0 1 0 0 0 0 0 0
images/adult/0355_144505817.jpg 1 0 0 0 1 0 0 0 0 0 0 0 0 0 0 0 0 0 0 0 0
images/cow/0448_2477475361.jpg 1 0 0 1 0 1 0 0 0 0 0 0 0 0 1 1 0 1 0 0 0
images/forest/0374_279971580.jpg 0 0 0 1 0 1 0 1 0 0 0 0 0 1 1 0 0 0 0 0 0
images/clouds/0074_22765875.jpg 0 0 0 1 0 0 0 0 0 0 0 1 0 1 1 0 0 0 0 1 0
images/costume/0671_2286995731.jpg 0 0 0 0 0 0 0 0 0 1 0 0 0 0 0 0 0 0 0 0 0
images/mare/0442_2163359665.jpg 0 0 0 1 0 0 1 0 1 0 0 0 0 1 0 0 0 0 0 1 0
images/sheep/0512_1152720683.jpg 1 0 0 0 0 0 0 1 0 0 0 0 0 0 1 0 1 0 0 0 0
images/aerial/0545_2296136975.jpg 0 0 0 0 0 0 1 0 1 0 0 0 0 0 1 0 0 0 0 1 0
images/detail/0382_1143119977.jpg 0 0 0 1 0 0 0 0 0 0 0 0 0 0 1 0 0 1 0 0 0
images/bicycles/0235_312330965.jpg 0 0 1 0 0 0 0 0 0 0 0 0 0 0 0 0 0 0 0 0 1
images/toll_booth/0387_2624224713.jpg 0 0 1 0 0 0 0 0 0 0 0 0 0 0 1 0 0 0 1 0 0
images/rockface/0439_2458236699.jpg 0 0 0 1 0 0 0 0 0 0 0 0 0 1 1 0 0 0 0 0 0
images/chapel/0574_2392964887.jpg 0 0 0 1 0 0 0 0 0 0 0 1 0 1 1 0 0 0 0 1 0
images/tracks/0249_465813239.jpg 0 0 0 0 0 0 0 0 0 0 1 0 0 0 0 0 0 0 0 0 0
images/grizzly/0439_175596964.jpg 1 0 0 0 0 1 1 0 0 0 0 0 0 0 0 0 0 0 0 1 0
images/waves/0511_2606846516.jpg 0 1 0 1 0 0 0 0 0 0 0 0 0 1 1 0 0 0 0 1 0
images/individual/0366_997178483.jpg 0 0 0 0 0 0 0 1 1 0 0 0 1 1 1 0 0 0 0 0 0
images/foals/0044_1204916633.jpg 1 0 0 0 0 1 0 0 0 0 0 0 0 0 0 0 0 0 0 0 0
images/race/0441_2480386278.jpg 1 0 0 0 0 0 0 0 0 0 0 0 0 0 0 0 0 0 0 0 0
images/helicopters/0299_1663244.jpg 0 0 0 0 0 1 0 0 0 0 0 0 0 0 1 0 0 0 1 0 0
images/coast/0482_1466848837.jpg 0 0 0 1 0 0 1 0 0 0 0 1 0 0 1 0 1 0 0 0 0
images/aircraft_carrier/0576_271049164.jpg 0 0 1 1 0 0 0 0 0 0 0 0 0 0 1 0 0 0 1 1 0
images/sails/0623_445518847.jpg 0 0 0 1 0 0 1 0 0 0 0 0 0 0 1 0 0 0 1 1 0
images/islands/0286_374948600.jpg 0 0 0 1 0 0 1 0 1 0 0 0 0 0 1 0 1 0 0 1 0
images/alley/0017_495507445.jpg 0 0 0 1 0 0 0 0 0 0 0 0 0 0 1 0 0 1 0 0 0
images/tugboat/0352_1460973252.jpg 0 0 0 1 0 0 1 0 1 0 0 0 0 0 1 0 0 0 1 1 0
images/mast/0016_2340525482.jpg 0 0 0 0 0 0 1 0 0 0 0 0 0 0 1 0 1 0 0 1 0
images/oceans/0095_396212563.jpg 0 0 0 1 0 0 1 0 1 0 0 0 0 1 1 1 0 0 0 1 0
images/emergency_vehicles/0064_2598521967.jpg 0 0 0 0 0 0 0 0 0 0 0 0 1 0 0 0 0 0 1 0 1
images/cougar/0033_100299496.jpg 1 0 0 0 0 0 0 0 0 0 0 0 0 0 0 0 0 0 0 0 0
images/vegetables/0406_1749134893.jpg 0 0 0 0 0 0 0 0 0 0 1 0 0 0 0 0 0 0 0 0 0
images/ties/0247_780129278.jpg 0 0 0 0 1 0 0 0 0 0 0 0 0 0 1 0 0 0 0 0 0
images/apartment_complex/0215_438939954.jpg 0 0 1 0 0 0 0 0 0 0 0 0 0 0 0 0 0 1 0 0 0
images/pavilions/0566_2631637371.jpg 0 0 0 0 0 0 0 0 0 0 0 0 1 0 0 0 0 0 1 0 0
images/parking_lot/0020_456750053.jpg 0 0 0 0 0 0 0 0 0 0 0 0 1 0 0 0 0 0 1 0 0
images/cows/0329_2066533305.jpg 1 0 0 1 0 0 0 0 0 0 0 0 0 0 1 0 0 1 0 0 0
images/cave/0040_555101178.jpg 0 0 0 0 0 0 0 0 0 0 0 0 0 0 0 1 0 0 0 0 0
images/scotland/0556_1858240424.jpg 0 1 0 1 0 0 0 1 0 0 0 1 0 0 1 0 0 0 0 1 0
images/run/0431_2407440085.jpg 1 0 0 0 0 0 0 0 0 0 0 0 0 0 0 0 0 0 0 0 0
images/steeple/0399_566429496.jpg 0 0 0 0 0 0 0 0 0 0 1 0 0 0 1 0 0 0 0 0 0
images/roof/0523_1175205314.jpg 0 0 0 1 0 0 0 0 0 0 0 0 0 0 0 0 0 0 0 0 0
images/mule/0430_2117244090.jpg 1 0 0 0 0 0 0 0 0 1 0 0 0 0 0 0 0 0 0 0 0
images/cactus/0094_2446426821.jpg 0 0 0 0 1 0 0 0 0 0 0 0 0 0 0 0 0 0 0 0 0
images/shopping_mall/0599_133155640.jpg 0 0 1 0 0 0 0 0 0 0 0 0 0 0 0 0 0 0 0 0 0
images/aerial/0201_332914638.jpg 0 1 0 0 0 0 0 0 1 0 0 0 0 0 1 0 0 0 0 1 0
images/nets/0385_2240850063.jpg 0 0 0 0 0 0 1 0 1 1 0 0 0 0 0 0 0 0 0 1 0
images/aqueduct/0539_301016422.jpg 0 0 1 0 0 0 0 0 0 0 0 0 0 0 1 0 0 0 0 0 0
images/windmills/0560_2503831336.jpg 0 0 0 0 1 1 0 0 0 0 1 0 1 0 1 0 0 0 0 1 0
images/clouds/0067_114072481.jpg 0 0 0 1 0 0 0 0 0 0 0 0 0 0 1 1 0 0 0 0 0
images/flood/0235_2310041236.jpg 0 1 0 1 0 0 0 0 1 0 0 1 0 0 1 0 1 0 0 1 0
images/fountain/0581_2523336637.jpg 0 0 0 1 0 0 1 0 0 0 0 0 0 0 1 0 0 1 0 1 0
images/lynx/0010_2322852223.jpg 1 0 0 0 0 0 0 0 0 0 0 0 0 0 0 1 0 0 0 0 0
images/shrubs/0462_303115431.jpg 0 0 0 1 0 0 1 0 0 0 0 1 0 0 0 0 0 0 0 1 0
images/election_campaign/0295_42390444.jpg 0 0 0 0 0 0 0 0 0 1 0 0 0 0 0 0 0 0 0 0 0
images/bridge/0571_31728527.jpg 0 0 0 0 0 0 1 0 0 0 0 0 0 0 0 0 1 0 0 1 0
images/dining_room/0384_2489416097.jpg 1 0 0 0 0 0 0 0 0 0 0 0 0 0 0 0 0 0 0 0 0
images/office/0008_472400192.jpg 0 0 0 0 0 0 0 0 0 1 0 0 0 0 0 0 0 0 0 0 0
images/hawk/0471_2715705378.jpg 1 0 0 1 0 0 0 0 0 0 0 0 0 0 1 0 0 0 0 0 0
images/jet/0292_2501796102.jpg 0 0 0 0 0 0 0 0 0 0 0 0 0 0 0 0 0 1 0 1 0
images/mosque/0550_405959552.jpg 0 0 0 1 0 0 0 0 0 0 0 0 0 0 1 0 0 0 0 0 0
images/cabin/0431_431206420.jpg 1 0 0 0 0 0 0 0 0 0 0 0 0 0 0 1 0 1 0 0 1
images/canyon/0243_397503935.jpg 0 0 0 0 0 0 0 0 0 0 0 0 0 0 0 0 0 1 0 0 0
images/cactus/0567_1660066178.jpg 0 0 0 0 1 0 0 0 0 0 0 0 0 0 0 0 0 0 0 0 0
images/trunk/0338_2585183850.jpg 0 0 0 1 0 0 0 0 0 0 1 0 0 0 1 0 0 1 0 0 0
images/individual/0335_2679393772.jpg 0 0 0 0 0 0 0 0 0 1 0 0 0 0 0 0 0 0 0 0 0
images/indian/0558_2067262138.jpg 0 0 0 0 0 0 0 0 0 1 0 0 0 0 0 0 0 0 0 0 0
images/valleys/0045_1873133928.jpg 0 0 0 1 0 0 0 1 0 0 1 0 0 1 0 0 0 0 0 0 0
images/cave/0088_128380026.jpg 1 0 0 0 0 0 0 0 0 1 0 0 0 0 0 0 0 0 0 0 0
images/sailboats/0439_141690340.jpg 0 0 0 1 0 0 0 0 0 0 0 0 0 0 0 0 0 0 0 1 1
images/penguin/0543_2325049915.jpg 1 0 0 0 0 0 0 0 0 0 0 0 0 0 0 1 0 0 0 0 0
images/coast/0252_1798647759.jpg 0 0 0 1 0 0 1 0 1 0 0 1 0 1 1 0 1 0 0 1 0
images/aircraft_carrier/0481_2562347617.jpg 0 0 0 0 0 0 0 0 1 0 0 0 0 0 0 0 0 0 1 0 0
images/bridges/0587_397763614.jpg 0 0 1 1 0 0 0 1 0 0 0 0 0 0 0 0 0 0 0 1 0
images/beach/0482_398294802.jpg 0 0 0 1 0 0 0 0 1 0 0 0 0 0 1 0 1 1 0 1 0
images/hut/0380_1032981986.jpg 0 0 0 0 0 0 0 0 0 0 0 0 0 0 1 0 0 0 1 1 0
images/hillside/0057_1797115813.jpg 0 0 0 0 0 0 0 1 0 0 1 0 0 0 0 0 0 0 0 0 0
images/bridge/0310_2548933009.jpg 0 0 1 1 0 0 1 0 0 0 0 1 0 0 1 0 1 0 0 1 0
images/storms/0482_167310966.jpg 0 0 0 1 0 0 0 0 0 0 1 0 1 0 1 0 0 0 0 0 0
images/courthouse/0258_1845261795.jpg 0 0 0 1 0 1 0 0 0 0 0 0 0 0 1 0 0 0 0 0 0
images/ship/0673_626743065.jpg 0 1 0 1 0 0 1 0 1 0 0 0 0 0 1 0 0 0 1 1 0
images/freighter/0222_2235286157.jpg 0 0 0 1 0 0 0 0 0 0 0 0 0 0 1 0 0 0 1 0 0
images/blooms/0017_2425394426.jpg 0 0 0 0 1 0 0 0 0 0 0 0 0 0 0 0 0 0 0 0 0
images/jet/0576_541329913.jpg 0 0 0 1 0 0 0 0 0 0 0 0 0 0 1 0 0 0 0 0 0
images/infants/0343_2100834127.jpg 0 0 0 0 0 0 0 0 0 1 0 0 0 0 0 0 0 0 0 0 0
images/harbor/0565_1337827670.jpg 0 0 0 1 0 0 1 0 0 0 0 1 0 0 1 0 1 0 1 1 0
images/hawaii/0057_142671553.jpg 0 0 0 0 0 1 0 1 0 0 1 0 0 0 0 0 0 0 0 0 0
images/pagoda/0248_346219643.jpg 0 0 0 1 0 0 1 0 0 0 0 0 0 0 1 0 0 0 0 1 0
images/church/0481_1854004425.jpg 0 0 0 1 0 0 0 0 0 0 0 0 0 0 1 0 1 0 0 1 0
images/mountain/0279_242247480.jpg 0 0 0 1 0 0 1 1 0 0 0 0 0 0 1 0 0 0 0 0 0
images/hawaii/0418_250987983.jpg 0 0 0 1 0 0 0 1 0 0 0 0 0 0 1 0 1 0 0 0 0
images/tanker/0273_337506371.jpg 0 0 1 0 0 0 0 0 0 0 0 0 0 0 0 0 0 0 0 0 0
images/throwing/0234_492076433.jpg 0 0 0 1 0 1 0 0 0 0 1 0 0 0 1 0 0 0 0 0 0
images/canoe/0205_2162637928.jpg 0 0 0 0 0 0 1 1 0 0 0 1 0 1 0 0 0 0 0 1 0
images/helicopter/0410_533652896.jpg 0 0 0 0 0 1 0 0 0 1 0 0 0 0 1 0 0 0 1 0 0
images/blooms/0505_2319499856.jpg 0 0 0 0 1 0 0 0 0 0 1 0 0 0 0 0 0 0 0 0 0
images/field/0066_229178250.jpg 0 0 0 1 0 0 0 0 0 0 0 0 0 0 1 0 0 0 0 0 0
images/autumn/0283_303392281.jpg 0 0 0 1 0 0 0 0 1 0 0 0 0 1 1 0 0 0 0 1 0
images/barn/0243_152198698.jpg 0 0 1 1 0 1 0 0 0 0 0 0 0 0 1 0 0 0 0 0 0
images/reefs/0281_373070391.jpg 1 0 0 0 0 0 0 0 0 0 0 0 0 0 0 0 0 0 0 1 0
images/roof/0543_525296953.jpg 0 0 1 0 0 0 0 0 0 0 0 0 0 0 0 0 0 0 0 0 1
images/clouds/0202_1906436126.jpg 0 0 0 1 0 0 1 0 0 0 0 1 0 0 1 0 1 0 0 1 0
images/river/0441_406140940.jpg 0 0 0 1 0 1 0 0 0 0 1 1 0 0 1 0 0 1 0 0 0
images/tulip/0524_2562271456.jpg 0 0 0 0 1 0 0 0 0 0 1 0 0 0 0 0 0 0 0 0 0
images/flag/0251_957425400.jpg 0 0 1 0 0 0 0 0 0 0 0 0 0 0 0 0 0 0 0 0 1
images/supermarket/0263_2509988902.jpg 0 0 1 1 0 0 0 0 0 0 0 0 1 0 1 0 0 0 0 0 0
images/refugees/0694_2583484929.jpg 0 0 0 0 0 0 0 0 0 1 0 0 0 0 0 0 0 0 0 0 0
images/kauai/0350_490917887.jpg 0 0 0 1 0 1 0 1 1 0 0 0 0 0 1 0 0 0 0 1 0
images/facade/0305_313968847.jpg 0 0 1 1 0 0 0 0 0 0 0 0 0 0 1 0 0 0 0 0 0
images/maui/0336_1443830757.jpg 0 1 0 0 0 0 0 0 1 0 0 0 0 1 0 0 0 0 0 1 0
images/pagoda/0052_1196620459.jpg 0 0 1 1 0 0 1 0 0 0 0 0 0 0 1 0 1 0 0 1 0
images/swimmer/0346_310685123.jpg 0 1 0 1 0 0 0 0 0 1 0 0 0 0 1 0 0 0 0 0 0
images/city/0065_2236565246.jpg 0 0 0 1 0 0 1 0 0 0 0 0 0 0 1 0 0 0 0 0 0
images/sheep/0344_244795003.jpg 0 0 0 1 0 1 0 0 0 0 0 0 1 0 1 0 0 0 0 0 0
images/drum/0073_2595847907.jpg 0 0 0 1 0 0 0 0 0 0 0 0 0 0 1 0 0 1 0 0 0
images/field/0051_1785506450.jpg 0 0 0 1 0 0 0 0 0 0 0 0 0 0 1 0 1 1 0 0 0
images/monastery/0243_2652354315.jpg 0 0 0 1 0 0 0 0 0 0 0 0 0 0 0 0 0 0 0 0 0
images/cruise_liner/0390_2095273628.jpg 0 0 0 1 0 0 0 0 0 0 0 0 0 0 1 0 0 0 1 0 1
images/fog/0062_320671862.jpg 0 0 0 0 0 0 0 0 0 0 0 0 0 0 1 1 0 1 0 0 0
images/underwater/0546_289443433.jpg 1 0 0 0 0 0 1 0 0 0 0 0 0 0 0 0 0 0 0 1 0
images/iguana/0461_2464282211.jpg 1 0 0 0 0 0 0 0 0 0 0 0 0 1 0 0 0 0 0 0 0
images/waterways/0524_2126391441.jpg 0 1 0 1 0 0 0 0 0 0 0 0 0 0 1 0 0 0 0 0 0
images/baseball/0079_703586074.jpg 0 0 0 1 0 0 0 0 0 0 0 0 0 0 0 0 1 0 0 0 0
images/texture/0543_1979819997.jpg 0 0 0 1 0 0 1 1 0 0 0 1 0 0 1 0 0 0 0 0 0
images/swimming_pools/0460_2661949782.jpg 0 0 0 1 0 1 0 0 0 0 0 0 1 0 1 0 0 0 0 0 0
images/ships/0412_250982520.jpg 0 0 1 0 0 0 0 0 0 0 0 0 0 0 1 0 0 0 0 1 0
images/donkeys/0572_988456132.jpg 1 0 0 0 0 0 0 0 0 0 0 0 0 0 0 0 0 0 0 0 0
images/calf/0477_113512917.jpg 1 0 0 0 0 0 0 0 0 0 0 0 0 0 0 0 0 0 0 0 0
images/spider/0596_287703673.jpg 0 0 0 0 1 0 0 0 0 0 1 0 0 0 1 0 0 0 0 0 0
images/islands/0495_2533715406.jpg 0 0 0 1 0 0 0 0 0 1 0 1 0 0 1 0 1 0 0 1 0
images/drum/0044_1359460951.jpg 0 0 0 0 0 1 0 0 0 0 0 0 1 0 1 0 0 0 0 0 0
images/beach/0208_369000772.jpg 0 0 1 1 0 0 1 0 1 0 0 1 0 0 1 0 0 0 0 1 0
images/buildings/0434_2178654369.jpg 0 1 1 1 0 0 1 0 0 0 0 1 0 0 1 0 0 0 0 1 0
images/valleys/0631_356954952.jpg 0 0 0 0 0 0 0 1 0 0 0 0 0 0 1 1 0 0 0 0 0
images/runway/0037_15018573.jpg 0 0 0 0 0 0 0 0 0 0 0 0 1 0 0 0 0 0 0 0 0
images/individual/0496_307712700.jpg 0 0 0 1 0 0 0 0 0 0 0 0 0 0 1 0 1 0 0 0 0
images/black/0544_533541377.jpg 0 0 0 0 0 0 0 0 0 0 0 0 0 0 0 0 0 0 0 1 0
images/gymnastics/0355_84728325.jpg 0 1 0 1 0 0 0 0 0 1 0 0 0 0 1 0 0 0 0 1 0
images/camels/0076_1149602735.jpg 1 1 0 1 0 0 0 0 0 1 0 0 0 0 1 0 1 0 0 0 0
images/hotel/0554_2436809306.jpg 0 0 1 0 0 0 0 0 0 0 0 0 0 0 1 0 0 0 0 0 0
images/fog/0257_1524244234.jpg 0 0 0 1 0 0 1 0 0 0 0 1 0 0 1 0 1 0 0 1 0
images/lake/0453_541535308.jpg 0 0 0 0 0 0 1 0 0 0 0 1 0 1 1 0 0 0 0 1 0
images/funeral/0235_140190000.jpg 0 0 0 1 0 0 0 0 0 1 0 0 1 0 0 0 0 0 0 0 0
images/helicopter/0523_2237979190.jpg 0 0 0 0 0 0 0 0 0 0 0 0 0 0 1 0 0 0 0 0 1
images/suits/0467_2537164522.jpg 0 0 1 0 0 0 0 0 0 1 0 0 0 0 0 0 0 0 0 0 1
images/empire_state/0094_2456127867.jpg 0 0 1 0 0 1 0 0 0 0 0 1 0 0 1 0 0 0 0 1 0
images/tornado/0637_454921524.jpg 0 0 0 0 1 0 0 0 0 0 1 0 0 0 0 0 0 0 0 0 0
images/shore/0502_2701492969.jpg 0 1 0 1 0 0 1 0 0 0 0 0 0 1 1 0 1 0 0 0 0
images/nets/0688_54053143.jpg 0 0 0 0 0 0 0 0 0 0 0 0 0 0 1 0 0 0 0 1 0
images/runway/0558_2211677284.jpg 0 0 0 0 0 0 0 0 0 0 0 0 0 0 0 0 0 0 1 0 0
images/horses/0465_1405404491.jpg 1 1 0 0 0 0 0 0 0 0 0 0 0 0 0 0 0 0 0 1 0
images/sports/0476_424575027.jpg 0 0 0 0 1 0 0 0 0 0 1 0 0 0 0 0 0 0 0 0 0
images/sunrise/0357_1086867359.jpg 0 1 0 1 0 0 1 0 0 0 0 0 0 0 1 0 0 0 0 1 0
images/golf_course/0325_264814610.jpg 0 0 0 0 0 1 1 1 0 0 1 1 0 1 1 0 1 0 0 1 0
images/garden/0340_2518308721.jpg 0 0 0 1 0 0 0 0 0 0 0 1 0 0 1 0 1 0 0 1 0
images/river_bank/0500_2605636731.jpg 1 0 0 0 0 0 0 0 0 0 0 0 0 1 0 0 0 0 0 0 0
images/frigate/0330_271619849.jpg 1 0 0 0 0 1 0 0 0 0 0 0 0 0 0 0 0 0 0 0 0
images/cliff/0419_110139353.jpg 0 0 0 0 0 0 1 0 1 0 0 0 0 0 1 0 0 0 0 1 0
images/football/0310_160051713.jpg 0 0 1 0 0 0 0 0 0 0 0 0 0 0 0 0 0 0 0 0 1
images/reefs/0341_81981460.jpg 0 0 0 0 0 0 0 0 0 0 0 0 0 1 1 0 0 0 0 0 0
images/guard/0516_2412119389.jpg 0 0 0 0 0 1 0 0 0 0 0 0 0 0 0 0 0 0 1 0 0
images/desert/0263_234565350.jpg 0 0 0 1 0 0 0 0 0 0 0 0 0 0 1 0 0 1 0 0 0
images/mist/0428_437885599.jpg 0 0 0 0 0 0 0 0 1 0 0 0 0 1 1 0 0 0 0 1 0
images/row/0445_1814693768.jpg 0 0 0 0 0 0 0 0 0 0 0 0 1 0 1 0 0 0 1 0 0
images/vendor/0519_1756160648.jpg 0 0 0 1 0 0 1 0 1 1 0 0 0 0 1 0 1 0 0 1 0
images/peaks/0370_170493665.jpg 0 0 0 1 0 1 1 1 0 0 1 1 0 1 1 0 0 0 0 1 0
images/run/0517_47346273.jpg 0 1 0 0 0 0 0 0 1 0 0 0 0 0 0 0 0 0 0 1 0
images/castle/0504_2114027387.jpg 0 0 1 0 0 0 1 0 0 0 0 0 0 0 1 0 0 0 0 1 0
images/harvest/0410_1524016154.jpg 0 0 0 1 0 1 0 0 0 0 1 0 0 0 0 0 0 0 1 0 0
images/seals/0466_42351117.jpg 0 0 0 1 0 0 1 1 1 0 0 1 0 0 1 0 0 0 0 1 0
images/dall/0316_216283246.jpg 0 1 0 1 0 0 0 0 1 0 0 0 0 1 1 0 0 0 0 1 0
images/rapids/0509_2473609262.jpg 0 0 0 0 0 0 0 0 0 0 0 0 0 1 0 0 0 0 0 1 0
images/infants/0075_45942777.jpg 0 0 0 0 0 0 0 0 0 1 0 0 0 0 0 0 0 0 0 0 0
images/jeep/0389_210611931.jpg 0 0 0 0 0 0 0 0 0 0 1 0 0 0 0 0 0 0 1 0 1
images/glacier/0048_604348973.jpg 0 0 0 1 0 0 1 1 1 0 0 1 0 0 0 0 0 0 0 1 0
images/tortoise/0376_2174663955.jpg 1 0 0 0 0 1 0 0 0 0 0 0 0 0 0 0 0 0 0 0 0
images/sand/0567_179532393.jpg 0 1 0 1 0 1 0 0 0 1 0 0 0 0 1 0 0 0 0 1 0
images/steel/0499_389032734.jpg 0 0 0 0 0 0 0 0 0 0 0 0 0 0 1 0 0 0 0 1 0
images/bus/0361_971587314.jpg 0 0 0 0 0 0 0 0 0 0 0 0 1 0 0 0 0 0 1 0 0
images/grouper/0307_569704916.jpg 1 0 0 0 0 0 0 0 1 0 0 0 0 0 0 0 0 1 0 0 0
images/first_lady/0290_2536502828.jpg 0 0 0 0 0 0 0 0 0 1 0 0 0 0 0 0 0 0 0 0 0
images/islands/0412_891841309.jpg 0 0 0 1 0 0 1 0 1 0 0 0 0 0 1 0 1 0 0 1 0
images/clearing/0244_2567907740.jpg 0 0 0 0 0 1 0 0 0 0 0 0 0 0 0 0 0 0 0 0 0
images/vines/0287_1473527342.jpg 0 0 0 0 0 0 0 0 0 0 1 0 0 0 0 0 0 0 0 0 0
images/natural_disasters/0450_59372997.jpg 0 0 0 1 0 0 0 1 0 0 0 0 0 0 1 0 0 0 0 0 0
images/cave/0244_2413205896.jpg 0 0 0 0 0 0 0 0 0 0 0 0 0 1 0 0 0 0 0 0 0
images/cathedral/0082_2241727127.jpg 0 0 0 0 0 0 0 0 0 0 0 0 0 0 0 0 0 0 0 0 1
images/sunrise/0215_125042252.jpg 0 1 0 1 0 0 1 0 0 0 0 0 0 0 1 0 0 0 0 1 0
images/harvest/0503_1417594783.jpg 0 0 0 1 0 1 0 0 0 0 1 0 0 0 1 0 0 0 0 0 0
images/golf_course/0100_408976790.jpg 0 0 0 1 0 1 0 0 0 0 0 0 0 0 1 0 0 1 0 0 0
images/waterways/0594_2304580010.jpg 0 0 0 1 0 1 0 0 0 0 0 1 0 0 1 0 0 0 0 0 0
images/lighthouse/0283_2226005710.jpg 0 0 0 1 0 0 0 0 0 0 0 0 0 0 1 0 0 0 0 0 0
images/city/0558_325841382.jpg 0 0 0 1 0 0 0 0 0 0 0 0 0 0 1 0 1 0 0 0 0
images/clothes/0435_1852507410.jpg 0 0 0 0 0 0 0 0 0 1 0 0 0 0 0 1 0 0 0 0 0
images/cliff/0411_2070106108.jpg 0 0 0 0 0 0 0 1 0 0 0 0 0 0 1 0 0 0 0 1 0
images/moose/0497_1712238843.jpg 1 0 0 0 0 0 0 0 0 0 0 0 0 0 0 0 0 0 0 0 0
images/prop/0086_2177544414.jpg 0 0 0 0 0 0 0 0 0 0 0 0 1 0 1 0 0 0 1 0 0
images/fence/0420_2071247189.jpg 0 0 1 1 0 0 0 0 0 0 0 0 0 0 1 1 0 0 0 0 0
images/cottage/0013_475512127.jpg 0 0 0 1 0 0 0 0 0 0 0 1 0 0 1 0 1 0 0 1 0
images/funeral/0093_2439572415.jpg 0 0 0 0 0 0 0 0 0 0 1 0 0 0 0 0 1 0 0 0 0
images/chrysanthemums/0547_2121358510.jpg 0 0 0 0 1 0 0 0 0 0 1 0 0 0 0 0 0 0 0 0 0
images/african/0262_499393762.jpg 0 0 0 0 1 0 0 0 0 0 1 0 0 0 0 0 0 0 0 0 0
images/buildings/0300_1147384583.jpg 0 0 1 1 0 0 0 0 0 0 1 0 0 0 0 0 0 0 0 0 0
images/mast/0480_2438555263.jpg 0 0 0 1 0 1 0 0 0 0 0 0 0 0 1 0 0 0 0 1 0
images/glacier/0039_433691014.jpg 0 0 0 0 0 0 0 1 0 0 0 0 0 1 1 1 0 0 0 0 0
images/cougar/0279_2702571136.jpg 1 0 0 0 0 0 0 0 0 0 0 0 0 0 0 0 0 0 0 0 0
images/glacier/0475_1331745609.jpg 0 0 0 1 0 1 1 1 0 0 0 0 0 0 1 0 0 0 0 1 0
images/tiger/0293_846882986.jpg 1 0 0 0 0 1 0 0 0 0 0 0 0 0 0 0 0 0 0 0 0
images/jail/0617_80871491.jpg 0 0 1 0 0 0 0 0 0 0 0 0 0 0 1 0 0 0 0 0 1
images/donkeys/0212_960801806.jpg 1 0 0 0 0 1 0 0 0 0 0 0 0 0 0 0 0 0 0 0 0
images/coast/0577_862976462.jpg 0 1 0 1 0 0 1 0 1 1 0 0 0 0 1 0 1 0 0 1 0
images/urban_park/0299_35570299.jpg 0 0 1 0 0 0 0 0 0 0 0 0 0 0 0 0 0 0 0 0 0
images/apartment_complex/0321_745196773.jpg 0 0 0 1 0 0 0 0 0 0 0 0 0 0 1 0 0 0 0 0 0
images/tanker/0593_126245005.jpg 0 0 0 1 0 0 1 0 1 0 0 0 0 0 1 0 0 0 0 1 0
images/traffic/0538_1397008724.jpg 0 0 0 0 0 0 0 0 0 0 0 0 1 0 0 0 0 0 0 0 0
images/lakes/0448_95227821.jpg 0 0 0 1 0 0 1 1 0 0 0 1 0 0 1 0 0 0 0 1 0
images/motorcycle/0599_164744857.jpg 0 0 0 0 0 0 0 0 0 1 0 0 1 0 0 0 0 0 1 0 0
images/coral/0494_265860889.jpg 1 0 0 0 0 0 0 0 1 0 0 0 0 0 0 0 0 0 0 1 0
images/deer/0377_2642773537.jpg 1 0 0 0 0 0 0 0 0 0 0 0 0 0 0 0 0 0 0 1 0
images/girl/0241_1906156236.jpg 0 0 0 0 0 0 0 0 0 1 0 0 0 0 0 0 0 0 0 0 0
images/building/0297_429475963.jpg 0 0 1 1 0 0 0 0 0 0 0 0 0 0 0 0 0 0 0 0 1
images/flight/0407_259842293.jpg 0 0 0 0 0 0 1 0 0 1 0 0 0 0 1 0 0 0 0 0 0
images/motorcycle/0232_1435139341.jpg 0 0 0 0 0 0 0 0 0 0 0 0 1 0 0 0 0 0 0 0 0
images/power_plant/0493_20677135.jpg 0 0 1 1 0 0 0 0 0 0 0 0 0 0 0 0 0 0 0 0 0
images/officers/0482_1769560399.jpg 0 0 1 0 0 0 0 0 0 1 0 0 0 0 1 0 0 0 0 0 0
images/hillside/0014_1406284163.jpg 0 0 0 1 0 0 1 1 1 0 0 1 0 0 1 0 0 0 0 1 0
images/lizard/0512_2300161967.jpg 0 0 1 1 0 0 1 0 1 0 0 0 0 1 1 0 0 0 0 1 0
images/ice_skating/0405_825337415.jpg 0 0 0 0 0 0 1 0 0 1 0 1 0 0 1 0 0 0 0 1 0
images/smoke/0685_2669591375.jpg 0 1 0 0 0 0 0 0 1 0 0 0 0 1 1 0 1 0 0 1 0
images/pups/0063_181490465.jpg 1 0 0 0 0 1 0 0 0 0 0 0 0 0 0 0 0 0 0 0 0
images/photographers/0086_2387825152.jpg 0 1 0 1 0 0 0 0 1 0 0 1 0 0 1 0 1 0 0 1 0
images/coyote/0527_2201222964.jpg 1 0 0 0 0 0 0 0 0 0 0 0 0 0 0 1 0 0 0 0 0
images/tulip/0534_2270473527.jpg 0 0 0 0 1 0 0 0 0 0 1 0 0 0 0 0 0 0 0 0 0
images/white_house/0063_2087881102.jpg 0 0 1 1 0 0 0 0 0 0 1 0 1 0 1 0 0 0 0 0 1
images/rose/0201_2055051.jpg 0 0 0 0 1 0 0 0 0 0 1 0 0 0 0 0 0 0 0 0 0
images/costume/0475_56052551.jpg 0 0 0 0 0 0 0 0 0 1 0 0 0 0 0 0 0 0 0 0 0
images/skyline/0071_491980344.jpg 0 0 1 1 0 0 0 0 0 0 0 0 0 0 1 0 1 0 0 0 0
images/guest/0593_2509105300.jpg 1 0 0 0 0 1 0 0 0 0 0 0 0 0 0 0 0 0 0 0 0
images/hillside/0318_63055235.jpg 0 0 0 0 0 1 1 0 0 0 1 0 0 0 0 0 0 0 0 1 0
images/railroad/0410_2094255061.jpg 0 0 0 0 0 0 0 0 0 0 0 0 0 0 1 1 0 0 0 0 0
images/frigate/0436_203767644.jpg 0 0 1 1 0 0 0 0 0 0 0 0 0 0 1 0 0 0 0 0 0
images/dust/0470_369358533.jpg 0 0 0 0 0 0 0 0 0 0 0 0 0 0 0 1 0 0 0 0 0
images/urban_park/0013_2156646648.jpg 0 0 0 0 0 0 0 0 0 0 0 0 0 0 0 1 0 1 0 0 0
images/ground/0689_422523395.jpg 0 0 0 0 0 0 0 0 0 1 0 0 0 0 0 0 0 0 0 0 1
images/sails/0616_259103919.jpg 0 0 0 1 0 0 1 0 1 0 0 0 0 0 1 0 0 0 1 1 0
images/oahu/0390_2260020084.jpg 0 1 0 0 0 0 0 0 0 1 0 0 0 0 0 0 0 0 0 0 0
images/backpack/0456_594472910.jpg 0 0 0 1 0 0 0 0 0 1 0 0 1 0 1 0 0 0 0 0 0
images/firefighter/0584_109296081.jpg 0 0 0 0 0 0 0 0 0 0 0 0 0 0 0 0 0 0 1 0 1
images/police_station/0375_82273463.jpg 0 0 1 0 0 0 0 0 0 1 0 0 0 0 1 0 0 0 0 0 1
images/protesters/0680_2208156750.jpg 0 0 0 0 0 0 0 0 0 1 0 0 0 0 1 0 0 0 1 0 1
images/white-tailed/0484_126179635.jpg 1 0 0 0 0 1 0 0 0 0 1 0 0 0 0 0 0 1 0 0 0
images/bank/0410_386565056.jpg 0 0 0 1 0 0 0 0 0 0 0 1 0 0 1 0 0 0 0 0 0
images/castle/0034_193564002.jpg 0 0 1 0 0 0 0 0 0 0 0 0 0 0 1 0 0 0 0 0 0
images/cafe/0563_31115919.jpg 0 0 1 0 0 0 0 0 0 0 0 0 0 0 0 0 0 0 0 0 1
images/golf/0326_126277160.jpg 0 0 0 0 0 1 0 0 0 0 0 0 0 0 0 0 0 0 0 1 0
images/river_bank/0554_455228488.jpg 0 0 0 0 0 0 0 0 0 1 0 0 0 0 0 0 0 0 0 0 0
images/ground/0693_337265053.jpg 0 0 0 0 0 0 0 0 0 0 1 0 0 0 0 0 0 0 0 0 1
images/vehicle/0499_185300704.jpg 0 0 0 0 0 1 0 0 0 0 0 0 0 0 0 0 0 0 1 0 0
images/path/0261_1068367476.jpg 0 0 0 1 0 1 0 1 0 0 0 0 0 1 1 0 0 0 0 0 0
images/car_crash/0248_415963959.jpg 0 0 0 0 0 0 0 0 0 0 0 0 1 0 0 0 0 0 1 0 1
images/wings/0500_2318720515.jpg 1 0 0 0 0 0 0 0 0 0 0 0 1 0 0 0 0 0 0 0 0
images/rockface/0285_262702516.jpg 0 0 0 1 0 0 1 1 1 0 0 0 0 1 1 0 0 0 0 1 0
images/lighthouse/0076_301158845.jpg 0 0 1 1 0 0 0 0 0 0 0 0 0 0 0 0 0 0 0 0 1
images/arctic/0562_1422991479.jpg 0 0 0 1 0 1 0 1 0 0 0 1 0 0 1 0 0 0 0 1 0
images/traffic/0517_1225024600.jpg 0 0 0 0 0 0 0 0 0 0 0 0 1 0 0 0 0 0 0 0 0
images/lake/0207_254055209.jpg 0 0 0 0 0 0 1 1 0 0 0 1 0 0 1 0 1 0 0 1 0
images/lake/0569_311203794.jpg 0 0 0 0 0 0 1 1 0 0 0 0 0 1 0 1 0 0 0 1 0
images/moss/0216_1183668905.jpg 0 1 0 0 0 0 0 0 1 0 0 1 0 0 1 0 0 0 0 1 0
images/architecture/0508_235241147.jpg 0 0 1 1 0 0 0 0 0 0 0 0 0 0 0 0 0 0 0 0 1
images/branch/0036_284582641.jpg 0 0 0 1 0 0 0 0 0 0 1 0 0 0 1 0 0 1 0 0 0
images/animal/0336_241664285.jpg 1 0 0 0 0 0 0 0 1 0 0 0 0 0 0 0 0 0 0 1 0
images/bicycles/0026_2446969325.jpg 0 0 0 0 0 0 0 0 0 0 0 0 0 0 1 0 0 0 0 1 0
images/frozen/0023_440717543.jpg 0 0 0 0 0 0 0 0 0 0 0 0 0 0 1 1 0 1 0 1 0
images/dog/0306_106733437.jpg 1 0 0 0 0 0 0 0 0 0 0 0 0 0 0 0 0 0 0 1 0
images/roofs/0095_1397360774.jpg 0 0 0 1 0 0 0 0 0 0 0 0 0 0 1 0 1 0 0 0 0
images/dock/0044_2202876892.jpg 0 0 1 1 0 0 0 0 0 0 0 0 0 0 1 0 1 0 0 1 0
images/mountain/0350_552262901.jpg 0 0 0 0 0 0 1 1 0 0 0 0 0 0 1 0 1 0 0 1 0
images/skiing/0350_2214135307.jpg 0 0 0 1 0 0 0 1 0 0 0 0 0 1 1 1 0 0 0 0 0
images/sailboat/0072_472867312.jpg 0 0 0 0 0 0 1 0 1 0 0 0 0 0 1 0 0 0 1 1 0
images/leaf/0355_241899410.jpg 0 0 0 0 0 0 0 0 0 0 1 0 0 0 0 0 0 1 0 0 0
images/needles/0450_2338435915.jpg 0 0 0 0 1 0 0 0 0 0 1 0 0 0 0 0 0 0 0 0 0
images/tree/0338_351614610.jpg 0 0 0 0 0 0 0 0 0 0 1 0 0 0 0 0 0 0 0 0 0
images/lakes/0363_2078726789.jpg 0 0 0 1 0 0 1 0 0 0 0 0 0 0 0 0 1 0 0 1 0
images/clouds/0216_455095567.jpg 0 0 0 1 0 1 0 0 0 0 0 0 0 0 1 0 0 0 0 0 0
images/elephants/0482_137538087.jpg 1 0 0 1 0 0 0 0 0 0 0 0 0 0 1 0 0 0 0 0 0
images/stems/0500_2048746039.jpg 0 0 0 0 0 0 0 0 0 0 1 0 0 0 0 0 0 0 0 0 0
images/powerplants/0003_213075127.jpg 0 0 0 1 0 1 0 1 0 0 0 0 0 1 1 0 0 0 0 0 0
images/waterways/0403_2629680003.jpg 0 0 0 1 0 1 1 0 0 0 0 0 0 0 1 0 0 0 0 1 0
images/deer/0002_2350319309.jpg 1 0 0 0 0 0 0 0 0 0 0 0 0 0 0 1 0 0 0 0 0
images/white_house/0068_1237129240.jpg 0 0 1 1 0 1 0 0 0 0 0 0 1 0 1 0 0 0 0 0 1
images/ditch/0318_494438676.jpg 0 0 0 1 0 1 0 0 0 0 0 0 0 0 1 0 0 0 0 0 0
images/meadow/0535_2666741655.jpg 0 0 0 1 0 1 0 0 0 0 1 0 0 0 1 0 0 1 0 0 0
images/elk/0348_2240535738.jpg 1 0 0 0 0 1 0 0 0 0 0 0 0 0 0 0 0 0 0 0 0
images/beach/0399_2401051103.jpg 0 0 0 1 0 0 1 0 1 0 0 0 0 0 1 0 1 0 0 1 0
images/lakes/0036_489516396.jpg 0 0 0 0 0 0 0 1 0 0 0 1 0 0 1 1 0 0 0 1 0
images/moss/0538_2042465063.jpg 0 0 0 1 0 1 0 0 0 0 0 0 0 1 1 0 0 0 0 1 0
images/tomb/0456_1816771696.jpg 0 0 0 0 0 1 0 0 0 0 0 0 0 0 0 0 0 0 0 0 0
images/oahu/0342_2456960178.jpg 0 0 0 1 0 0 0 0 1 0 0 0 0 0 1 0 0 0 0 1 0
images/car/0513_2302059646.jpg 0 0 0 1 0 0 0 0 0 0 0 0 0 0 0 0 1 0 0 0 1
images/indian/0383_467265608.jpg 0 0 0 0 0 0 0 0 0 0 0 0 0 0 1 0 0 0 0 0 1
images/ship/0422_2582728095.jpg 0 0 0 0 0 0 1 0 1 0 0 0 0 0 1 0 1 0 0 1 0
images/toll_booth/0085_37623927.jpg 0 0 0 0 0 0 0 0 0 0 0 0 1 0 0 0 0 0 0 0 0
images/beach/0058_399659643.jpg 0 1 0 1 0 0 1 0 1 0 0 0 0 0 0 0 1 0 0 0 0
images/den/0058_253583935.jpg 0 0 0 0 0 0 0 0 0 0 0 0 0 1 0 0 0 0 0 0 0
images/albatross/0504_90992324.jpg 1 1 0 0 0 0 0 0 0 0 0 0 0 0 0 0 0 0 0 1 0
images/wings/0567_2420028813.jpg 1 0 0 0 0 0 0 0 0 0 0 0 1 0 0 0 0 0 0 0 0
images/power_plant/0322_500083846.jpg 0 0 1 0 0 0 1 0 0 0 0 1 0 0 0 0 0 0 0 1 0
images/pond/0452_2065552113.jpg 0 1 0 1 0 1 1 0 0 1 0 0 0 0 1 0 0 0 0 1 0
images/locomotive/0079_2671143684.jpg 0 0 0 0 0 0 0 0 0 0 0 0 0 0 1 0 0 0 0 0 1
images/flood/0495_158232831.jpg 0 0 0 0 0 0 0 0 0 0 0 1 0 0 0 0 0 0 0 0 0
images/horns/0321_145718528.jpg 1 0 0 0 0 1 0 0 0 0 0 0 0 0 1 0 0 0 0 0 0
images/volcano/0544_2367857585.jpg 0 0 0 1 0 1 0 1 0 0 0 0 0 0 1 0 0 0 0 0 0
images/mist/0535_1694895407.jpg 0 0 0 1 0 0 1 0 0 0 0 0 0 0 0 0 0 1 0 0 0
images/nighttime/0205_80078786.jpg 0 0 1 1 0 0 0 0 0 0 0 0 0 0 1 0 0 0 0 0 0
images/hill/0323_2638831270.jpg 0 0 0 1 0 1 0 1 0 0 1 0 0 1 1 0 0 0 0 0 0
images/rose/0327_81086372.jpg 0 0 0 0 1 0 0 0 0 0 1 0 0 0 0 0 0 0 0 1 0
images/shrine/0290_2033068880.jpg 0 0 0 0 0 0 0 0 0 1 0 0 0 0 0 0 0 0 0 0 0
images/coast/0218_512116505.jpg 0 1 0 1 0 0 1 0 1 0 0 1 0 0 1 0 1 0 0 1 0
images/forest/0469_153216517.jpg 0 0 0 0 0 0 0 0 0 0 1 0 0 0 1 0 0 1 0 0 0
images/throwing/0025_2179130295.jpg 0 0 0 1 0 0 0 0 0 1 0 0 0 0 1 0 0 0 0 0 0
images/hangar/0022_2531285895.jpg 0 0 0 1 0 0 0 0 0 0 0 0 0 0 1 0 0 0 0 1 0
images/outdoor/0492_1363815492.jpg 0 0 0 0 1 0 0 0 0 0 0 0 0 0 0 0 0 0 0 0 0
images/anemone/0009_68298711.jpg 0 0 0 0 0 0 0 0 0 0 0 0 0 0 0 0 0 0 0 1 0
images/greenhouse/0034_10718913.jpg 0 0 1 1 0 0 0 0 0 0 1 0 0 0 0 0 0 0 0 0 0
images/cottage/0305_568246186.jpg 0 0 0 1 0 0 0 0 0 0 0 0 1 0 1 0 0 0 0 0 0
images/actor/0087_370031898.jpg 0 0 1 0 0 0 1 0 1 0 0 0 0 0 1 0 0 0 0 1 0
images/cafe/0495_16752395.jpg 0 0 1 0 0 0 0 0 0 0 0 0 0 0 1 0 0 0 0 1 1
images/needles/0562_472177062.jpg 0 0 0 1 0 0 0 0 0 1 0 0 0 0 1 0 0 0 0 1 0
images/harbor/0375_262610415.jpg 0 0 0 0 0 0 1 0 1 0 0 0 0 0 1 0 0 0 1 1 0
images/runway/0452_192431150.jpg 0 0 0 1 0 0 1 0 1 0 0 0 0 0 1 0 0 0 0 1 0
images/plaza/0388_208060212.jpg 0 0 0 1 0 0 0 0 0 0 0 0 1 0 1 0 0 0 1 0 1
images/tanker/0271_1381335632.jpg 0 0 0 1 0 0 1 0 0 0 0 0 0 0 1 0 0 0 1 1 0
images/insurgents/0394_1278820364.jpg 0 0 0 0 0 0 0 0 0 1 0 0 0 0 0 0 0 0 0 0 0
images/window/0440_462262106.jpg 0 0 0 0 0 0 0 0 0 0 0 0 0 0 0 0 0 0 0 0 1
images/cheering/0423_233541373.jpg 0 0 0 0 0 0 0 0 0 1 0 0 0 0 0 0 0 0 0 0 0
images/ships/0506_2068972741.jpg 0 0 0 1 0 0 1 0 1 0 0 0 0 0 1 0 0 0 0 1 0
images/hunter/0458_2102009201.jpg 1 0 0 0 0 1 0 0 0 0 0 0 0 0 0 0 0 0 0 0 0
images/crab/0036_458903142.jpg 1 1 0 0 0 0 0 0 0 0 0 0 0 0 0 0 0 0 0 0 0
images/grassland/0423_489868429.jpg 0 0 0 1 0 1 0 1 0 0 1 0 0 1 1 0 0 0 0 0 0
images/reefs/0621_2540007688.jpg 0 0 0 0 1 0 0 0 0 0 0 0 0 0 0 0 0 0 0 0 0
images/cityscape/0452_2103459214.jpg 0 0 1 1 0 0 1 0 0 0 0 1 0 0 1 0 0 0 0 1 0
images/military_base/0423_24850406.jpg 0 0 0 1 0 0 0 0 0 0 0 0 0 0 1 0 0 0 0 0 0
images/earthquake/0228_154769765.jpg 0 0 0 1 0 0 0 1 0 0 0 0 0 1 1 1 0 0 0 0 0
images/porches/0072_2608198600.jpg 0 0 1 1 0 0 0 0 0 0 0 0 0 0 1 0 0 0 0 0 1
images/sailboat/0314_291255885.jpg 0 0 0 0 0 0 1 0 1 0 0 0 0 0 0 0 0 0 0 1 0
images/jet/0433_2992545.jpg 0 0 0 0 0 0 0 0 0 0 0 0 0 0 0 0 0 0 1 0 0
images/roofs/0296_225084941.jpg 0 0 1 1 0 0 0 0 0 0 0 0 0 0 1 0 0 0 0 0 1
images/pots/0521_2312841188.jpg 0 0 0 0 1 0 0 0 0 0 0 0 0 0 0 0 0 0 0 0 0
images/horses/0080_2299350671.jpg 1 0 0 0 0 0 0 0 0 0 0 0 0 0 0 1 0 0 0 0 0
images/muslims/0356_295292740.jpg 0 0 1 0 0 0 0 0 0 0 0 0 1 0 1 0 0 0 0 0 0
images/barge/0384_471047380.jpg 0 0 0 0 0 0 1 0 0 0 0 0 0 0 1 0 1 0 0 0 0
images/bengal/0586_2671156867.jpg 0 0 0 0 0 0 0 0 1 0 0 0 0 0 0 0 0 0 0 1 0
images/wood/0406_2265279887.jpg 0 0 0 0 0 0 0 0 0 0 1 0 0 0 0 0 0 1 0 0 0
images/chrysanthemums/0003_2238738161.jpg 0 0 0 0 1 0 0 0 0 0 0 0 0 0 0 0 0 0 0 0 0
images/shrubs/0233_6477114.jpg 0 0 0 0 1 0 0 0 0 0 1 0 0 0 0 0 0 0 0 0 0
images/elk/0321_336728928.jpg 1 0 0 0 0 0 0 0 0 1 0 0 1 0 0 0 0 0 1 0 0
images/tornado/0301_798304.jpg 0 0 0 1 0 1 0 0 0 0 0 0 0 0 1 0 0 0 0 0 0
images/vineyard/0396_1188186591.jpg 0 0 0 1 0 0 0 1 0 0 1 0 0 0 1 0 0 0 0 0 0
images/harbor/0454_798933634.jpg 0 0 0 0 0 0 0 0 0 0 0 0 0 0 1 0 0 0 1 1 0
images/ceremony/0352_171146021.jpg 0 0 0 0 0 0 0 0 0 1 0 0 0 0 0 0 0 0 0 0 0
images/autumn/0470_1097819325.jpg 0 0 0 0 0 0 1 0 0 0 0 1 0 0 0 0 0 1 0 1 0
images/pickup_truck/0413_2724721026.jpg 0 0 1 0 0 0 0 0 0 0 0 0 1 0 0 0 0 0 1 0 1
images/herd/0507_158973546.jpg 0 0 0 0 0 0 0 0 0 0 0 0 0 0 1 1 0 0 0 0 0
images/hunter/0047_1275204222.jpg 0 0 0 1 0 0 1 0 0 0 0 1 0 0 0 0 1 0 0 1 0
images/car/0504_2180186332.jpg 0 0 0 0 0 0 0 0 0 0 0 0 1 0 0 0 0 0 1 0 0
images/amusement_park/0031_26165755.jpg 0 0 0 0 0 0 0 0 0 0 0 0 0 0 1 0 0 0 0 0 0
images/lawn/0232_2487414682.jpg 0 0 0 0 0 1 0 0 0 0 0 0 0 0 0 0 0 0 0 0 0
images/grouper/0320_2688157455.jpg 1 0 0 0 0 0 0 0 0 0 0 0 0 0 0 0 0 0 0 1 0
images/outer_space/0492_225693242.jpg 0 0 0 0 0 0 0 0 0 0 0 0 0 0 1 1 0 0 0 0 0
images/mosque/0267_2591560427.jpg 0 0 1 1 0 0 0 0 0 0 0 0 0 0 1 0 0 0 0 0 1
images/tables/0348_448913070.jpg 0 0 0 1 1 1 0 0 0 0 1 0 0 0 1 0 0 0 0 0 0
images/car_racing/0586_461468705.jpg 0 0 0 0 0 0 0 0 0 0 0 0 1 0 0 0 0 0 1 0 0
images/grain_elevator/0519_2643788181.jpg 0 0 1 0 0 0 0 0 0 0 0 0 0 0 1 0 0 0 0 0 0
images/pyramid/0398_522804766.jpg 0 0 0 1 0 1 0 0 0 0 0 0 0 0 1 0 0 0 0 1 1
images/arch/0488_500385794.jpg 0 0 0 0 0 0 0 0 0 0 0 0 0 1 0 0 0 0 0 0 0
images/ships/0207_2236338385.jpg 0 0 0 1 0 0 0 0 0 0 0 0 0 0 0 0 0 0 0 1 0
images/pond/0551_2041737982.jpg 0 0 0 0 0 0 0 0 0 0 0 1 0 0 1 0 0 0 0 1 0
images/smoke_stack/0433_2618415956.jpg 0 0 1 1 0 0 0 0 0 0 0 0 0 0 1 0 0 0 0 0 0
images/den/0393_346589291.jpg 0 0 0 0 0 0 0 0 0 1 0 0 0 0 0 0 0 0 0 0 0
images/crops/0513_72322564.jpg 0 0 0 0 0 1 0 0 0 0 0 0 0 0 0 0 0 0 0 0 0
images/computers/0067_250232042.jpg 0 0 0 0 0 0 0 0 0 1 0 0 0 0 0 1 0 0 0 0 1
images/volcano/0356_2586882289.jpg 0 0 0 0 0 0 0 1 0 0 0 0 0 0 0 0 0 0 0 0 0
images/relief/0491_323390122.jpg 0 0 0 0 0 0 1 0 0 0 0 0 0 1 1 0 0 0 0 1 0
images/black/0445_2656882234.jpg 0 0 0 0 0 0 0 0 0 1 0 0 0 0 0 0 0 0 0 0 0
images/bridge/0513_137860134.jpg 0 0 1 1 0 0 1 0 0 0 0 1 0 0 0 0 0 0 0 1 0
images/airplane_landing/0020_2462319505.jpg 0 0 0 1 0 1 0 0 0 0 0 0 0 0 1 0 0 0 0 0 0
images/kauai/0080_284388740.jpg 0 1 0 1 0 0 0 0 1 0 0 0 0 1 1 0 0 0 0 0 0
images/formula/0503_607862349.jpg 0 0 0 0 0 0 0 0 0 0 0 0 1 0 0 0 0 0 1 0 1
images/empire_state/0256_46741630.jpg 0 0 1 0 0 0 0 0 0 0 0 0 0 0 1 0 0 0 0 0 0
images/swimmers/0417_2738187278.jpg 0 1 0 0 0 0 0 0 1 0 0 0 0 1 0 0 0 0 0 1 0
images/cliff/0077_445655381.jpg 0 0 0 0 0 0 1 0 0 0 0 0 0 1 1 0 0 0 0 1 0
images/hawaii/0347_260956240.jpg 0 1 0 1 0 0 0 0 1 0 0 0 0 0 1 0 0 0 0 1 0
images/aqueduct/0449_2391768410.jpg 1 0 0 0 0 0 0 0 0 1 0 0 0 0 0 0 0 0 0 0 0
images/powerlines/0579_2591276854.jpg 0 0 0 1 0 0 0 0 0 0 0 0 0 0 1 0 1 0 0 0 0
images/plain/0507_358748158.jpg 0 0 0 1 0 0 0 0 0 0 0 1 0 0 1 0 0 0 0 1 0
images/throwing/0327_515473716.jpg 0 0 0 1 0 0 1 0 0 1 0 0 0 0 1 0 0 0 0 1 0
images/rockface/0551_262722275.jpg 0 0 0 0 0 0 1 1 1 0 0 0 0 1 1 0 0 0 0 1 0
images/barracks/0588_1415034132.jpg 0 0 1 1 0 0 0 0 0 0 0 0 0 0 1 0 0 0 0 0 1
images/white-tailed/0455_23754599.jpg 1 0 0 0 0 0 0 0 0 0 0 0 0 0 0 0 0 1 0 0 0
images/caribou/0209_319316064.jpg 0 0 0 1 0 0 1 0 0 0 0 1 0 0 1 0 1 1 0 1 0
images/glacier/0402_105827210.jpg 0 0 0 1 0 1 1 1 0 0 1 0 0 1 1 1 0 0 0 0 0
images/construction_worker/0596_2478187017.jpg 0 0 0 0 0 0 0 0 0 1 0 0 0 0 0 0 0 0 0 0 0
images/rockface/0376_426125988.jpg 0 0 0 0 0 0 1 0 0 0 0 1 0 1 0 0 0 0 0 1 0
images/reefs/0407_46280563.jpg 0 0 0 0 0 0 0 0 1 0 0 0 0 0 0 0 0 0 0 1 0
images/sand/0049_1284245863.jpg 0 1 0 1 0 0 0 0 1 0 0 0 0 1 1 0 0 0 0 1 0
images/peaks/0448_37192059.jpg 0 0 0 1 0 0 0 1 0 0 0 1 0 0 1 0 0 0 0 1 0
images/canal/0514_199880152.jpg 0 0 0 0 0 0 0 0 0 0 0 0 0 0 0 1 0 0 0 1 0
images/lizard/0384_2211750405.jpg 1 0 0 0 0 0 0 0 0 0 0 0 0 0 0 0 0 0 0 0 0
images/courthouse/0400_374626568.jpg 0 0 1 0 0 0 0 0 0 0 0 0 0 0 1 0 0 0 0 0 1
images/airplane/0098_107302053.jpg 0 0 0 1 0 0 0 0 0 0 0 0 0 0 1 0 0 0 0 0 0
images/caribou/0684_159331279.jpg 1 0 0 0 0 1 0 0 0 0 0 0 0 0 0 0 0 0 0 0 0
images/volcano/0494_898755717.jpg 0 0 0 1 0 0 0 1 0 0 0 0 0 1 1 0 0 0 0 0 0
images/trunk/0524_2176055671.jpg 0 0 0 0 0 0 0 0 0 1 0 0 1 0 1 0 0 1 0 0 0
images/frozen/0579_2101594407.jpg 0 0 0 1 0 1 1 0 0 0 1 0 0 0 0 0 1 0 0 1 0
images/beach/0287_368153190.jpg 0 1 0 1 0 0 0 0 1 0 0 0 0 0 1 0 0 0 0 1 0
images/frigate/0316_2438308675.jpg 0 0 0 0 0 0 0 0 0 0 1 0 0 0 0 0 0 0 0 1 0
images/eagle/0584_2226320050.jpg 1 0 0 0 0 0 0 0 0 0 0 0 0 0 1 0 0 0 0 0 0
images/penguin/0469_2183068473.jpg 1 1 0 0 0 0 0 0 1 0 0 0 0 0 0 0 0 0 0 1 0
images/bus/0498_19129981.jpg 0 0 0 0 0 1 0 0 0 0 0 0 0 0 0 0 0 0 1 0 0
images/parking_lot/0372_2462829837.jpg 0 0 0 1 0 0 0 0 0 0 0 0 1 0 1 0 0 0 0 0 0
images/car_racing/0369_2430671908.jpg 0 0 0 0 0 0 0 0 0 0 0 0 1 0 0 0 0 0 0 0 1
images/barn/0266_312194566.jpg 0 0 0 0 0 1 0 0 0 0 1 0 0 0 0 0 0 0 0 0 0
images/row/0659_421411962.jpg 0 0 0 0 0 0 0 0 0 0 0 0 0 0 0 1 0 0 0 0 0
images/umbrella/0508_2405069331.jpg 0 0 0 0 0 0 0 0 0 1 0 0 0 0 0 1 0 0 0 0 0
images/marine/0258_2712078642.jpg 0 0 0 0 0 0 0 0 0 0 0 0 0 1 1 0 0 0 0 1 0
images/orchid/0391_2353359394.jpg 0 0 0 0 1 0 0 0 0 0 1 0 0 0 0 0 0 0 0 0 0
images/child/0448_272931274.jpg 0 0 0 1 0 0 0 0 1 1 0 0 0 0 1 0 0 0 0 1 0
images/cat/0245_657467978.jpg 1 0 0 0 0 0 0 0 0 0 0 0 0 0 0 0 0 0 0 0 0
images/entertainment/0239_107701233.jpg 0 0 0 1 0 0 0 1 0 0 0 0 0 1 1 1 0 0 0 0 0
images/jail/0561_17245248.jpg 0 0 0 0 0 0 0 0 0 1 0 0 0 0 0 0 0 0 0 0 0
images/flood/0312_296061680.jpg 0 0 0 1 0 0 0 0 0 0 0 1 0 0 1 0 0 0 0 1 0
images/emergency_room/0580_53717834.jpg 0 0 1 0 0 0 0 0 0 0 0 0 0 0 0 0 0 0 0 0 1
images/bus/0358_2092546886.jpg 0 0 0 1 0 0 0 0 0 0 0 0 0 0 1 0 0 0 0 0 0
images/glacier/0005_278855993.jpg 0 0 0 1 0 0 1 0 0 0 0 0 1 0 0 0 0 0 0 1 0
images/college/0520_751191265.jpg 0 0 0 0 0 0 0 0 0 1 0 0 0 0 0 0 0 0 0 0 0
images/antenna/0212_202782628.jpg 0 0 1 0 0 0 0 0 0 0 0 0 0 0 0 0 0 0 0 0 1
images/house_of_worship/0431_475523177.jpg 0 0 1 0 0 0 0 0 0 0 0 0 0 0 1 0 0 0 0 0 1
images/wall/0594_158818649.jpg 0 0 0 0 0 0 0 0 0 0 0 0 0 0 0 0 0 0 0 0 1
images/valley/0464_2516418010.jpg 0 0 1 0 0 0 0 1 0 0 0 0 0 1 0 0 0 0 0 0 0
images/prop/0537_160155464.jpg 0 0 0 0 0 0 0 0 0 0 0 0 0 0 1 0 0 0 1 0 0
images/tulip/0563_2212381031.jpg 0 0 0 0 1 0 0 0 0 0 0 0 0 0 0 0 0 0 0 0 0
images/crab/0462_2713075182.jpg 1 0 0 0 0 1 0 0 0 0 0 0 0 0 0 0 0 0 0 0 0
images/cactus/0359_2426241681.jpg 0 0 0 0 1 0 0 0 0 0 0 0 0 0 0 0 0 0 0 0 0
images/ties/0226_2586364002.jpg 0 0 0 0 0 1 0 0 0 1 0 0 1 0 0 0 0 0 0 0 0
images/lighthouse/0246_146557618.jpg 0 0 0 0 0 0 0 0 0 0 0 1 0 0 1 0 0 0 0 1 0
images/facade/0398_261879771.jpg 0 0 0 0 0 0 0 0 0 0 0 0 0 0 0 0 0 0 0 0 1
images/dock/0091_2193145701.jpg 0 0 0 1 0 0 1 0 1 0 0 0 0 0 1 0 0 0 0 0 0
images/rocks/0310_462585665.jpg 0 1 0 0 0 0 0 0 1 0 0 0 0 1 1 0 0 0 0 1 0
images/texture/0279_2226535506.jpg 0 0 0 1 0 0 0 0 0 0 1 1 0 0 1 0 0 1 0 1 0
images/rockface/0061_268317763.jpg 0 0 0 0 0 0 1 0 0 0 1 1 0 0 1 0 0 1 0 1 0
images/wings/0452_784113256.jpg 0 0 0 1 0 0 0 0 0 1 0 0 0 0 0 0 0 0 0 0 0
images/underwater/0372_2615208665.jpg 0 0 0 0 0 0 0 0 1 0 0 0 0 0 0 0 0 0 0 1 0
images/fog/0060_2188706530.jpg 0 0 0 1 0 1 0 1 0 0 1 0 0 1 1 0 0 0 0 0 0
images/pool/0457_513049450.jpg 0 0 0 0 0 0 0 0 0 1 0 0 0 0 0 0 0 0 0 1 0
images/graveyard/0548_1092637120.jpg 0 0 0 0 0 1 0 0 0 1 1 0 0 0 0 0 0 0 0 0 0
images/storms/0219_509965827.jpg 0 0 0 1 0 0 0 0 0 0 1 0 1 0 1 0 0 1 0 0 0
images/sponges/0228_1075053429.jpg 0 0 0 0 0 0 0 0 0 0 0 0 0 0 0 0 0 0 0 1 0
images/islands/0384_987097078.jpg 0 0 0 1 0 0 0 0 0 0 0 0 0 1 1 0 0 0 0 0 0
images/plants/0408_2416824822.jpg 0 0 1 0 0 0 0 0 0 0 1 0 0 0 0 0 0 0 0 0 1
images/beach/0488_54641737.jpg 0 0 0 1 0 0 0 0 1 0 0 0 0 1 1 0 0 0 0 1 0
images/valleys/0648_329841818.jpg 0 0 0 1 0 0 0 1 0 0 0 0 0 1 1 0 0 0 0 0 0
images/gas_station/0323_362221719.jpg 0 0 0 1 0 0 0 0 0 0 0 0 1 0 1 0 0 0 0 1 0
images/arctic/0528_1448111159.jpg 0 0 0 1 0 0 0 0 1 0 0 0 0 0 1 1 0 0 0 1 0
images/gas_station/0450_966352360.jpg 0 0 0 0 0 0 0 0 0 1 0 0 0 0 0 0 0 0 0 0 0
images/cow/0025_127118659.jpg 1 0 0 1 0 1 0 0 0 0 0 0 0 0 1 0 0 1 0 0 0
images/monument/0501_494751425.jpg 0 0 0 1 0 0 0 0 0 0 0 0 0 1 1 0 0 0 0 0 0
images/fence/0237_394187620.jpg 0 0 0 0 0 1 0 0 0 0 0 0 1 0 1 0 0 0 0 0 0
images/vendor/0094_2689143548.jpg 0 0 0 1 0 0 0 0 0 1 0 0 0 0 1 0 0 0 0 0 0
images/goat/0464_1300822259.jpg 1 0 0 0 0 1 0 0 0 1 0 0 0 0 0 0 0 0 0 0 0
images/barracks/0223_2366216157.jpg 0 0 0 0 0 0 0 0 0 0 0 0 0 0 0 0 0 0 0 0 1
images/frost/0052_292988348.jpg 0 0 0 1 0 0 1 0 0 0 0 0 0 0 1 1 1 0 0 1 0
images/dall/0360_2566358071.jpg 0 0 0 0 0 1 0 0 0 0 0 0 0 1 0 0 0 0 0 0 0
images/outer_space/0089_2215680261.jpg 0 0 0 1 0 0 0 0 0 0 0 0 0 0 1 1 0 0 0 0 0
images/lichen/0586_347552253.jpg 0 0 0 0 0 0 0 1 0 0 0 0 0 1 1 0 0 0 0 0 0
images/urban_scenes/0416_2077092199.jpg 0 0 0 0 0 0 0 0 0 1 0 0 1 0 0 0 0 0 1 0 1
images/cats/0548_1199650433.jpg 1 0 0 0 0 0 0 0 0 0 0 0 0 0 0 1 0 0 0 0 0
images/driver/0014_832014550.jpg 0 0 0 0 0 0 0 0 0 0 0 0 1 0 0 0 0 0 1 0 1
images/garden/0481_368000070.jpg 0 0 0 0 1 0 0 0 0 0 1 0 0 0 0 0 0 0 0 1 0
images/grassland/0094_2669864236.jpg 0 0 0 1 0 1 0 0 0 0 1 0 0 0 1 0 0 0 0 0 0
images/suburban/0583_824135504.jpg 0 0 0 0 0 0 0 0 0 0 0 0 0 0 1 0 0 0 1 0 0
images/shade/0004_239111580.jpg 0 0 0 0 0 0 0 0 0 0 1 0 0 0 0 0 0 0 0 0 1
images/observation_tower/0597_463709307.jpg 0 0 1 0 0 0 0 0 0 0 0 0 0 0 0 0 0 0 0 0 0
images/palm/0229_2359444750.jpg 0 0 0 0 0 0 0 0 0 0 1 1 0 0 0 0 0 0 0 0 0
images/guard/0391_95317802.jpg 0 1 0 1 0 0 0 0 1 1 0 0 0 0 0 0 0 0 0 1 0
images/earthquake/0313_2541987686.jpg 0 0 0 0 1 0 0 0 0 0 1 0 0 0 0 0 0 0 0 0 0
images/antenna/0047_501842059.jpg 0 0 0 1 0 0 0 0 0 0 0 0 0 0 1 0 1 0 0 0 0
images/outdoor/0253_33886874.jpg 0 0 0 0 0 0 0 0 0 0 0 0 1 0 1 0 0 0 0 0 1
images/trail/0525_2146276488.jpg 0 0 0 1 0 0 0 1 0 0 0 0 1 1 1 1 0 0 0 0 0
images/outdoor/0544_1809627495.jpg 0 1 0 1 0 0 0 0 0 0 0 0 0 0 1 0 1 0 0 1 0
images/artillery/0071_2265221581.jpg 0 0 0 0 0 0 0 0 0 0 1 0 0 0 0 0 0 0 0 0 0
images/fire_station/0289_2325509673.jpg 0 0 1 1 0 1 0 0 0 0 0 0 0 0 1 0 0 0 0 0 0
images/groom/0474_2589848209.jpg 0 1 0 1 0 0 0 0 0 1 0 0 0 0 1 0 0 0 0 0 0
images/crystals/0336_255457582.jpg 0 0 0 0 0 0 0 0 0 0 0 0 0 0 0 1 0 0 0 0 0
images/animal/0387_200362625.jpg 1 0 0 0 0 0 0 0 0 0 0 0 0 0 0 0 0 0 0 0 0
images/formula/0210_172885573.jpg 0 0 0 0 0 0 0 0 0 0 0 0 0 0 0 0 0 0 1 0 0
images/rowboat/0456_21123897.jpg 0 0 0 0 0 0 1 0 0 1 0 0 0 0 1 0 0 0 0 1 0
images/dance/0040_262792170.jpg 0 1 0 1 0 0 1 0 1 0 0 0 0 0 1 0 1 0 0 1 0
images/plants/0498_241252278.jpg 0 0 0 0 1 1 0 0 0 0 1 0 0 0 0 0 0 0 0 1 0
images/white-tailed/0422_412108749.jpg 1 0 0 0 0 0 0 0 0 0 0 0 0 0 1 1 0 0 0 0 0
images/photographers/0521_1935227348.jpg 1 1 0 0 0 0 0 0 0 1 0 0 0 0 1 0 0 0 0 1 0
images/indian/0303_2148091855.jpg 0 0 1 0 0 0 0 0 0 1 0 0 1 0 0 0 0 0 0 0 0
images/shrubs/0245_1498722236.jpg 0 0 0 0 1 0 0 0 0 0 1 0 0 0 0 0 0 0 0 0 0
images/monastery/0475_2482874416.jpg 0 0 0 0 1 1 0 0 0 0 0 0 0 0 0 0 0 0 0 0 0
images/pillar/0309_1415547388.jpg 0 0 1 0 0 1 0 0 0 0 0 0 1 0 0 0 0 0 0 0 1
images/shore/0241_312049428.jpg 0 0 0 0 0 1 1 0 0 0 0 1 0 0 0 0 1 1 0 1 0
images/jet/0472_2545884854.jpg 0 0 0 1 0 0 0 0 0 0 0 0 0 0 1 0 0 0 1 0 1
images/cow/0468_68698656.jpg 1 0 0 1 0 1 0 0 0 0 0 0 0 0 1 0 1 0 0 0 0
images/canal/0278_2343370316.jpg 0 0 0 0 0 0 0 0 0 0 0 1 0 0 1 0 0 0 0 1 1
images/arctic/0097_1732624585.jpg 1 0 0 1 0 1 0 1 0 0 0 0 0 0 1 0 0 0 0 0 0
images/amusement_park/0523_22430486.jpg 0 1 0 1 0 0 0 0 0 0 0 0 0 0 1 0 0 0 0 0 0
images/officers/0033_2772680209.jpg 0 0 1 0 0 0 0 0 0 0 0 0 1 0 1 0 0 0 0 0 0
images/tornado/0491_37234311.jpg 0 1 0 0 0 0 0 0 1 0 0 0 0 0 1 0 0 0 0 1 0
images/lily/0237_592449965.jpg 0 0 0 0 1 0 0 0 0 0 1 0 0 0 0 0 0 0 0 0 0
images/dresses/0578_2121814911.jpg 0 0 0 0 0 0 0 0 0 1 0 0 0 0 0 0 0 0 0 0 0
images/rainy/0368_2236261252.jpg 0 0 0 0 0 0 0 0 1 0 0 1 0 0 0 0 0 0 0 1 0
images/canal/0576_242315109.jpg 0 0 1 1 0 0 0 0 0 0 0 0 0 0 1 0 0 0 0 0 1
images/skiing/0364_2239067529.jpg 0 0 0 0 0 0 0 0 0 0 1 0 0 0 0 1 0 1 0 0 0
images/islands/0435_2672595329.jpg 0 0 0 1 0 0 0 0 0 0 0 0 0 0 1 0 1 0 0 0 0
images/dining_room/0049_184230913.jpg 0 0 0 0 0 0 0 0 0 0 0 0 0 0 0 0 0 0 0 0 1
images/railroad/0679_135617602.jpg 0 0 0 0 0 0 0 0 0 0 0 0 0 0 1 0 0 0 1 0 1
images/television_tower/0556_2540598329.jpg 0 0 1 1 0 0 0 0 0 0 0 0 0 0 1 0 0 0 0 0 0
images/log/0453_2382066560.jpg 0 1 0 1 0 0 0 0 1 0 0 0 0 0 1 0 1 0 0 1 0
images/black/0253_2080234970.jpg 0 0 0 0 0 0 1 0 1 1 0 0 0 0 0 0 0 0 0 1 0
images/detail/0511_2659868421.jpg 0 0 0 0 1 0 0 0 0 0 0 0 0 0 0 0 0 0 0 0 0
images/runway/0544_2147367453.jpg 0 0 0 0 0 0 0 0 0 0 0 0 0 0 1 0 0 0 1 0 0
images/reefs/0520_514396050.jpg 1 0 0 1 0 1 0 0 0 0 0 0 0 0 1 0 0 0 0 0 1
images/race/0513_215874646.jpg 0 0 0 0 0 0 0 0 0 0 0 0 1 0 0 0 0 0 1 0 0
images/sidewalks/0087_495114192.jpg 0 0 1 0 0 0 0 0 0 0 0 0 0 0 1 0 0 0 0 0 1
images/islands/0487_2362169382.jpg 0 0 1 0 0 0 0 0 0 0 0 0 0 0 1 0 0 0 0 0 1
images/balcony/0337_107970754.jpg 0 0 0 0 0 0 0 0 0 0 0 0 0 0 0 0 0 0 0 0 1
images/frost/0430_2183752202.jpg 0 0 0 0 0 0 0 0 0 0 1 0 0 0 1 0 0 1 0 0 0
images/canal/0210_1657799342.jpg 0 0 0 1 0 0 1 0 0 0 0 1 0 0 1 0 1 0 0 1 0
images/aircraft_carrier/0480_378633384.jpg 0 0 1 1 0 0 0 0 0 0 0 0 0 0 1 0 0 0 0 0 0
images/amusement_park/0547_1027070961.jpg 0 0 0 0 1 0 0 0 0 0 0 0 0 0 0 0 0 0 0 0 0
images/kauai/0096_407387875.jpg 0 1 0 1 0 0 0 0 1 0 0 0 0 0 1 0 0 0 0 0 0
images/stairs/0541_2433813027.jpg 0 0 1 0 0 0 0 0 0 0 0 0 0 0 0 0 0 0 0 0 1
images/flowers/0473_61828662.jpg 0 0 0 0 1 1 0 0 0 0 0 0 0 0 1 0 0 0 0 0 0
images/antenna/0365_1829307912.jpg 0 0 0 1 0 0 0 0 0 0 0 0 0 0 1 0 1 0 0 0 0
images/cathedral/0514_1080440475.jpg 0 0 1 1 0 0 0 0 0 0 0 0 0 0 1 0 0 0 0 0 1
images/group/0075_2387284454.jpg 0 1 0 0 0 0 0 0 0 1 0 0 0 0 1 0 0 0 0 1 0
images/balcony/0317_2595318059.jpg 0 0 0 0 1 0 0 0 0 0 0 0 0 0 0 0 0 0 0 0 1
images/close-up/0369_419935017.jpg 0 0 0 0 1 0 0 0 0 0 0 0 0 0 0 0 0 0 0 0 0
images/glacier/0410_2669963660.jpg 0 0 0 1 0 0 1 1 0 0 0 1 0 1 1 1 0 0 0 1 0
images/pagoda/0044_828147627.jpg 0 0 1 1 0 0 0 0 0 0 0 0 0 0 1 1 0 0 0 0 0
images/sunrise/0505_135858415.jpg 0 0 0 1 0 1 1 0 0 0 0 1 0 1 1 0 0 1 0 1 0
images/entrance/0042_2419909774.jpg 0 0 1 1 0 0 0 0 0 0 0 0 0 0 1 0 0 0 0 0 1
images/ship/0455_2072746315.jpg 0 0 0 1 0 0 1 0 1 0 0 0 0 0 1 0 0 0 1 1 0
images/log/0412_379648891.jpg 0 0 0 0 0 0 0 0 0 0 0 0 0 0 0 0 0 0 0 1 0
images/pickup_truck/0222_310660393.jpg 0 0 0 0 0 0 0 0 0 0 0 0 0 0 0 0 0 0 1 0 0
images/pickup_truck/0332_2186204663.jpg 0 0 0 0 0 0 0 0 0 0 0 0 1 0 1 0 0 0 1 0 1
images/trail/0537_213378135.jpg 0 0 0 1 0 0 0 1 0 0 0 0 0 0 0 0 0 0 0 0 0
images/sunrise/0559_317319798.jpg 0 0 0 1 0 0 0 0 1 0 0 0 0 0 1 0 1 0 0 1 0
images/maui/0571_354663850.jpg 0 0 0 0 1 1 0 0 0 0 1 0 0 0 0 0 0 0 0 0 0
images/mountain/0282_207994253.jpg 0 0 0 0 0 1 0 1 0 0 1 0 0 1 0 0 0 0 0 0 0
images/buildings/0408_384200671.jpg 0 0 1 1 0 0 0 0 0 0 0 0 0 0 1 0 1 0 0 0 0
images/valleys/0479_64367543.jpg 0 0 0 0 0 1 0 0 0 0 0 0 0 0 0 0 0 1 0 0 0
images/bay/0471_1798185862.jpg 0 1 0 1 0 0 0 0 1 0 0 0 0 0 1 0 1 0 0 1 0
images/animals/0476_102764946.jpg 1 0 0 0 0 0 0 0 0 0 0 0 0 0 0 0 0 0 0 0 0
images/pickup_truck/0466_456817778.jpg 0 0 0 0 0 0 0 0 0 0 0 0 0 0 0 0 0 0 1 0 1
images/prop/0249_2365583010.jpg 0 0 0 0 0 0 0 0 0 0 0 0 0 0 1 0 0 0 1 0 0
images/bench/0588_2033739973.jpg 0 0 0 0 0 0 0 0 0 0 0 0 0 0 1 0 0 1 0 0 0
images/lake/0601_15630854.jpg 0 1 0 0 0 0 1 0 0 0 0 0 1 0 1 0 0 0 0 1 0
images/chapel/0399_2382494971.jpg 0 0 0 1 0 0 0 0 0 0 0 0 0 0 0 0 0 0 0 0 1
images/kit/0468_146023643.jpg 0 0 0 0 0 0 0 0 0 0 0 0 0 0 0 0 0 0 1 0 0
images/flood/0317_634637654.jpg 0 0 0 0 0 0 0 0 0 0 0 1 0 0 1 0 0 0 0 1 0
images/path/0485_21301050.jpg 0 0 0 0 0 0 0 0 0 0 1 0 0 0 0 0 0 1 0 0 0
images/theater/0270_1185360965.jpg 0 0 0 0 0 0 0 0 0 0 0 0 0 1 0 0 0 0 0 0 0
images/sailboats/0500_1903931153.jpg 0 0 0 0 0 0 1 0 0 0 0 1 0 0 0 0 0 0 1 1 0
images/rainy/0453_104106722.jpg 0 0 0 1 0 0 0 0 0 0 1 0 0 0 1 0 1 1 0 0 0
images/storms/0317_2236192182.jpg 0 0 0 1 0 0 0 0 0 0 0 0 0 0 1 0 0 0 0 0 0
images/cutter/0285_2345829345.jpg 0 1 0 1 0 0 0 0 1 0 0 0 0 0 1 0 0 0 0 1 0
images/warehouse/0565_128307511.jpg 0 0 1 0 0 0 0 0 0 0 0 0 0 0 0 0 0 0 0 0 1
images/car_racing/0585_1426504497.jpg 0 0 0 0 0 0 0 0 0 0 0 0 0 0 0 0 0 0 1 0 1
images/harvest/0047_2731434393.jpg 0 0 0 1 0 1 0 0 0 0 1 0 0 0 1 0 0 0 0 0 0
images/steeple/0542_116379496.jpg 0 0 1 1 0 0 0 0 0 0 0 0 0 0 1 0 0 0 0 0 0
images/art/0596_390989366.jpg 0 0 0 0 1 0 0 0 0 0 0 0 0 0 0 0 0 0 0 0 0
images/waterfalls/0302_1458546974.jpg 0 0 0 0 0 0 0 0 0 1 0 0 0 1 0 0 0 0 0 1 0
images/military/0383_322189868.jpg 0 0 0 1 0 0 0 0 0 0 0 0 0 0 1 0 1 0 0 1 0
images/sunny/0305_2486276481.jpg 0 1 0 0 0 0 0 0 0 0 0 0 0 0 1 0 0 1 0 0 0
images/calf/0060_1038386669.jpg 1 0 0 0 0 0 0 0 0 0 0 0 0 0 0 0 0 0 0 0 0
images/giraffe/0295_1000334945.jpg 1 0 0 0 0 0 0 0 0 0 0 0 0 0 0 0 0 0 0 0 0
images/rapids/0508_2072885702.jpg 0 0 0 0 0 0 0 1 0 0 0 0 0 1 1 0 0 0 0 1 0
images/moon/0504_315125592.jpg 0 0 1 1 0 0 0 0 1 0 0 0 0 0 1 0 0 0 0 1 0
images/path/0245_486222859.jpg 0 0 0 0 0 0 0 0 0 0 0 0 0 0 0 0 1 0 0 0 0
images/military_base/0548_421686172.jpg 0 0 1 1 0 0 0 0 0 0 0 0 0 0 1 0 0 0 0 0 1
images/rocks/0003_2740441911.jpg 0 1 0 0 0 1 1 0 0 0 0 1 0 1 1 0 0 0 0 1 0
images/cactus/0439_2673811408.jpg 0 0 0 0 1 0 0 0 0 0 1 0 0 0 0 0 0 0 0 0 0
images/hills/0214_581186450.jpg 0 0 0 0 0 1 1 0 0 0 1 1 0 1 1 0 0 0 0 0 0
images/garden/0556_83142195.jpg 1 0 0 0 0 0 0 0 0 0 1 0 0 0 0 0 0 0 0 0 0
images/iguana/0588_2166975243.jpg 0 0 0 0 0 0 0 0 0 1 0 0 0 0 0 0 0 0 0 0 0
images/pots/0002_302258847.jpg 0 0 0 0 0 0 0 0 0 0 0 1 0 0 1 0 0 0 1 1 0
images/sunny/0356_2441999154.jpg 0 0 0 0 0 0 0 0 0 0 1 0 0 0 0 0 0 1 0 0 0
images/ladder/0481_487987047.jpg 0 0 0 1 0 0 0 0 0 1 0 0 0 0 1 0 0 0 0 1 0
images/mosques/0068_378077048.jpg 0 0 1 0 0 0 0 0 0 0 0 0 0 0 1 0 0 0 0 0 0
images/aerial/0031_362405254.jpg 0 0 0 0 0 0 1 0 0 0 0 0 0 0 0 0 0 0 0 1 0
images/arctic/0311_2719867039.jpg 0 0 0 1 0 0 1 0 0 0 0 1 0 0 1 0 1 0 0 1 0
images/bulls/0579_2549919483.jpg 1 0 0 0 0 1 0 0 0 0 0 0 0 0 0 0 0 0 0 0 0
images/college/0014_221721305.jpg 0 0 0 1 0 1 0 0 0 1 0 0 0 0 0 0 0 0 0 0 0
images/lily/0317_274320920.jpg 0 0 0 0 1 0 0 0 0 0 0 0 0 0 0 0 0 0 0 1 0
images/standing/0308_2277536184.jpg 0 0 0 0 0 0 0 0 0 1 0 1 0 0 1 0 0 0 0 1 0
images/trail/0346_2228493425.jpg 0 0 0 0 0 1 0 1 0 0 0 0 1 0 1 0 0 0 0 1 0
images/police_station/0402_30260488.jpg 0 0 1 0 0 0 0 0 0 0 0 0 0 0 1 0 0 0 0 0 0
images/architecture/0247_1794811480.jpg 0 0 1 0 0 0 0 0 0 0 0 0 0 0 1 0 0 0 0 0 0
images/hill/0257_489604690.jpg 0 0 0 1 0 1 0 0 0 0 1 0 0 0 1 0 0 1 0 0 0
images/architecture/0370_3945332.jpg 0 0 0 1 0 0 0 0 0 0 0 0 0 0 1 0 1 0 0 0 0
images/oahu/0581_2276995861.jpg 0 1 0 1 0 0 0 0 0 0 0 0 0 1 1 0 0 0 0 1 0
images/island/0362_2645779068.jpg 0 1 0 1 0 0 1 0 1 1 0 0 0 0 1 0 1 0 0 1 0
images/houseboat/0220_2229397957.jpg 0 0 0 0 0 0 0 0 0 0 0 1 0 0 0 0 0 0 1 1 0
images/reflection/0006_296997966.jpg 0 0 0 0 0 0 0 0 0 1 0 0 0 0 0 0 0 0 0 0 0
images/dock/0323_1040141037.jpg 0 0 0 1 0 0 1 0 0 1 0 0 0 0 1 0 1 0 0 1 0
images/farms/0405_2320201726.jpg 0 0 1 1 0 0 0 0 0 0 0 0 0 0 1 1 0 0 0 0 1
images/log/0281_433822399.jpg 0 1 0 1 0 0 0 0 1 0 0 0 0 0 0 0 0 0 0 1 0
images/glacier/0487_508013658.jpg 0 0 0 1 0 0 1 1 0 0 0 0 0 0 1 0 0 0 0 0 0
images/vegetation/0068_2350073695.jpg 0 0 0 0 0 1 0 0 0 0 1 0 0 0 0 0 0 0 0 0 0
images/bengal/0347_2226679446.jpg 0 0 0 0 0 0 0 0 0 0 0 0 0 0 0 0 0 1 0 0 0
images/waterways/0018_2728171024.jpg 0 1 0 1 0 0 0 0 0 0 1 0 0 0 1 0 0 0 0 1 0
images/ground_crew/0331_531868906.jpg 0 0 0 0 0 0 0 0 0 1 0 0 1 0 1 0 0 0 0 0 0
images/tundra/0226_249730892.jpg 0 0 0 0 0 0 0 0 0 0 1 0 0 0 0 0 0 0 0 1 0
images/hillside/0215_446105605.jpg 0 0 0 0 0 0 0 0 0 0 1 0 0 0 1 0 0 1 0 0 0
images/blossoms/0440_2735666555.jpg 0 0 0 0 1 0 0 0 0 0 0 0 0 0 0 0 0 0 0 0 0
images/mushrooms/0368_2008681840.jpg 0 0 0 0 0 0 0 0 0 0 1 0 0 0 0 0 0 0 0 0 0
images/car_racing/0683_2419993606.jpg 0 0 0 0 0 1 0 0 0 0 0 0 1 0 1 0 0 0 1 0 0
images/valleys/0436_258458809.jpg 0 0 0 0 0 1 0 0 0 1 0 0 0 0 0 0 0 0 0 0 0
images/coyote/0322_122749066.jpg 1 0 0 0 0 0 0 0 0 0 0 0 0 1 0 1 0 0 0 0 0
images/lake/0277_492645906.jpg 0 0 0 0 0 0 1 0 0 0 1 1 0 0 0 0 0 0 0 1 0
images/beach/0405_348737182.jpg 0 0 0 1 0 0 1 0 0 0 0 0 0 1 1 0 0 0 0 1 0
images/rocket_launching/0017_2637359151.jpg 0 0 0 0 0 1 0 0 0 0 0 0 0 0 1 0 0 0 0 0 0
images/window/0090_518205748.jpg 0 0 0 1 0 0 0 0 0 0 0 0 0 0 0 0 1 0 0 0 0
images/officers/0300_2526691694.jpg 0 0 0 0 0 0 0 0 0 1 0 0 0 0 0 0 0 0 0 0 0
images/suburban/0338_986026499.jpg 0 0 1 0 0 0 0 0 0 0 0 0 0 0 1 0 0 0 0 0 1
images/kauai/0026_2222121582.jpg 0 1 0 1 0 0 1 0 0 0 0 0 0 0 1 0 1 0 0 1 0
images/roofs/0280_926194439.jpg 0 0 0 0 0 0 0 0 0 0 0 0 0 0 0 0 0 0 0 0 1
images/meadow/0031_150298910.jpg 0 0 0 1 0 1 0 1 0 0 0 1 0 1 1 0 0 0 0 1 0
images/oahu/0256_147157119.jpg 0 1 0 1 0 0 1 0 0 1 1 0 0 0 1 0 0 0 0 1 0
images/volcano/0029_344052163.jpg 0 0 0 1 0 0 1 1 0 0 1 0 0 1 1 0 0 0 0 1 0
images/sunglasses/0250_2604141226.jpg 0 0 0 0 0 0 0 0 0 1 0 0 0 0 0 0 0 0 0 0 0
images/observation_tower/0098_2365401300.jpg 0 0 0 0 0 1 0 0 0 0 1 0 0 0 1 0 0 0 0 0 0
images/lawn/0236_2447976217.jpg 0 0 1 1 0 1 0 0 0 0 0 0 0 0 1 0 0 0 0 0 1
images/television_tower/0603_538470337.jpg 0 0 0 0 0 0 0 0 0 0 0 0 0 0 1 0 0 0 1 0 1
images/lighthouse/0041_111677749.jpg 0 1 1 1 0 0 0 0 1 0 0 0 0 0 1 0 0 0 0 0 0
images/shops/0361_835195230.jpg 0 0 1 0 0 0 0 0 0 0 0 0 0 0 1 0 0 0 0 0 1
images/mushrooms/0068_2225160829.jpg 0 0 0 0 1 0 0 0 0 0 1 0 0 0 0 0 0 0 0 0 0
images/sports/0264_872608474.jpg 0 1 0 1 0 0 0 0 1 0 0 0 0 0 1 0 0 0 0 0 0
images/fruit/0047_494876502.jpg 0 0 0 0 0 0 0 0 0 0 0 0 0 0 0 0 0 0 0 1 0
images/shore/0001_1750843877.jpg 0 0 0 1 0 0 0 0 0 0 0 0 0 0 1 0 1 0 0 1 0
images/stream/0367_1745657895.jpg 0 0 0 1 0 0 1 0 0 0 0 0 0 0 0 0 1 0 0 1 0
images/sailboat/0356_1413744400.jpg 0 0 0 1 0 0 1 0 1 0 0 0 0 0 1 0 0 0 0 1 0
images/dogs/0415_2296002400.jpg 1 0 0 1 0 0 0 0 0 0 0 0 0 0 1 1 0 0 0 0 0
images/monastery/0509_508043614.jpg 0 0 1 0 0 0 0 0 0 0 0 0 0 0 0 0 0 0 0 0 0
images/road/0007_495702941.jpg 0 0 0 0 0 0 0 0 0 1 0 0 1 0 1 0 0 0 0 0 0
images/ships/0371_1409205167.jpg 0 0 1 0 0 0 0 0 0 0 0 0 0 0 0 0 0 0 1 1 0
images/urban_park/0343_65485249.jpg 0 0 0 0 0 0 0 0 0 0 0 0 0 0 0 0 0 0 0 0 1
images/bush/0275_2124093689.jpg 0 0 0 0 0 1 0 0 0 0 1 0 1 0 0 0 0 1 0 0 0
images/harbor/0317_1287304735.jpg 0 1 0 1 0 0 1 0 1 0 0 0 0 1 1 0 0 0 0 1 0
images/bench/0469_426632909.jpg 0 0 0 1 0 0 1 0 1 0 0 0 0 0 1 0 0 0 0 1 0
images/ocean/0040_1364568196.jpg 0 0 0 1 0 0 1 0 1 0 0 0 0 0 1 0 1 0 0 0 0
images/bay/0515_435586178.jpg 0 1 0 1 0 0 1 0 0 0 0 0 0 0 1 0 0 0 0 1 0
images/hunter/0087_529951960.jpg 0 0 0 0 0 0 0 0 0 1 0 0 0 0 0 0 0 0 0 0 0
images/shrine/0352_658857459.jpg 0 0 0 1 0 0 1 0 0 0 0 0 0 0 1 0 1 0 0 1 0
images/hills/0443_2414297724.jpg 0 0 0 1 0 0 1 1 0 0 0 1 0 1 1 0 0 0 0 1 0
images/bus/0289_1090044437.jpg 0 0 0 0 0 0 0 0 0 0 0 0 0 0 0 0 0 0 1 0 1
images/golf_course/0671_2051981363.jpg 0 0 0 1 0 0 1 0 0 0 0 0 0 0 1 0 0 0 0 1 0
images/horse/0334_1355912178.jpg 0 1 0 0 0 0 0 0 1 1 0 0 0 0 1 0 1 0 0 1 0
images/urban_park/0411_274948434.jpg 0 0 1 1 0 1 0 0 0 0 0 0 0 0 1 0 0 1 0 0 0
images/railroad/0547_247979429.jpg 0 0 1 1 0 0 0 0 0 0 0 0 0 0 1 0 0 0 1 0 1
images/mare/0390_2114211417.jpg 0 1 1 1 0 0 1 0 1 0 0 0 0 0 1 0 1 0 0 1 0
images/protesters/0219_2096255814.jpg 0 0 0 0 0 0 0 0 0 1 0 0 1 0 1 0 0 0 0 0 0
images/swimming_pools/0488_2636375374.jpg 0 0 1 0 0 0 0 0 0 0 0 0 0 0 1 0 0 0 0 1 0
images/bathroom/0505_30987839.jpg 1 0 0 0 0 0 0 0 0 0 0 0 0 0 0 0 0 0 0 0 0
images/valley/0385_2486117836.jpg 0 0 0 1 0 1 0 1 0 0 1 0 0 0 1 0 0 0 0 0 0
images/election_campaign/0211_32706616.jpg 0 0 0 0 0 0 0 0 0 0 0 0 0 0 1 0 0 0 1 0 1
images/petals/0022_272518178.jpg 0 0 0 0 1 0 0 0 0 0 1 0 0 0 0 0 0 0 0 0 0
images/pagoda/0550_642599644.jpg 0 0 1 0 0 0 0 0 0 0 0 0 0 0 0 0 0 0 0 0 0
images/pillar/0093_86835798.jpg 0 0 0 0 0 0 0 0 0 0 0 0 0 0 1 0 1 0 0 0 0
images/rainy/0005_494588922.jpg 0 0 0 0 0 0 0 0 0 0 0 0 1 0 0 0 0 0 0 0 0
images/sidewalks/0583_84293087.jpg 0 0 0 0 0 0 0 0 0 0 0 0 0 0 0 0 0 0 1 0 1
images/lighthouse/0218_184148905.jpg 0 0 0 0 0 1 0 0 0 0 0 0 0 0 1 0 0 0 0 1 0
images/tugboat/0400_2238527970.jpg 0 0 0 0 0 0 0 0 0 0 0 0 0 0 1 0 0 0 1 1 0
images/waterfalls/0512_2547542255.jpg 0 0 0 0 0 1 1 0 0 0 0 0 0 1 0 0 0 0 0 1 0
images/cubs/0079_2425328564.jpg 0 0 0 0 0 0 0 0 0 1 0 0 0 0 0 0 0 0 0 0 0
images/glacier/0409_113832185.jpg 0 0 0 1 0 0 0 1 0 0 0 0 0 1 1 1 0 0 0 0 0
images/white-tailed/0406_2081908871.jpg 1 0 0 0 0 0 0 0 0 0 0 0 0 0 0 0 0 0 0 0 0
images/pillar/0020_91272335.jpg 0 0 0 1 0 0 1 0 1 0 0 1 0 0 1 0 0 0 0 1 0
images/windmills/0080_232681600.jpg 0 0 1 1 0 1 0 0 0 0 1 0 0 0 0 0 0 0 0 1 0
images/rapids/0048_1388072590.jpg 0 0 0 0 0 0 0 0 0 0 0 0 0 1 1 0 0 0 0 1 0
images/waterways/0340_2250094420.jpg 0 0 0 1 0 0 1 0 0 0 1 1 0 0 1 0 1 0 0 1 0
images/sidewalk/0264_132840333.jpg 0 0 1 1 0 1 0 0 0 0 0 0 0 0 1 0 0 0 1 0 0
images/ground/0652_2026977587.jpg 0 0 0 1 0 0 0 1 0 0 0 0 0 1 1 0 0 0 0 0 0
images/lakes/0302_2479996137.jpg 0 0 0 1 0 0 1 0 0 0 1 1 0 0 1 0 0 0 0 1 0
images/subway_station/0082_98834581.jpg 0 0 0 0 0 0 0 0 0 0 0 0 0 0 0 1 0 0 0 0 0
images/rapids/0538_200295299.jpg 0 0 0 1 0 0 0 0 0 0 0 1 0 1 1 0 0 0 0 1 0
images/frigate/0253_419389748.jpg 0 0 0 1 0 0 0 0 0 0 0 0 0 0 0 0 0 0 1 0 1
images/elk/0253_73442253.jpg 1 0 0 0 0 0 0 0 0 0 0 0 0 0 1 0 1 0 0 0 0
images/lighthouse/0323_1545616932.jpg 0 0 0 1 0 0 0 0 1 0 0 0 0 0 1 0 0 0 0 0 0
images/roof/0567_963720169.jpg 1 0 0 1 0 0 0 0 0 0 0 0 0 0 0 0 0 0 0 0 0
images/radar/0305_179381512.jpg 1 0 0 0 0 0 0 0 0 0 0 0 0 0 0 0 0 0 0 0 0
images/outdoor/0366_1449963446.jpg 0 0 0 1 0 0 0 1 0 0 0 0 0 1 1 0 0 0 0 0 0
images/actor/0229_433478352.jpg 0 0 0 1 0 0 0 0 0 0 0 0 0 0 1 0 1 0 0 0 0
images/bridge/0540_196993680.jpg 0 0 1 1 0 0 1 0 0 0 0 0 0 0 1 0 0 0 0 1 0
images/beach/0215_2373119789.jpg 0 1 1 1 0 0 1 0 1 0 0 0 0 0 1 0 0 0 0 1 0
images/anemone/0084_2427465099.jpg 0 0 0 0 1 0 0 0 0 0 0 0 0 0 0 0 0 0 0 0 0
images/pavilions/0580_2482279467.jpg 0 0 1 1 0 0 0 0 0 0 0 1 0 0 1 0 0 0 0 1 0
images/crystals/0019_425238046.jpg 0 0 0 0 1 0 0 0 0 0 0 0 0 0 0 0 0 0 0 1 0
images/village/0371_2340452534.jpg 0 0 1 0 0 0 0 1 0 0 0 0 0 0 0 0 0 0 0 0 1
images/tundra/0270_2315357942.jpg 0 0 0 0 0 0 0 1 0 0 0 0 0 1 1 1 0 0 0 0 0
images/boats/0325_1655985661.jpg 0 0 0 1 0 0 1 0 0 0 0 1 0 0 1 0 0 0 0 1 0
images/storm/0429_402593426.jpg 0 0 1 0 0 0 0 0 0 0 1 0 0 0 0 1 0 0 0 0 0
images/moon/0323_714629757.jpg 0 0 0 1 0 0 0 0 0 0 0 0 0 0 1 0 0 0 0 0 0
images/buddhist/0439_1861472087.jpg 0 0 0 0 0 0 0 0 0 1 0 0 0 0 0 0 0 0 0 0 0
images/pagoda/0372_2569026915.jpg 0 0 0 0 0 0 0 0 0 0 0 0 0 0 1 0 0 0 0 0 0
images/park/0092_67041320.jpg 0 0 0 0 0 0 0 1 0 0 0 0 0 0 0 1 0 0 0 0 0
images/windows/0418_474741104.jpg 0 0 1 0 0 0 0 0 0 0 0 0 0 0 0 0 0 0 0 0 1
images/shrubs/0422_1559665619.jpg 0 0 0 1 0 1 0 0 0 0 0 0 0 0 1 0 0 0 0 0 0
images/vegetation/0414_29898768.jpg 0 0 0 0 0 0 0 1 0 0 0 0 0 0 0 0 0 0 0 0 0
images/military/0392_9051877.jpg 0 0 0 0 0 0 0 0 0 1 0 0 0 0 0 0 0 0 0 1 0
images/flood/0216_1809278187.jpg 0 0 0 1 0 0 0 0 0 0 0 0 0 0 0 0 0 0 0 0 0
images/riot/0276_2442282995.jpg 0 0 0 0 0 0 0 0 0 0 0 0 0 0 1 0 0 0 0 0 1
images/nets/0626_2238377095.jpg 0 0 0 1 0 0 0 0 1 0 0 0 0 0 0 0 0 0 0 1 0
images/urban_park/0257_2385604168.jpg 0 0 0 0 0 0 0 0 0 0 0 0 0 0 0 0 0 1 0 0 0
images/ground_crew/0379_195276601.jpg 0 0 0 0 0 1 0 0 0 1 0 0 0 0 0 0 0 0 1 0 0
images/seals/0569_375095375.jpg 1 1 0 0 0 0 0 0 0 0 0 0 0 0 0 0 0 0 0 0 0
images/rainbow/0394_1157884368.jpg 0 0 0 1 0 1 0 1 0 0 0 0 0 0 1 0 0 0 0 0 0
images/aerial/0325_80830848.jpg 0 0 0 0 0 0 1 0 1 0 0 0 0 0 1 0 0 0 0 1 0
images/cliff/0521_2131270826.jpg 0 0 0 1 0 0 0 0 1 0 0 0 0 0 0 0 1 0 0 1 0
images/mountain/0592_447313073.jpg 0 0 0 0 0 0 0 1 0 0 0 1 0 0 1 0 0 0 0 1 0
images/underpass/0532_247351182.jpg 0 0 0 0 0 0 0 0 0 1 0 0 0 0 0 0 0 0 1 0 0
images/bench/0077_96887570.jpg 0 0 0 1 0 0 0 0 0 0 0 0 0 0 1 0 0 1 0 0 0
images/stone/0555_2499685409.jpg 0 0 0 0 1 0 0 0 0 0 0 0 0 0 0 0 0 0 0 0 0
images/oceans/0498_188002477.jpg 0 1 0 1 0 0 0 1 1 0 0 0 0 0 1 0 0 0 0 1 0
images/swimmers/0223_368046007.jpg 0 1 0 1 0 0 0 0 0 1 0 0 0 0 1 1 0 0 0 1 0
images/canal/0316_2272241478.jpg 0 0 0 1 0 1 1 0 0 0 0 1 0 0 1 0 0 0 0 1 0
images/railing/0486_2313846541.jpg 0 0 0 0 0 0 0 0 0 0 0 0 1 0 0 0 0 0 0 0 0
images/ships/0332_471871992.jpg 0 0 0 0 0 0 1 0 1 0 0 1 0 0 1 0 0 0 0 1 0
images/fence/0262_427195617.jpg 0 0 0 1 0 1 0 0 0 0 0 0 1 0 1 0 0 0 0 0 0
images/bridge/0253_175198128.jpg 0 0 0 1 0 0 0 0 0 0 0 0 0 0 1 0 1 1 0 0 0
images/garden/0382_465345920.jpg 0 0 0 0 1 0 0 0 0 0 0 0 0 0 0 0 0 0 0 0 0
images/press_conference/0076_33743930.jpg 0 0 0 0 0 0 0 0 0 1 0 0 0 0 0 0 0 0 0 0 0
images/bridges/0344_2353415530.jpg 0 0 1 1 0 0 0 0 0 0 0 1 0 0 1 0 0 0 0 1 0
images/tanker/0289_388700008.jpg 0 0 0 0 0 0 0 0 0 0 0 0 0 0 1 0 0 0 0 1 1
images/cutter/0373_1884301091.jpg 0 0 0 0 0 0 0 0 0 0 0 0 0 0 0 0 0 1 0 0 1
images/lily/0274_2406747202.jpg 0 0 0 0 1 0 0 0 0 0 1 0 0 0 0 0 0 0 0 0 0
images/fountain/0559_1507444513.jpg 0 0 0 0 0 0 0 0 0 1 0 0 0 0 0 0 0 0 0 0 0
images/rapids/0450_1434464220.jpg 0 0 0 0 0 0 0 0 0 0 0 0 0 1 0 0 0 0 0 1 0
images/herd/0423_186652212.jpg 1 0 0 0 0 1 0 0 0 0 0 0 0 0 0 0 0 0 0 0 0
images/tusks/0266_2685434291.jpg 1 0 0 0 0 1 0 0 0 0 0 0 0 0 0 0 0 1 0 0 0
images/flag/0469_2242718240.jpg 0 0 0 1 0 1 0 0 0 0 1 0 0 0 0 0 0 1 0 0 0
images/standing/0479_37992293.jpg 0 0 0 0 0 0 0 0 0 1 0 0 0 0 0 0 0 0 0 0 1
images/harbor/0295_2478493453.jpg 0 0 0 1 0 0 1 0 0 0 0 1 0 0 1 0 1 0 0 1 0
images/houseboat/0545_2373865248.jpg 0 0 0 0 0 0 0 0 0 0 0 0 0 0 0 0 0 0 1 0 0
images/rockface/0501_262739538.jpg 0 0 0 1 0 0 1 0 0 0 0 0 0 0 1 0 0 0 0 0 0
images/donkeys/0252_1224848724.jpg 1 0 0 1 0 0 0 0 0 1 0 0 0 0 1 0 0 0 0 0 0
images/roofs/0086_305383943.jpg 0 0 0 1 0 0 0 0 0 0 0 0 0 0 1 0 0 0 0 0 0
images/den/0298_2468855294.jpg 0 0 1 1 0 0 0 0 0 0 0 0 0 0 1 0 0 0 0 0 1
images/bridge/0376_57956597.jpg 0 0 0 0 0 0 0 0 0 0 0 0 0 1 0 0 0 0 0 0 0
images/tracks/0306_1801137441.jpg 0 0 0 0 0 0 0 0 0 0 0 0 0 0 1 1 0 0 0 0 0
images/clouds/0394_2184664979.jpg 0 0 0 1 0 1 0 0 0 1 0 0 0 0 1 0 0 0 0 0 0
images/backpackers/0086_2072144518.jpg 0 0 0 1 0 0 0 0 1 0 0 0 0 0 1 0 0 0 0 1 0
images/lighthouse/0518_2102141028.jpg 0 0 0 0 0 0 0 0 1 0 0 0 0 0 1 0 0 0 0 0 0
images/urban_park/0366_557980200.jpg 0 0 0 0 0 0 1 0 0 0 0 1 0 0 0 0 0 0 0 0 0
images/fields/0203_2747748079.jpg 0 0 1 1 0 1 0 0 0 0 0 0 1 0 1 0 0 0 0 0 0
images/blooms/0432_2317206620.jpg 0 0 0 0 1 0 0 0 0 0 0 0 0 0 0 0 0 0 0 0 0
images/chrysanthemums/0001_422644004.jpg 0 0 0 0 1 0 0 0 0 0 0 0 0 0 0 0 0 0 0 0 0
images/hills/0551_2648066611.jpg 0 0 0 1 0 1 0 0 0 0 0 0 0 0 1 0 0 0 0 0 1
images/windy/0497_2333580892.jpg 0 1 0 1 0 0 1 0 1 0 0 0 0 0 0 0 0 0 0 1 0
images/cathedral/0539_62465004.jpg 0 0 0 1 0 0 0 0 0 0 0 0 0 0 0 0 0 0 0 0 0
images/outdoor/0010_2748213480.jpg 0 1 0 1 0 0 0 0 1 0 0 0 0 0 1 0 0 0 0 0 0
images/bush/0501_1432401895.jpg 0 0 0 0 0 0 0 0 0 0 0 0 0 0 1 0 1 1 0 0 0
images/police/0432_2434268548.jpg 1 0 0 0 0 0 0 0 0 0 0 0 0 0 0 0 0 0 0 0 0
images/cabin/0368_55186001.jpg 0 0 1 0 0 0 0 0 0 0 0 0 0 0 1 0 0 0 0 0 1
images/tundra/0247_226657497.jpg 0 0 0 0 0 1 0 0 0 0 1 0 0 0 1 0 0 0 0 0 0
images/vineyard/0089_2495972580.jpg 0 0 0 1 0 1 0 0 0 0 0 0 1 0 1 0 0 0 0 0 0
images/mare/0509_472585563.jpg 0 0 0 1 0 0 1 0 1 0 0 0 0 0 1 0 0 0 0 1 0
images/bridges/0225_1672720885.jpg 0 0 1 1 0 0 0 0 0 0 0 0 0 0 0 0 0 0 0 0 0
images/boats/0387_279065121.jpg 0 0 0 1 0 0 0 0 0 0 0 0 0 0 1 0 1 0 0 0 0
images/election_campaign/0438_34627927.jpg 0 0 0 0 0 0 0 0 0 1 0 0 0 0 1 0 0 0 0 0 1
images/architecture/0512_2543822781.jpg 0 0 1 1 0 0 0 0 0 0 0 1 0 0 1 0 0 0 0 1 0
images/shell/0450_2281243881.jpg 1 0 0 0 0 0 0 0 0 0 0 0 0 0 0 0 0 0 0 0 0
images/frozen/0386_2138287097.jpg 0 0 0 1 0 0 1 0 0 0 0 0 0 0 1 0 0 0 0 1 0
images/lily/0534_2582484948.jpg 0 0 0 0 1 0 0 0 0 0 1 0 0 0 1 0 0 0 0 0 0
images/plain/0084_2148992898.jpg 0 0 0 1 0 1 0 0 1 0 0 0 0 0 1 0 0 0 0 0 0
images/pottery/0385_1044828186.jpg 0 0 0 0 0 0 0 0 0 1 0 0 0 0 0 0 0 0 0 0 0
images/college/0067_2599547076.jpg 0 0 0 1 0 0 0 0 0 0 0 0 0 0 1 0 0 0 0 0 1
images/valley/0541_1338650008.jpg 0 0 0 0 0 0 0 0 0 0 0 0 1 1 1 0 1 1 0 1 0
images/monument/0672_1934982132.jpg 0 0 0 0 0 0 0 0 0 0 0 0 0 0 1 0 0 0 0 0 0
images/crops/0321_1441914566.jpg 0 0 0 0 0 1 0 1 0 0 0 0 0 0 0 0 0 0 0 0 0
images/house_of_worship/0302_2269010378.jpg 0 0 1 0 0 0 0 0 0 0 0 0 0 0 0 0 0 0 0 0 1
images/reefs/0631_2333413696.jpg 0 1 0 1 0 0 0 0 1 0 0 0 0 1 1 0 0 1 0 1 0
images/river_bank/0481_2073169001.jpg 0 0 0 0 0 1 0 0 0 0 1 0 0 0 0 0 0 1 0 0 0
images/flight/0253_1905316912.jpg 0 0 0 0 0 0 1 0 0 0 0 1 0 0 1 0 1 0 0 1 0
images/arctic/0022_337957308.jpg 0 0 0 1 0 0 1 0 1 0 0 0 0 0 1 0 0 0 0 1 0
images/mountain/0407_2233068968.jpg 0 1 0 1 0 0 1 1 1 0 0 0 0 1 1 0 0 0 0 1 0
images/adult/0596_161179449.jpg 0 0 0 0 0 0 0 0 0 1 0 0 0 0 0 0 0 0 0 0 0
images/mule/0056_4307240.jpg 1 0 1 0 0 0 0 0 0 0 0 0 1 0 0 0 0 0 0 0 0
images/mast/0408_89315701.jpg 0 0 0 1 0 0 0 0 0 0 0 0 0 0 1 0 1 0 0 1 0
images/backpackers/0496_325954424.jpg 0 0 0 0 0 0 0 0 0 0 0 0 1 0 0 0 0 0 0 0 0
images/penguin/0020_118921455.jpg 1 0 0 0 0 0 0 0 1 0 0 0 0 0 1 0 1 0 0 1 0
images/ships/0377_2480044829.jpg 0 1 0 1 0 0 0 0 1 0 0 0 0 0 1 0 0 0 1 0 0
images/house/0366_1218354238.jpg 0 0 0 0 0 1 0 0 0 0 1 0 0 0 1 0 0 0 0 0 0
images/glacier/0459_137537784.jpg 0 0 0 1 0 1 0 1 0 0 1 0 0 1 1 1 0 0 0 0 0
images/pole/0556_189334824.jpg 0 0 0 1 0 0 0 0 1 1 0 0 0 0 1 0 0 0 0 1 0
images/islands/0087_85580025.jpg 0 1 0 1 0 0 1 0 1 0 0 0 0 0 1 0 0 0 0 1 0
images/swimmer/0068_1432450513.jpg 0 0 0 1 0 0 1 0 1 0 0 0 0 0 1 0 0 0 0 1 0
images/scotland/0485_379394748.jpg 0 0 0 1 0 0 0 1 0 0 0 0 0 0 1 0 0 0 0 1 0
images/pickup_truck/0361_473953129.jpg 0 0 0 0 0 1 0 0 0 0 1 0 1 0 0 0 0 0 1 0 1
images/dancing/0088_419328896.jpg 0 1 0 0 0 0 0 0 0 1 0 0 0 0 0 0 0 0 0 0 0
images/fawn/0348_1288346900.jpg 1 0 0 0 0 0 0 0 0 1 0 0 0 0 0 0 0 0 0 0 0
images/penguin/0269_326403399.jpg 1 0 0 1 0 0 0 0 1 0 0 0 0 0 1 1 0 0 0 1 0
images/radar/0422_2773944557.jpg 0 0 0 0 0 1 0 0 0 1 0 0 1 0 1 0 0 0 0 0 0
images/basket/0457_2546134089.jpg 0 0 0 1 0 0 0 0 0 1 0 0 0 0 1 0 0 0 0 0 0
images/outdoor/0350_212087773.jpg 0 0 0 0 0 0 1 1 0 0 0 0 0 1 1 0 0 0 0 1 0
images/rapids/0006_2169833608.jpg 0 0 0 1 0 0 0 0 0 0 0 0 0 1 1 1 0 0 0 1 0
images/cactus/0220_119273934.jpg 0 0 0 0 1 0 0 0 0 0 0 0 0 0 0 0 0 0 0 0 0
images/beach/0297_153158935.jpg 0 0 0 1 0 0 0 0 1 0 0 0 0 0 1 0 1 0 0 1 0
images/horizon/0583_2577564384.jpg 0 1 0 1 0 0 0 0 1 0 0 1 0 0 1 0 0 0 0 1 0
images/row/0545_2179927466.jpg 0 0 1 0 0 0 0 0 0 0 0 0 0 0 1 0 0 0 0 0 1
images/cables/0016_518868227.jpg 0 0 1 1 0 0 0 0 0 0 0 0 1 0 1 0 0 0 0 0 0
images/pattern/0024_2270282588.jpg 0 0 0 0 0 0 0 0 0 0 0 0 0 0 1 1 0 0 0 0 0
images/shrubs/0318_1548942517.jpg 0 0 0 0 0 0 0 0 0 0 0 0 0 0 0 0 0 1 0 1 0
images/f-16/0507_2601450616.jpg 0 0 0 1 0 0 0 0 0 0 0 0 0 0 1 0 0 0 0 0 0
images/athlete/0328_415287648.jpg 0 1 0 1 0 0 0 0 0 1 0 0 0 0 1 0 0 0 0 0 0
images/bay/0585_348865933.jpg 0 0 0 0 0 0 0 1 0 0 0 0 0 1 0 1 0 0 0 0 0
images/lighthouse/0332_303346479.jpg 0 1 0 0 0 0 1 0 1 0 0 0 0 0 1 0 0 0 0 1 0
images/adult/0412_332482047.jpg 0 0 0 0 0 0 1 1 0 0 1 0 0 0 1 0 0 0 0 1 0
images/boeing/0243_126794792.jpg 0 0 0 1 0 0 0 0 0 0 0 0 0 0 1 0 0 0 1 0 0
images/bicycle/0012_740838929.jpg 0 0 0 0 0 0 0 0 0 1 0 0 0 0 0 0 0 0 0 0 1
images/column/0506_2401467736.jpg 0 0 0 0 0 0 0 0 1 0 0 0 0 0 0 0 0 0 0 0 0
images/hangar/0240_193625741.jpg 0 0 0 0 0 0 0 0 0 0 0 0 0 0 0 0 0 0 0 0 1
images/shooting/0391_2466121059.jpg 0 0 0 0 0 0 0 0 0 1 0 0 0 0 0 0 0 0 0 0 0
images/suits/0060_2291655881.jpg 0 0 0 0 0 0 0 0 0 0 0 0 0 0 0 1 0 0 0 0 0
images/shore/0420_2544665753.jpg 0 1 0 0 0 0 0 0 1 1 0 0 0 0 1 0 0 0 0 1 0
images/adult/0453_299580647.jpg 1 0 0 0 0 0 0 0 0 0 0 0 0 0 0 0 0 0 0 0 0
images/elephants/0257_2236126318.jpg 1 0 0 0 0 0 0 0 1 0 0 0 0 0 0 0 0 0 0 0 0
images/pack/0202_2691241907.jpg 1 0 0 0 0 0 0 0 0 0 0 0 0 0 0 1 0 0 0 0 0
images/trail/0533_2254236982.jpg 0 0 0 0 0 1 0 0 0 0 1 0 0 0 0 0 0 1 0 0 0
images/coast/0531_398406099.jpg 0 1 0 1 0 0 0 0 1 0 0 0 0 0 1 0 1 0 0 1 0
images/palm/0533_2214881958.jpg 0 0 0 1 0 1 0 0 0 0 1 0 0 0 1 0 0 0 0 0 0
images/shrine/0276_375198774.jpg 0 0 0 0 0 0 0 0 0 0 0 0 0 0 1 0 0 0 0 0 0
images/pups/0602_2348292802.jpg 1 0 0 0 0 0 0 0 0 0 0 0 0 0 0 0 0 0 0 0 0
images/rodent/0433_221989828.jpg 1 0 0 0 0 0 0 0 0 0 0 0 0 0 0 0 0 0 0 0 0
images/storm/0452_2453199032.jpg 0 1 0 1 0 0 0 0 1 0 0 0 0 0 1 0 0 0 0 0 0
images/cars/0518_93678842.jpg 0 0 0 0 0 0 0 0 0 0 0 0 1 0 0 0 0 0 0 0 0
images/helicopters/0069_233097963.jpg 0 0 1 0 0 0 0 0 0 0 0 0 0 0 0 0 0 0 1 0 1
images/bay/0331_254064607.jpg 0 0 1 0 0 0 1 0 1 0 0 1 0 0 1 0 1 0 0 1 0
images/sponges/0432_2268506378.jpg 0 0 0 0 0 0 0 0 0 0 0 0 0 0 0 0 0 0 0 1 0
images/house_of_worship/0015_2433742544.jpg 0 0 0 1 0 0 0 0 0 0 0 0 0 0 1 0 0 0 0 0 0
images/beggar/0499_2221217091.jpg 0 0 0 0 0 0 0 0 0 1 0 0 1 0 0 0 0 0 0 0 0
images/castle/0277_2246562943.jpg 0 0 1 0 0 0 1 0 0 0 0 1 0 1 0 0 0 0 0 1 0
images/sun/0005_2521736171.jpg 0 0 0 1 0 1 0 0 0 0 1 0 0 0 1 0 0 0 0 0 0
images/elk/0050_2699625631.jpg 0 0 0 1 0 0 1 0 0 0 0 1 0 0 1 0 1 0 0 0 0
images/dogs/0402_2654943085.jpg 0 0 0 1 0 0 0 1 0 0 0 0 0 1 1 1 0 0 0 1 0
images/giraffe/0213_527455832.jpg 1 0 0 1 0 1 0 0 0 0 0 0 0 0 1 0 0 0 0 0 0
images/fence/0289_500589419.jpg 0 0 0 1 0 1 0 0 0 0 0 0 0 0 1 0 0 0 0 0 0
images/harvest/0538_56509808.jpg 0 0 0 0 0 1 0 0 0 0 1 0 0 0 0 0 0 0 0 0 0
images/log/0508_2536156805.jpg 0 0 0 0 0 1 0 0 0 0 1 1 0 1 0 0 0 0 0 1 0
images/kit/0056_231080402.jpg 0 0 0 1 0 0 1 0 1 0 0 1 0 0 1 0 1 0 0 1 0
images/toll_booth/0245_355680365.jpg 0 0 0 0 0 0 0 0 0 0 0 0 1 0 0 0 0 0 0 0 1
images/stadium/0576_2531051266.jpg 0 0 0 0 0 1 0 0 0 0 0 0 0 0 1 0 0 1 0 0 0
images/reefs/0604_2131933220.jpg 0 0 0 1 0 0 0 0 1 0 0 0 0 0 1 0 0 0 0 0 0
images/talking/0451_315185567.jpg 0 0 0 1 0 0 0 0 1 1 0 0 0 0 1 0 0 0 0 1 0
images/cliff/0401_2471899538.jpg 0 0 0 0 0 0 0 0 0 0 0 0 0 1 0 0 0 0 0 0 0
images/grain_elevator/0004_2168492221.jpg 0 0 0 0 0 0 0 0 0 0 0 0 0 0 1 1 0 0 0 0 0
images/warehouse/0320_2272589221.jpg 0 0 1 0 0 0 0 0 0 0 0 0 0 0 1 0 0 0 0 0 0
images/bridges/0440_189336265.jpg 0 1 1 1 0 0 1 0 1 0 0 1 0 0 0 0 0 0 0 1 0
images/maui/0245_301472600.jpg 0 1 0 1 0 0 1 0 1 0 0 0 0 1 1 0 1 0 0 1 0
images/wings/0366_2371930261.jpg 0 0 0 0 1 0 0 0 0 1 0 0 0 0 0 0 0 0 0 0 0
images/silhouette/0551_281582.jpg 0 0 0 0 0 0 0 0 0 0 0 1 0 0 0 0 0 0 0 0 0
images/nuclear_powerplants/0001_2094385242.jpg 0 0 0 0 0 0 1 0 1 0 0 0 0 0 1 0 0 0 0 1 0
images/race/0442_762973600.jpg 0 0 1 0 0 0 0 0 0 0 0 0 0 0 0 0 0 0 1 0 1
images/skiing/0577_2068114661.jpg 0 0 0 1 0 0 0 1 0 0 0 0 0 1 1 1 0 0 0 0 0
images/lynx/0370_2336988956.jpg 0 0 0 0 0 1 0 0 0 0 0 0 1 0 0 0 0 0 1 0 0
images/pebbles/0297_448468601.jpg 0 1 0 1 0 0 1 0 0 0 0 0 0 1 1 0 0 0 0 0 0
images/oahu/0415_2420520824.jpg 0 1 0 1 0 0 0 0 1 0 0 0 0 0 0 0 0 0 0 1 0
images/power_plant/0453_2470802634.jpg 0 0 1 1 0 0 1 0 0 0 0 1 0 0 1 0 1 0 0 0 0
images/jeep/0280_2379396023.jpg 0 1 0 1 0 0 0 0 0 0 0 0 1 0 1 0 0 0 1 1 0
images/rowboat/0509_387523840.jpg 0 0 0 1 0 0 1 0 0 0 0 0 0 0 1 0 1 0 0 1 0
images/birds/0277_432104842.jpg 1 0 0 0 0 0 0 0 0 0 0 0 0 0 0 0 0 0 0 1 0
images/fog/0493_198824017.jpg 0 0 0 0 0 0 0 0 0 0 0 0 1 0 1 0 0 1 0 0 0
images/barracks/0322_100109377.jpg 0 0 0 0 0 0 0 0 0 0 0 0 0 0 0 1 0 0 0 0 0
images/harvest/0273_205293795.jpg 0 0 0 1 0 0 0 0 0 0 1 0 1 0 1 0 0 0 0 0 0
images/bicycle/0369_1491195763.jpg 0 0 0 1 0 0 0 0 0 1 0 0 0 0 0 0 0 0 0 0 0
images/swimmers/0445_1231338926.jpg 0 1 0 1 0 0 0 0 1 0 0 0 0 0 1 0 0 0 0 1 0
images/harbors/0508_1488585854.jpg 0 0 0 1 0 0 1 0 1 0 0 0 0 0 1 0 0 0 0 1 0
images/dunes/0548_2523783705.jpg 0 0 0 0 0 1 0 0 0 0 0 0 0 0 0 0 0 0 0 0 0
images/machine_guns/0438_1440456514.jpg 0 0 0 1 0 0 0 0 0 1 0 0 0 0 1 0 0 0 0 0 1
images/glacier/0284_1373355048.jpg 0 0 0 1 0 0 0 1 0 0 0 0 0 1 1 1 0 0 0 0 0
images/vegetation/0391_511807121.jpg 1 0 0 0 0 1 0 0 0 0 1 0 0 0 0 0 0 0 0 0 0
images/pool/0490_1385564717.jpg 0 0 1 0 0 0 0 0 0 0 0 1 0 0 0 0 0 0 0 1 1
images/nets/0665_17322066.jpg 0 1 0 1 0 0 0 0 0 0 0 0 0 0 1 0 0 0 0 1 0
images/pepper/0023_1704897243.jpg 0 0 0 0 0 0 0 0 0 0 1 0 0 0 0 0 0 0 0 0 0
images/swimming/0386_169376299.jpg 0 0 0 0 0 0 0 1 0 1 0 0 0 0 0 0 0 0 0 0 0
images/judge/0440_1196991803.jpg 0 0 0 0 0 0 0 0 0 0 0 0 1 0 0 0 0 0 1 0 1
images/sidewalk/0514_2218020378.jpg 0 0 0 0 0 0 0 0 0 1 0 0 0 0 0 1 0 0 0 0 0
images/cruise_liner/0373_1925460041.jpg 0 0 0 1 0 0 1 0 1 0 0 0 0 1 1 0 0 0 0 1 0
images/pagoda/0523_2386455899.jpg 0 0 0 1 0 0 0 0 0 0 0 0 0 0 1 0 0 1 0 0 0
images/moose/0295_2532381674.jpg 1 0 0 0 0 1 0 0 0 0 0 0 0 0 0 0 0 0 0 0 0
images/mountain/0583_17197525.jpg 0 0 0 0 0 0 0 1 0 0 0 0 0 0 0 0 0 0 0 0 1
images/african/0572_2311170545.jpg 0 0 0 0 0 0 0 0 0 1 0 0 0 0 0 0 0 0 0 0 0
images/building/0368_2241509578.jpg 0 0 0 0 0 0 0 0 0 0 0 0 0 0 0 1 0 0 0 0 0
images/cul-de-sac/0219_179538995.jpg 0 0 1 0 0 1 0 0 0 0 0 0 1 0 1 0 0 0 0 0 1
images/jeep/0425_2483589357.jpg 0 0 0 1 0 0 1 0 0 0 0 0 0 0 1 0 0 0 0 0 1
images/dog/0326_259210989.jpg 1 1 0 1 0 0 1 0 1 0 0 0 0 0 1 0 0 0 0 1 0
images/sailboats/0586_2534782830.jpg 0 0 0 0 0 0 0 0 1 0 0 0 0 0 0 0 0 0 0 1 0
images/tree/0434_459768741.jpg 0 0 0 0 0 0 0 0 0 0 0 0 0 0 1 0 1 1 0 0 0
images/river_bank/0093_503914189.jpg 0 0 0 1 0 0 1 0 0 0 0 1 1 0 1 0 1 0 0 1 0
images/laundry_room/0559_2102534490.jpg 0 0 0 0 0 0 0 0 0 1 0 0 0 0 0 0 0 0 0 0 0
images/glacier/0390_24116017.jpg 0 0 0 0 0 0 0 0 0 0 0 0 1 1 1 1 0 0 0 0 0
images/rocks/0281_850431817.jpg 0 0 0 0 0 1 0 1 0 0 0 0 0 1 1 0 0 0 0 1 0
images/tundra/0535_254453942.jpg 0 0 0 0 0 1 0 1 0 0 1 0 0 0 0 0 0 0 0 0 0
images/garden/0379_474010077.jpg 0 0 0 0 1 0 0 0 0 0 1 0 0 0 0 0 0 0 0 0 0
images/mast/0248_485738753.jpg 0 0 0 1 0 0 0 0 0 0 0 0 0 0 1 0 1 0 0 0 0
images/flowers/0320_1334843275.jpg 0 0 0 0 1 0 0 0 0 0 1 0 0 0 0 0 0 0 0 0 0
images/hats/0032_2177850574.jpg 0 1 0 0 0 0 0 0 0 1 0 0 0 0 0 0 0 0 0 1 0
images/gas_station/0524_2452329404.jpg 0 0 0 0 0 0 0 0 0 0 0 0 1 0 0 0 0 0 1 0 0
images/swimmers/0344_165609536.jpg 0 0 0 0 0 0 0 0 0 1 0 0 0 0 0 0 0 0 0 1 0
images/rockface/0221_268317771.jpg 0 0 0 0 0 0 1 1 1 0 1 1 0 0 1 0 0 0 0 1 0
images/motorcycle/0387_8919348.jpg 0 0 0 0 0 1 0 0 0 0 0 0 0 0 0 0 0 0 1 0 0
images/insect/0581_374682163.jpg 1 0 0 0 0 0 0 0 0 0 0 0 0 0 0 0 0 0 0 0 0
images/tent/0344_415809558.jpg 0 0 0 0 0 0 0 1 0 0 0 0 0 0 1 1 0 0 0 1 0
images/carpet/0042_2176400374.jpg 0 0 0 0 1 0 0 0 0 0 0 0 0 0 0 0 0 0 0 0 0
images/range/0478_2469897125.jpg 0 0 1 0 0 0 0 0 0 0 0 0 0 0 1 0 0 0 0 0 1
images/glacier/0516_664696564.jpg 0 0 0 0 0 0 0 1 0 0 0 0 0 1 0 1 0 0 0 1 0
images/trail/0575_2295883124.jpg 0 0 0 0 0 0 0 0 0 0 1 0 0 0 0 1 0 1 0 0 0
images/canal/0256_224344724.jpg 0 0 0 1 0 0 0 0 0 0 0 1 0 0 1 0 0 0 0 0 0
images/trunk/0379_522078629.jpg 0 0 0 0 0 0 0 0 0 0 1 0 0 0 0 0 0 1 0 0 0
images/slope/0059_229917630.jpg 1 0 0 0 0 1 0 0 0 0 0 0 0 0 1 0 0 0 0 0 0
images/flags/0685_297340405.jpg 0 0 1 0 0 0 0 0 0 0 0 0 0 0 1 0 0 0 0 0 0
images/park/0683_8522615.jpg 0 0 0 0 1 0 0 0 0 0 1 0 0 0 0 0 0 0 0 0 0
images/barge/0471_1348223872.jpg 0 0 0 0 0 0 1 0 0 0 0 1 0 0 1 0 0 0 0 1 1
images/grouper/0276_2232560010.jpg 1 0 0 0 0 0 0 0 1 0 0 0 0 0 0 0 0 0 0 1 0
images/kauai/0240_1456331034.jpg 0 0 0 1 0 0 0 1 1 0 0 0 0 0 1 0 0 0 0 1 0
images/marine/0395_534652178.jpg 1 0 0 0 0 0 0 0 1 0 0 0 0 0 0 0 0 0 0 1 0
images/bicycles/0383_2036397565.jpg 0 0 0 0 0 0 0 0 0 0 0 0 1 0 0 0 0 0 0 0 0
images/throwing/0331_2340143217.jpg 0 0 0 0 0 0 0 0 0 1 0 0 0 0 1 0 0 0 0 0 0
images/court/0085_1373606381.jpg 0 0 0 0 0 1 1 0 0 0 0 1 0 0 1 0 0 0 0 1 0
images/butterfly/0328_251221043.jpg 1 0 0 0 0 0 0 0 0 0 0 0 0 0 0 0 0 0 0 0 0
images/meeting/0023_442324810.jpg 0 0 0 0 0 0 0 0 0 1 0 0 0 0 0 0 0 0 0 0 0
images/frost/0049_2259775855.jpg 0 0 0 0 0 0 0 0 0 0 0 0 0 0 0 1 0 0 0 1 0
images/seals/0060_837174138.jpg 0 0 0 1 0 0 1 0 1 0 0 0 0 0 1 0 1 0 0 1 0
images/costume/0448_1379956557.jpg 0 1 0 0 0 0 0 0 0 1 0 0 0 0 0 0 0 0 0 0 0
images/silhouette/0587_226648441.jpg 0 0 0 1 0 0 0 0 0 0 0 0 0 0 1 0 1 0 0 1 0
images/lawn/0461_2670577757.jpg 0 0 0 0 0 1 0 0 0 0 1 0 0 0 0 0 0 1 0 0 0
images/bay/0417_2146833698.jpg 0 0 0 1 0 0 1 0 1 0 0 0 0 0 1 0 1 0 0 1 0
images/ship/0650_408395722.jpg 0 0 0 0 0 0 1 0 1 0 0 0 0 0 1 0 1 0 0 1 0
images/buildings/0284_63850846.jpg 0 0 1 1 0 0 0 0 0 0 0 0 0 0 1 0 0 0 0 0 0
images/trail/0514_2458093672.jpg 0 0 0 0 0 1 0 0 0 0 0 0 0 1 0 0 0 0 0 1 0
images/bicycles/0054_2505374280.jpg 0 0 0 0 0 0 0 0 0 0 0 0 1 0 1 0 0 0 0 0 0
images/tiger/0301_2311723565.jpg 1 0 0 0 0 0 1 0 0 0 0 0 0 0 0 0 0 0 0 0 0
images/office_building/0413_2185068122.jpg 0 0 1 0 0 0 0 0 0 0 0 0 0 0 0 0 0 0 1 0 1
images/lakes/0233_2565784561.jpg 0 0 0 1 0 0 1 1 0 0 0 1 0 0 1 0 0 0 0 1 0
images/castle/0507_408520754.jpg 0 0 0 0 0 1 0 0 0 0 0 1 0 0 0 0 0 0 0 1 0
images/reefs/0589_2320383084.jpg 0 0 0 0 0 0 1 0 1 0 0 0 0 0 1 0 0 0 0 1 0
images/rodent/0522_93706966.jpg 1 0 0 0 0 0 0 0 0 0 0 0 0 0 0 0 0 0 0 0 0
images/mare/0540_441822145.jpg 0 0 0 1 0 0 1 0 0 0 0 0 0 0 1 0 1 0 0 1 0
images/glacier/0226_2274212015.jpg 0 0 0 1 0 0 0 1 0 0 0 0 0 0 1 1 0 0 0 0 0
images/dancing/0547_2229795069.jpg 0 0 0 1 0 0 1 0 0 0 0 0 0 0 1 1 0 0 0 1 0
images/peaks/0562_534060556.jpg 0 0 0 0 0 0 1 1 0 0 0 1 0 0 1 0 0 0 0 1 0
images/flowers/0421_452280968.jpg 0 0 0 0 1 0 0 0 0 0 1 0 0 0 0 0 0 0 0 0 0
images/bench/0583_2083065989.jpg 0 0 0 1 0 1 1 0 1 0 0 0 0 0 1 0 1 1 0 1 0
images/porches/0317_119920484.jpg 0 0 1 0 0 0 0 0 0 0 0 0 0 0 1 0 0 0 0 0 1
images/beach/0227_2169773582.jpg 0 0 0 1 0 0 0 0 1 0 0 0 0 0 1 0 1 0 0 0 0
images/peaks/0255_197285941.jpg 0 0 0 0 1 1 0 0 0 0 1 0 0 0 0 0 0 0 0 0 0
images/frost/0357_2339162176.jpg 0 0 0 0 0 0 0 1 0 0 0 0 0 0 1 1 0 0 0 1 1
images/chairs/0379_2284598736.jpg 0 0 0 0 0 0 0 0 0 0 0 1 0 0 0 0 0 0 0 1 0
images/freighter/0354_1501710736.jpg 0 0 0 1 0 1 0 0 0 0 0 0 1 0 1 0 0 0 0 0 0
images/lake/0275_141225349.jpg 0 0 0 1 0 0 1 1 1 0 1 0 0 1 1 0 1 0 0 1 0
images/railroad/0086_133044520.jpg 0 0 0 0 0 1 0 0 0 0 0 0 0 0 0 0 0 0 1 0 1
images/glacier/0262_570375113.jpg 0 0 0 1 0 0 1 0 0 0 0 0 0 0 1 1 0 0 0 1 0
images/orchid/0307_2199745340.jpg 0 0 0 0 1 0 0 0 0 0 1 0 0 0 0 0 0 0 0 0 0
images/lighthouse/0486_475075557.jpg 0 0 0 1 0 1 1 0 0 0 0 0 0 0 1 0 1 0 0 1 0
images/river_bank/0057_2474949991.jpg 0 0 0 0 0 0 1 0 0 0 0 1 0 0 1 0 0 0 0 1 0
images/cooling_tower/0055_2558976860.jpg 0 0 0 1 0 0 1 0 0 0 1 1 0 0 1 0 0 0 0 1 0
images/skiing/0006_363330005.jpg 0 0 0 0 0 0 0 0 0 0 0 0 0 0 1 1 0 0 0 0 0
images/cottage/0459_2167195770.jpg 0 0 0 1 0 0 1 0 0 0 0 0 0 0 1 0 1 0 0 1 0
images/room/0327_481038243.jpg 0 0 1 0 0 1 0 0 0 0 0 0 0 0 1 0 0 0 0 0 1
images/protesters/0597_49182955.jpg 0 0 0 0 0 0 0 0 0 0 0 0 1 0 0 0 0 0 0 0 0
images/meadow/0085_2651799191.jpg 0 0 0 0 1 0 0 0 0 0 1 0 0 0 0 0 0 0 0 0 0
images/suburban/0096_2573796385.jpg 0 0 0 0 0 1 0 0 0 0 0 0 1 0 1 0 0 0 0 0 0
images/outdoor/0432_1063909466.jpg 0 1 0 1 0 0 0 0 1 1 0 1 0 0 0 0 0 0 0 1 0
images/ship/0697_1771760884.jpg 0 0 0 0 0 0 0 0 0 0 0 0 0 0 0 0 0 0 0 1 0
images/lakes/0452_95227820.jpg 0 0 0 0 0 0 1 1 0 0 0 0 0 1 1 0 0 0 0 1 0
images/penguin/0376_1342675414.jpg 1 1 0 0 0 0 0 0 1 0 0 0 0 0 0 0 0 0 0 1 0
images/coast/0264_1405842993.jpg 0 1 0 1 0 0 1 0 1 0 0 1 0 0 1 0 0 0 0 1 0
images/race/0509_2566249778.jpg 0 0 0 0 0 0 0 0 0 1 0 0 1 0 0 0 0 0 0 0 0
images/dance/0588_2320452881.jpg 0 1 0 1 0 0 0 0 1 1 0 0 0 0 1 0 0 0 0 1 0
images/column/0373_2184789320.jpg 0 0 1 1 0 0 0 0 0 0 0 0 0 0 1 0 1 0 0 0 0
images/mare/0098_45279398.jpg 0 0 0 1 0 0 1 0 0 0 0 0 0 0 1 0 0 0 0 0 0
images/garden/0374_412034289.jpg 0 0 0 0 0 0 1 0 0 0 0 1 0 0 0 0 0 1 0 0 0
images/valleys/0279_2710291309.jpg 0 0 0 0 0 0 0 1 0 0 0 0 0 1 0 0 0 0 0 0 0
images/hills/0275_249020416.jpg 0 0 0 1 0 0 1 0 1 0 0 0 0 1 1 0 1 0 0 1 0
images/groom/0399_151603180.jpg 0 0 0 1 1 0 0 0 0 1 0 0 0 0 1 0 0 0 0 0 0
images/mare/0510_2611046645.jpg 0 0 0 0 0 0 1 0 0 0 0 1 0 0 1 0 0 0 0 1 0
images/reefs/0068_32374907.jpg 0 0 0 0 0 0 0 0 0 1 0 0 0 0 0 0 0 0 0 1 0
images/church/0250_2242945016.jpg 0 0 1 0 0 0 0 0 0 0 0 0 0 0 1 1 0 0 0 0 1
images/orchid/0418_2325503390.jpg 0 0 0 0 1 0 0 0 0 0 0 0 0 0 0 0 0 0 0 0 0
images/cockpit/0214_1716598310.jpg 0 0 1 1 0 0 1 0 0 0 0 0 0 0 1 0 0 0 0 1 0
images/chapel/0437_2124902448.jpg 0 0 0 1 0 0 0 0 0 0 0 0 0 0 1 0 0 0 0 0 0
images/boy/0581_2275150044.jpg 0 0 0 1 0 0 0 0 0 1 0 0 0 0 1 0 0 0 0 0 0
images/tortoise/0461_524639877.jpg 0 1 0 0 0 0 0 0 1 1 0 0 0 0 0 0 0 0 0 0 0
images/peaks/0304_108166329.jpg 0 0 0 1 0 0 0 1 0 0 0 0 0 1 1 0 0 0 0 0 0
images/barge/0378_849715286.jpg 0 0 0 1 0 1 0 0 0 0 0 1 0 0 0 0 0 0 0 1 0
images/lily/0313_1040652477.jpg 0 0 0 0 1 0 0 0 0 0 1 0 0 0 0 0 0 0 0 0 0
images/architecture/0575_1452690335.jpg 0 0 1 0 0 1 0 0 0 0 0 0 0 0 1 0 0 0 0 0 0
images/aqueduct/0430_1986578331.jpg 0 0 0 0 0 0 0 0 0 0 0 1 0 0 1 0 0 0 0 1 0
images/glacier/0257_128007203.jpg 0 0 0 0 0 0 0 1 0 1 0 0 0 0 1 1 0 0 0 0 0
images/urban_scenes/0419_535081067.jpg 0 0 1 1 0 0 1 0 1 0 0 0 1 0 1 0 0 0 0 1 0
images/islands/0280_424990166.jpg 0 0 0 1 0 0 0 1 0 0 0 0 0 0 1 0 1 0 0 0 0
images/flags/0035_688155019.jpg 0 0 0 1 0 0 0 0 0 0 0 0 0 0 1 0 0 0 1 1 0
images/seals/0091_1526327437.jpg 1 0 0 0 0 0 0 0 0 0 0 0 0 0 0 0 0 0 0 1 0
images/windows/0534_2267893498.jpg 0 1 0 1 0 0 1 0 1 0 0 0 0 0 1 0 0 0 0 0 0
images/tugboat/0532_421651335.jpg 0 0 0 0 0 0 0 0 0 0 0 0 0 0 1 0 0 0 1 1 0
images/star/0379_1425378024.jpg 0 0 0 0 0 0 0 0 0 0 0 0 0 0 1 0 0 0 0 0 0
images/zebra/0367_2486617971.jpg 1 0 0 0 0 1 0 0 0 1 0 0 0 0 1 0 0 0 0 0 0
images/coral/0578_189917372.jpg 0 0 0 0 0 0 0 0 0 0 0 0 0 0 1 0 1 0 0 1 0
images/photographers/0559_278355272.jpg 0 0 0 1 0 0 0 0 0 0 1 0 0 0 1 0 0 0 0 1 0
images/stone/0517_389454571.jpg 0 0 0 1 0 0 0 1 0 0 0 0 0 1 1 0 0 0 0 0 0
images/tugboat/0059_2232111560.jpg 0 0 1 0 0 0 1 0 0 0 0 0 0 0 0 0 0 0 0 1 0
images/petals/0380_2489836051.jpg 0 0 0 0 1 0 0 0 0 0 1 0 0 0 0 0 0 0 0 0 0
images/apartments/0306_2201410957.jpg 0 0 1 1 0 0 0 0 1 0 0 0 0 0 1 0 0 0 0 0 0
images/sand/0588_2300447649.jpg 0 1 0 1 0 0 1 0 1 0 0 1 0 0 1 0 1 0 0 1 0
images/islands/0203_2633404544.jpg 0 0 0 1 0 0 0 0 0 0 1 0 0 0 1 0 1 1 0 1 0
images/rapids/0552_405466750.jpg 0 0 0 0 0 1 0 0 0 0 0 0 0 0 0 0 0 0 0 0 0
images/oahu/0455_137195308.jpg 0 1 0 1 0 0 1 0 1 1 0 0 0 0 1 0 0 0 0 1 0
images/fox/0287_2724051488.jpg 0 0 0 1 0 0 0 0 0 0 0 0 0 0 1 0 0 0 1 0 0
images/ceremony/0350_321116682.jpg 0 0 0 0 0 0 0 0 0 1 0 0 0 0 0 0 0 0 0 0 0
images/reptile/0046_421409744.jpg 1 0 0 0 0 0 0 0 0 0 0 0 0 0 1 0 0 0 0 0 0
images/sailboats/0568_1401671275.jpg 0 0 0 0 0 0 0 0 1 0 0 0 0 0 0 0 0 0 0 1 0
images/old_people/0316_21911277.jpg 0 0 0 1 0 0 0 0 0 1 0 0 1 0 1 0 0 0 0 1 0
images/remains/0319_352024897.jpg 0 1 0 1 0 0 0 0 1 0 0 0 0 0 1 0 0 0 0 1 0
images/mug/0451_2284291980.jpg 0 0 0 0 0 0 0 0 0 1 0 0 0 0 0 0 0 0 0 0 0
images/greenhouse/0302_2304659406.jpg 0 0 0 0 1 0 0 0 0 0 1 0 0 0 0 0 0 0 0 0 0
images/monastery/0342_2405618095.jpg 0 0 0 0 0 0 0 0 0 0 0 0 0 0 1 0 0 0 0 0 1
images/birds/0485_275714112.jpg 1 0 0 0 0 0 0 0 0 0 0 0 0 0 1 0 0 0 0 1 0
images/freighter/0598_152933593.jpg 0 0 0 1 0 1 0 0 0 0 0 0 0 0 1 0 0 0 1 1 0
images/dog/0039_812894.jpg 1 0 1 0 0 1 0 0 0 0 0 0 0 0 0 0 0 0 0 0 0
images/model/0546_2493373488.jpg 0 0 0 0 0 0 0 0 0 1 0 0 0 0 0 0 0 0 0 0 0
images/whales/0463_243821442.jpg 1 0 0 0 0 0 1 0 1 0 0 0 0 0 0 0 0 0 0 1 0
images/balcony/0622_2460093156.jpg 0 0 0 0 1 0 0 0 0 0 1 0 0 0 0 0 0 0 0 0 1
images/fox/0402_2454277682.jpg 0 0 0 1 0 0 1 1 0 0 0 0 0 0 1 0 1 0 0 0 0
images/white_house/0542_2296101507.jpg 0 0 1 0 0 0 0 0 0 0 0 0 0 0 1 1 0 0 0 0 1
images/herd/0588_2634705262.jpg 1 0 0 0 0 1 0 0 0 0 0 0 0 0 0 0 0 0 0 0 0
images/door/0221_159334604.jpg 0 0 0 0 0 0 0 0 0 0 1 0 0 0 0 0 0 0 0 0 0
images/roofs/0038_2319015477.jpg 0 0 0 1 0 0 0 0 0 0 0 0 0 0 1 0 0 0 0 0 0
images/ice_skating/0641_74613112.jpg 0 0 1 0 0 0 0 0 0 0 0 0 1 0 0 0 0 0 0 0 0
images/cactus/0001_476587935.jpg 0 0 0 0 1 0 0 0 0 0 1 0 0 0 0 0 0 0 0 0 0
images/snow/0071_403389197.jpg 0 0 0 0 0 0 0 0 0 0 0 0 0 0 0 1 0 0 0 0 0
images/detail/0374_2698111728.jpg 0 0 1 0 0 0 0 0 0 0 0 0 0 1 0 0 0 0 0 0 0
images/avalanche/0513_229520139.jpg 0 0 0 0 0 0 0 0 0 0 0 0 0 0 1 0 0 1 0 0 0
images/clearing/0575_516894447.jpg 0 0 0 1 0 1 0 1 0 0 0 0 0 1 1 0 0 0 0 0 0
images/waterways/0422_641420329.jpg 0 0 0 1 0 0 0 0 1 0 0 0 0 0 1 0 0 0 0 1 0
images/houseboat/0652_86962065.jpg 0 0 0 0 0 0 0 0 0 0 0 0 0 0 1 0 0 0 0 0 1
images/lynx/0327_115733095.jpg 1 0 0 0 0 0 0 0 0 0 0 0 0 0 0 1 0 0 0 0 0
images/office_building/0635_514320585.jpg 0 0 0 0 0 0 0 0 0 0 0 0 0 0 1 0 1 0 0 0 0
images/cars/0553_43027633.jpg 0 0 0 0 0 0 0 0 0 0 0 0 0 0 0 0 0 0 1 0 1
images/runway/0511_338591296.jpg 0 0 0 0 0 0 0 0 0 0 0 0 0 0 1 0 0 0 1 0 0
images/apartment_complex/0199_434752251.jpg 0 0 0 0 0 0 0 0 0 0 1 0 0 0 1 0 0 0 0 0 1
images/booby/0260_2160549166.jpg 0 1 0 1 0 1 1 0 1 0 0 0 0 0 1 0 0 0 0 1 0
images/aqueduct/0269_206328979.jpg 0 0 0 1 0 0 0 0 0 0 0 0 0 1 1 0 0 0 0 0 0
images/vegetables/0339_243434727.jpg 0 0 0 0 0 0 0 0 0 0 1 0 0 0 0 0 0 0 0 0 0
images/officers/0095_2439038567.jpg 0 0 0 0 0 0 0 0 0 1 0 0 1 0 0 0 0 0 1 0 1
images/hawaii/0022_1930470383.jpg 0 0 0 0 0 0 0 0 0 0 0 0 0 0 1 0 1 0 0 1 0
images/buddha/0466_2429072672.jpg 0 0 0 1 0 1 0 0 0 0 0 0 0 0 1 0 0 0 0 0 0
images/boeing/0573_2295061049.jpg 0 0 0 1 0 0 0 0 0 0 0 0 0 0 1 0 0 0 0 0 0
images/mule/0554_109341380.jpg 1 0 0 0 0 0 0 0 0 0 0 0 0 0 0 1 0 0 0 0 0
images/zoos/0373_612431361.jpg 1 0 0 0 0 0 0 0 0 0 1 0 0 0 0 0 0 0 0 0 0
images/aircraft_carrier/0043_987026189.jpg 0 0 0 1 0 0 0 0 1 0 0 0 0 0 1 0 0 0 0 1 0
images/meadow/0250_2406820919.jpg 0 0 0 0 1 1 0 0 0 0 1 0 0 0 0 0 0 0 0 0 0
images/decoration/0405_163074069.jpg 0 0 0 0 1 0 0 0 0 0 0 0 0 0 0 0 0 0 0 0 0
images/islands/0505_1442927558.jpg 0 0 0 1 0 0 0 1 0 0 0 0 0 0 1 0 0 0 0 0 0
images/officers/0518_2509648403.jpg 0 0 0 0 0 0 0 0 0 1 0 0 0 0 0 0 0 0 0 0 0
images/pair/0521_1267946715.jpg 0 0 1 0 0 0 0 0 0 1 0 0 0 0 0 0 0 0 0 0 0
images/cars/0318_2388089282.jpg 0 0 0 0 0 0 0 0 0 0 0 0 0 0 0 0 0 0 1 0 0
images/crops/0347_2432498126.jpg 0 0 0 1 0 1 0 0 0 0 0 0 0 0 1 0 0 0 0 0 0
images/meadow/0556_2126706445.jpg 0 0 0 0 0 0 0 0 0 0 0 0 0 0 1 1 0 1 0 0 0
images/plain/0243_1651465077.jpg 0 0 0 1 0 1 0 0 0 0 0 0 0 0 1 0 0 0 0 0 0
images/car_racing/0511_1463599252.jpg 0 0 0 0 0 0 0 0 0 0 0 0 1 0 0 0 0 0 1 0 0
images/elk/0427_191894727.jpg 1 0 0 1 0 1 1 1 0 0 0 0 0 1 1 0 0 0 0 0 0
images/blossoms/0459_2579251039.jpg 0 0 0 0 1 0 0 0 0 0 0 0 0 0 0 0 0 0 0 0 0
images/smoke/0056_932035.jpg 0 0 0 1 0 0 0 0 0 0 0 0 0 0 1 0 0 0 0 0 0
images/jet/0556_464610755.jpg 0 0 0 1 0 0 0 0 0 0 0 0 0 0 1 0 0 0 0 0 1
images/mosque/0437_1555588430.jpg 0 0 0 1 0 0 0 0 0 0 0 0 0 0 1 0 1 0 0 0 0
images/subway_station/0434_2336581638.jpg 0 0 1 0 0 0 0 0 0 0 0 0 0 0 0 0 0 0 0 0 1
images/lawyer/0293_411675751.jpg 0 0 1 0 0 0 0 0 0 0 0 0 0 0 0 0 0 0 0 0 1
images/frost/0418_2235283625.jpg 0 0 0 0 0 0 0 0 0 1 0 0 1 0 0 1 0 1 0 0 0
images/military_base/0051_192935541.jpg 0 0 0 1 0 0 0 0 0 0 0 0 0 0 1 0 0 0 0 0 0
images/frost/0498_2159607190.jpg 0 0 0 0 0 1 0 0 0 0 1 0 0 0 0 1 0 1 0 1 0
images/muslims/0002_255484340.jpg 0 0 0 0 0 0 0 0 0 1 0 0 0 0 0 0 0 0 0 0 0
images/orchid/0365_510749881.jpg 0 0 0 0 1 0 0 0 0 0 1 0 0 0 0 0 0 0 0 0 0
images/valleys/0621_1897633408.jpg 0 0 0 0 0 0 1 0 0 0 0 0 0 0 0 0 0 0 0 1 0
images/college/0267_2305946337.jpg 0 0 0 1 0 0 0 0 0 0 0 0 0 0 0 0 0 1 0 0 0
images/volcano/0093_466208850.jpg 0 0 0 0 0 0 0 1 0 0 0 0 0 1 1 1 0 0 0 0 0
images/camels/0372_2114143552.jpg 1 0 0 0 0 0 0 0 0 1 0 0 0 0 0 0 0 0 0 0 0
images/peaks/0395_110656816.jpg 0 0 0 1 0 0 1 1 0 0 0 1 0 0 1 1 0 0 0 1 0
images/host/0065_47637001.jpg 0 1 0 0 0 0 0 0 1 1 0 0 1 0 1 0 0 0 0 1 0
images/pebbles/0502_455107838.jpg 0 0 0 0 0 0 0 0 1 0 0 0 0 1 0 0 0 0 0 1 0
images/tracks/0386_2458275145.jpg 0 0 0 1 0 0 1 0 0 0 0 0 0 0 1 0 1 0 0 1 0
images/tent/0566_2631192891.jpg 0 0 0 1 0 0 0 0 0 0 0 0 0 0 1 0 0 0 0 0 0
images/deer/0014_65150937.jpg 1 0 0 0 0 0 0 0 0 0 0 0 0 0 1 0 0 0 0 0 0
images/ground_crew/0400_117969179.jpg 0 0 0 1 0 1 0 0 0 0 0 0 1 0 1 0 0 0 0 0 0
images/mountain/0582_819478828.jpg 0 0 0 1 0 0 1 1 0 0 0 1 0 0 1 0 0 0 0 1 0
images/tree/0420_2545477801.jpg 0 0 0 0 0 1 0 0 0 0 1 0 0 0 1 0 0 1 0 0 0
images/tugboat/0389_294891723.jpg 0 0 0 0 0 0 0 0 0 1 0 1 0 0 1 0 0 0 1 1 1
images/mast/0308_2578279339.jpg 0 0 0 0 0 0 1 0 1 0 0 0 0 0 1 0 0 0 1 1 0
images/forest/0440_2067333807.jpg 0 0 0 1 0 1 0 0 0 0 0 0 0 0 1 0 0 1 0 0 0
images/fan/0323_2588055833.jpg 0 0 1 0 0 0 0 0 0 1 0 0 0 0 0 0 0 0 0 0 1
images/balcony/0219_521220832.jpg 0 0 0 0 1 1 0 0 0 0 0 0 0 0 1 0 0 0 0 0 0
images/refugees/0692_54481642.jpg 0 0 0 0 0 0 0 0 0 1 0 0 0 1 1 0 0 0 0 0 0
images/sailboats/0064_1441872334.jpg 0 0 0 0 0 0 0 0 1 0 0 0 0 0 0 0 0 1 0 1 0
images/baseball/0370_2527796586.jpg 0 0 0 1 0 0 0 0 0 0 0 0 0 0 1 0 1 0 0 0 0
images/lakes/0097_2127531874.jpg 0 0 0 0 0 0 1 0 0 0 0 1 0 0 1 0 0 0 0 1 0
images/actor/0610_1699271970.jpg 0 0 0 0 0 0 0 0 0 1 0 0 0 0 0 0 0 0 0 0 0
images/vegetables/0058_2611161839.jpg 0 0 0 0 1 0 0 0 0 0 1 0 0 0 0 0 0 0 0 0 0
images/prop/0469_2472892908.jpg 0 0 0 1 0 0 0 0 0 0 0 0 0 0 1 0 0 0 0 0 0
images/farms/0035_2202064827.jpg 0 0 0 1 0 1 1 0 0 0 0 1 0 0 1 0 0 0 0 1 0
images/mist/0575_2537613539.jpg 0 0 0 0 0 1 0 0 0 0 1 0 0 0 0 0 0 0 0 0 0
images/prop/0543_448705492.jpg 0 0 0 0 0 0 0 0 0 0 0 0 0 0 0 0 0 0 1 0 0
images/power_plant/0092_2228895145.jpg 0 0 0 1 0 0 1 1 0 0 0 1 0 0 1 0 0 0 0 1 0
images/fields/0337_2488242689.jpg 0 0 0 1 0 1 0 0 0 0 1 0 0 0 1 0 0 1 0 0 0
images/truck/0318_412943248.jpg 0 0 0 0 0 1 0 1 0 0 0 0 0 0 0 0 0 0 0 0 0
images/giant/0463_1119036272.jpg 0 0 0 1 0 0 0 0 0 0 0 0 0 1 1 0 0 0 0 0 0
images/pond/0437_2585121686.jpg 0 0 0 0 0 1 1 0 0 0 0 1 0 0 0 0 0 1 0 0 0
images/frost/0416_2344714975.jpg 0 0 0 1 0 0 0 0 0 0 0 0 0 0 1 1 0 0 0 0 1
images/windmills/0059_2121265866.jpg 0 0 0 0 0 0 0 0 0 0 0 0 1 0 1 0 0 0 0 0 0
images/ground/0661_473581975.jpg 0 0 0 0 0 0 0 0 0 0 1 0 0 0 0 0 0 0 0 0 0
images/pickup_truck/0599_2335509517.jpg 0 0 1 0 0 0 0 0 0 0 0 0 0 0 0 0 0 0 1 0 1
images/vineyard/0545_201948227.jpg 0 1 0 0 0 0 0 0 0 1 0 0 0 0 1 0 0 0 0 0 0
images/rose/0024_501724344.jpg 0 0 0 0 1 0 0 0 0 0 1 0 0 0 1 0 0 0 0 0 0
images/un_building/0089_2510764296.jpg 0 0 1 0 0 0 0 0 0 0 0 0 0 0 1 0 0 0 0 0 0
images/marsh/0327_1041332423.jpg 1 0 0 0 0 1 0 0 0 0 0 0 0 0 0 0 0 0 0 0 0
images/tornado/0668_2625253054.jpg 0 0 0 1 0 0 0 0 1 0 0 0 0 0 1 0 0 0 0 0 0
images/pagoda/0048_2120277142.jpg 0 0 1 1 0 0 0 0 0 0 0 0 0 0 1 0 0 0 0 0 0
images/aircraft_carrier/0085_300166968.jpg 0 0 0 1 0 0 1 0 1 0 0 0 0 0 1 0 0 0 0 1 0
images/cell_phones/0027_1050288558.jpg 0 0 0 0 0 0 0 0 0 1 0 0 0 0 0 0 0 0 1 0 1
images/mosque/0277_192745824.jpg 0 0 1 0 0 0 0 0 1 0 0 0 1 0 1 0 0 0 0 1 0
images/vehicle/0226_2237981374.jpg 0 0 1 0 0 0 0 0 0 0 0 0 0 0 0 1 0 0 1 0 0
images/saguaro/0497_2056006873.jpg 0 0 0 1 0 0 1 0 0 0 1 0 0 0 1 0 1 0 0 0 0
images/clock_tower/0589_130116938.jpg 0 0 0 0 0 0 0 0 0 0 0 0 0 0 1 0 0 1 0 0 0
images/palm/0485_1390798983.jpg 0 1 0 0 0 0 0 0 0 0 1 0 0 0 1 0 1 0 0 0 0
images/helicopters/0018_533567232.jpg 0 0 0 0 0 1 0 0 0 1 0 0 0 0 1 0 0 0 0 0 0
images/pyramid/0221_623840155.jpg 0 0 0 0 0 0 0 0 0 1 0 0 0 0 0 0 0 0 0 0 0
images/singing/0420_415293650.jpg 1 0 0 0 0 0 0 0 0 0 0 0 0 0 0 0 0 1 0 0 0
images/golf_course/0227_2502744169.jpg 0 0 0 0 0 1 0 0 0 0 0 0 0 0 1 0 0 1 0 0 0
images/body_parts/0295_1723631.jpg 0 0 0 0 0 0 0 0 0 0 0 0 1 0 0 0 0 0 0 0 0
images/run/0487_1708620194.jpg 0 1 0 1 0 0 0 0 1 1 0 0 0 0 1 0 0 0 0 1 0
images/barn/0470_64173982.jpg 0 0 0 1 0 1 0 0 0 0 0 0 0 0 1 0 0 0 0 0 0
images/facade/0430_2221624197.jpg 0 0 1 0 0 0 0 0 0 0 0 0 0 0 0 0 0 0 0 0 0
images/ice/0451_352928822.jpg 0 0 0 1 0 0 0 0 0 0 0 0 0 0 1 0 0 0 0 0 0
images/mast/0449_8283349.jpg 0 0 0 0 0 0 0 0 0 0 0 0 0 0 1 0 0 0 0 0 0
images/plaza/0069_560153477.jpg 0 1 0 1 0 0 1 0 1 0 0 0 0 0 1 0 0 0 0 1 0
images/bay/0381_2068352650.jpg 0 0 0 0 0 0 0 0 1 0 0 0 0 0 0 0 0 0 0 1 0
images/waterfalls/0050_426566205.jpg 0 0 0 0 0 0 1 0 0 0 1 0 0 0 0 0 0 0 0 1 0
images/islands/0385_2553741448.jpg 0 0 0 0 0 0 1 0 0 0 0 0 0 0 1 0 1 0 0 0 0
images/foals/0311_202394685.jpg 1 0 0 1 0 0 0 0 0 0 0 0 0 0 1 0 0 0 0 0 0
images/foals/0362_146947840.jpg 1 0 0 0 0 0 0 0 0 0 0 0 0 0 0 0 0 0 0 0 0
images/groom/0460_482498917.jpg 0 1 0 0 0 0 0 0 0 1 0 0 0 0 1 0 1 0 0 1 0
images/plants/0484_730336264.jpg 1 0 0 0 0 0 0 0 0 0 1 0 0 0 0 0 0 0 0 0 0
images/stems/0207_2388853972.jpg 0 0 0 0 0 0 0 0 0 0 1 0 0 0 1 0 0 0 0 0 0
images/pebbles/0049_507785823.jpg 0 0 0 1 0 0 0 0 0 0 0 0 0 1 0 0 0 0 0 0 0
images/crops/0430_2392444015.jpg 0 0 0 1 1 1 0 0 0 0 0 0 0 0 1 0 0 0 0 0 0
images/shrubs/0464_2395138808.jpg 0 0 0 0 1 0 0 0 0 0 1 0 0 0 0 0 0 0 0 0 0
images/ladder/0515_2393082636.jpg 0 0 0 1 0 0 1 0 1 0 0 0 0 0 1 0 1 0 0 1 0
images/photographers/0043_2233424808.jpg 0 0 0 1 0 0 0 0 0 0 0 0 0 1 1 1 0 0 0 0 0
images/cars/0397_84427782.jpg 0 0 0 0 0 0 0 0 0 0 0 0 1 0 0 0 0 0 0 0 0
images/cow/0467_2518911516.jpg 1 0 0 0 0 1 0 0 0 0 0 0 0 0 0 0 0 0 0 0 0
images/relief/0202_396242434.jpg 0 0 0 1 0 1 1 1 0 0 1 0 0 1 1 0 0 0 0 0 0
images/moose/0533_386923098.jpg 1 0 0 0 0 0 0 0 0 0 1 0 0 0 0 0 0 0 0 0 0
images/mule/0560_2675602495.jpg 0 0 0 0 0 1 0 0 0 1 0 0 0 0 0 0 0 0 0 0 0
images/race/0248_729612595.jpg 0 0 0 1 0 0 0 0 0 0 0 0 0 0 1 0 0 0 1 0 1
images/greenhouse/0485_78603955.jpg 0 0 0 1 0 0 0 0 0 0 0 0 0 0 1 0 0 0 0 0 0
images/houseboat/0345_508826755.jpg 0 0 0 0 0 0 1 0 0 0 1 0 0 0 1 0 0 1 0 1 0
images/frozen/0440_2242238758.jpg 0 0 1 0 0 0 0 0 0 0 0 0 0 1 1 0 0 0 0 1 0
images/hut/0376_357417686.jpg 0 0 0 1 0 0 0 0 0 0 0 0 0 0 1 0 0 0 0 0 0
images/hut/0018_300620492.jpg 0 1 0 1 0 0 1 0 1 0 0 0 0 0 1 0 0 0 0 1 0
images/urban_scenes/0100_2288426993.jpg 0 0 1 0 0 0 0 0 0 0 0 0 0 0 1 0 0 0 0 0 0
images/farms/0440_1448761730.jpg 0 0 1 1 0 1 0 0 0 0 1 0 0 0 1 0 0 0 0 1 0
images/land/0445_2261866430.jpg 0 0 0 0 0 0 0 0 0 0 0 0 0 1 0 0 0 0 0 0 0
images/cottage/0064_2222731686.jpg 0 0 0 1 0 0 0 0 0 0 0 0 0 0 1 1 0 0 0 0 1
images/river_bank/0582_44507132.jpg 0 0 1 0 0 0 0 0 0 0 0 0 0 0 1 0 0 0 0 1 0
images/jacques_chirac/0082_2564632925.jpg 0 0 0 0 0 0 0 0 0 1 0 0 0 0 0 0 0 0 0 0 0
images/deer/0418_1429752504.jpg 1 0 0 0 0 1 0 0 0 0 0 0 0 0 1 0 0 0 0 0 0
images/underwater/0460_131253752.jpg 1 0 0 0 0 0 0 0 0 0 0 0 0 0 0 0 0 0 0 0 0
images/military_base/0384_420989300.jpg 0 1 0 1 0 0 0 0 1 0 0 0 0 0 1 0 0 0 0 0 0
images/amusement_park/0201_2172445371.jpg 0 0 0 1 0 0 1 0 1 0 0 0 0 0 1 0 1 0 0 1 0
images/cactus/0007_210405924.jpg 0 0 0 1 0 0 0 0 0 0 0 0 0 0 1 0 0 0 0 0 0
images/eyewitness/0257_1466911896.jpg 0 0 1 0 0 0 0 0 0 0 0 0 0 0 1 0 0 0 1 0 0
images/outside/0614_2651245024.jpg 0 0 0 0 0 0 0 0 0 1 0 0 0 0 0 0 0 0 0 0 0
images/palm/0453_1717650004.jpg 0 0 0 1 0 0 0 0 0 0 0 0 0 0 1 0 1 0 0 0 0
images/farms/0528_1300290250.jpg 0 0 0 1 0 0 0 0 0 0 0 0 0 0 1 0 0 0 0 0 0
images/powerlines/0583_2594962675.jpg 0 0 0 0 0 0 0 1 0 0 0 0 0 0 0 0 0 0 0 0 0
images/pipes/0468_472031114.jpg 0 1 0 1 0 0 0 0 1 0 0 0 0 0 0 0 1 0 0 1 0
images/coast/0210_2533522140.jpg 0 0 0 1 0 0 1 0 1 0 0 0 0 1 1 0 1 0 0 0 0
images/pond/0092_1212436179.jpg 0 0 0 1 0 1 1 0 0 0 1 1 0 0 1 1 0 0 0 0 0
images/animals/0232_2050199073.jpg 1 0 0 0 0 0 0 0 0 0 0 0 0 0 0 0 0 0 0 0 0
images/frozen/0344_2282438234.jpg 0 0 0 1 0 0 0 0 0 0 0 0 0 0 1 1 0 0 0 0 0
images/volcano/0267_139250246.jpg 1 0 0 0 0 1 0 1 0 0 0 0 0 0 1 0 0 0 0 1 0
images/village/0381_2343172558.jpg 0 0 1 1 0 0 1 0 0 0 0 1 0 0 1 0 0 0 0 1 0
images/cell_phones/0301_2580904611.jpg 0 0 0 0 0 0 0 0 0 1 0 0 0 0 1 0 0 0 0 0 1
images/cloverleaf/0539_311624766.jpg 0 0 0 0 0 0 0 0 0 0 0 0 0 0 0 0 0 0 0 0 1
images/amusement_park/0518_7569704.jpg 0 0 0 1 0 0 1 0 0 0 0 0 0 0 0 0 0 0 0 0 0
images/ground/0098_2717546318.jpg 0 0 0 0 1 0 0 0 0 0 0 0 1 0 0 0 0 0 0 0 0
images/field/0597_2498331735.jpg 0 0 0 1 1 0 0 0 0 0 0 0 0 0 1 0 0 0 0 0 0
images/group/0208_656492459.jpg 0 0 0 0 1 0 0 0 0 0 1 0 0 0 0 0 0 0 0 0 0
images/reefs/0036_225649200.jpg 0 0 0 0 0 0 0 0 0 0 0 0 0 0 0 0 0 0 0 1 0
images/blossoms/0585_473536563.jpg 0 0 0 0 1 0 0 0 0 0 1 0 0 0 0 0 0 0 0 0 0
images/pebbles/0032_198331501.jpg 0 1 0 1 0 0 0 0 1 0 0 1 0 1 1 0 1 0 0 1 0
images/booby/0053_2253809718.jpg 0 0 0 0 0 1 0 0 0 0 0 0 0 0 0 0 0 0 0 0 0
images/runway/0508_657038602.jpg 0 0 0 0 0 0 0 0 0 0 0 0 0 0 1 0 1 0 0 0 0
images/canyon/0295_2700440216.jpg 0 0 0 1 0 0 0 0 0 0 0 0 0 1 1 0 0 0 0 0 0
images/hillside/0357_64992645.jpg 0 0 0 0 0 1 0 0 0 0 0 0 0 0 0 0 0 0 0 1 0
images/kauai/0254_522900051.jpg 0 1 0 1 0 0 0 0 1 0 0 1 0 0 1 0 0 0 0 1 0
images/pickup_truck/0384_2568996931.jpg 0 0 1 0 0 0 0 0 0 0 0 0 0 0 0 0 0 0 1 0 1
images/basket/0058_118731804.jpg 0 0 0 1 0 0 0 0 0 1 0 0 0 0 0 0 1 0 0 0 0
images/vendor/0539_107806226.jpg 0 0 0 0 0 0 0 0 0 0 0 0 0 0 0 0 0 0 1 0 1
images/crystals/0029_383742824.jpg 0 0 0 0 0 0 0 0 0 0 0 0 0 0 0 0 0 0 0 0 1
images/waterways/0272_1427477834.jpg 0 0 1 0 0 0 0 0 0 0 0 1 0 0 0 0 0 0 0 1 0
images/observation_tower/0500_2321753716.jpg 0 0 0 1 0 0 0 0 0 0 0 0 0 0 1 0 0 0 0 1 0
images/bank/0100_1100937654.jpg 0 0 0 1 0 0 0 0 0 0 0 0 0 1 1 0 0 0 0 1 0
images/turn/0058_10659758.jpg 0 0 0 0 0 1 0 0 0 1 0 0 1 0 0 0 0 0 0 0 0
images/bridges/0545_443628145.jpg 0 0 1 0 0 0 0 0 0 0 0 1 0 0 1 0 0 0 0 1 0
images/toll_booth/0673_2351061610.jpg 0 0 0 0 0 0 0 0 0 0 0 0 0 0 1 0 0 0 1 0 1
images/raft/0438_8008485.jpg 0 0 0 0 0 0 0 0 0 0 0 1 0 0 0 0 0 0 0 1 0
images/rainy/0597_2574644365.jpg 0 0 0 0 1 0 0 0 0 0 1 0 0 0 0 0 0 0 0 1 0
images/cul-de-sac/0580_2699800821.jpg 0 0 0 0 0 0 0 0 0 0 0 0 1 0 1 0 0 0 0 0 1
images/houseboat/0518_1314551749.jpg 0 0 0 1 0 0 1 0 0 0 0 1 0 1 1 0 0 0 0 1 0
images/rapids/0330_2448066240.jpg 0 0 0 1 0 0 0 0 0 0 1 0 0 1 1 0 0 1 0 1 0
images/cruise_liner/0212_1463063336.jpg 0 0 0 1 0 0 1 0 0 0 0 0 0 0 1 0 0 0 0 1 0
images/forest/0358_2103464777.jpg 0 0 0 0 0 0 0 0 0 0 0 0 0 0 0 0 0 1 0 0 0
images/formation/0439_156664416.jpg 0 0 0 0 0 0 0 0 0 0 0 0 0 0 0 0 0 1 0 0 0
images/coast/0214_453678362.jpg 0 0 0 1 0 0 0 0 0 0 0 0 0 1 1 0 0 0 0 1 0
images/ships/0462_638685082.jpg 0 0 0 1 0 0 1 0 0 0 0 1 0 0 1 0 0 0 1 1 0
images/oil_field/0407_2087879125.jpg 0 0 0 1 0 0 0 0 0 0 0 0 0 0 1 0 1 0 0 0 0
images/grouper/0365_331841286.jpg 1 0 0 0 0 0 0 0 1 0 0 0 0 0 0 0 0 0 0 1 0
images/traffic/0558_97000639.jpg 0 0 1 0 0 0 0 0 0 0 0 0 0 0 0 0 0 0 1 0 1
images/river/0274_864213058.jpg 0 0 0 0 0 0 1 0 0 0 0 0 0 0 1 0 0 0 0 1 0
images/powerlines/0441_1582836391.jpg 1 0 0 1 0 0 0 0 0 0 0 0 0 0 1 0 0 0 0 0 0
images/branch/0301_375496408.jpg 0 0 0 0 0 0 0 0 0 0 1 0 0 0 0 1 0 0 0 0 0
images/weapons/0248_2279359608.jpg 0 0 0 0 0 0 0 0 0 1 0 0 0 0 0 0 0 0 0 0 0
images/hawaii/0358_72095167.jpg 0 0 0 0 0 0 0 0 0 0 0 0 0 0 0 0 0 0 0 1 0
images/road_block/0263_2623724806.jpg 0 0 0 1 0 1 0 0 0 0 0 0 1 0 1 0 0 0 0 0 0
images/arctic/0244_2048492918.jpg 0 0 0 0 0 0 0 0 0 0 0 0 0 0 0 1 0 0 0 0 0
images/cliff/0447_1379577052.jpg 0 1 0 1 0 0 1 0 1 0 0 0 0 0 1 0 1 0 0 1 0
images/rapids/0099_1409784667.jpg 0 0 0 1 0 0 1 0 0 0 0 1 0 0 1 0 1 0 0 1 0
images/bank/0361_2047440874.jpg 0 0 1 0 0 0 0 0 0 0 0 0 0 0 0 0 0 0 0 0 0
images/road/0553_435554156.jpg 0 0 0 0 0 0 0 0 0 0 1 0 1 0 0 0 0 1 0 0 0
images/hut/0580_2129130612.jpg 0 0 0 0 0 0 1 1 0 0 0 0 0 1 0 0 0 0 0 1 0
images/pebbles/0061_1678328918.jpg 0 1 0 1 0 0 0 0 1 0 0 0 0 1 1 0 1 0 0 1 0
images/landscape/0397_761046138.jpg 0 0 1 1 0 0 0 0 0 0 1 0 1 0 1 0 1 0 0 0 0
images/outdoor/0361_2534125569.jpg 0 0 0 1 0 0 1 0 0 0 0 1 0 0 1 0 1 0 0 1 0
images/pots/0332_2508238964.jpg 0 0 0 0 0 0 0 0 0 1 1 0 0 0 0 0 0 0 0 0 0
images/forest/0051_215107712.jpg 0 0 0 0 0 0 0 0 0 0 1 0 0 0 0 0 0 0 0 0 0
images/arch/0401_398688238.jpg 0 0 0 0 0 0 0 0 0 0 0 0 0 0 0 0 0 0 0 0 1
images/battleship/0398_1529855220.jpg 0 0 0 0 0 0 0 0 0 1 0 0 0 0 0 0 0 0 0 0 0
images/lynx/0314_2704192116.jpg 1 0 0 0 0 1 0 0 0 0 0 0 0 0 0 0 0 0 0 0 0
images/porches/0080_474084990.jpg 0 0 0 0 0 0 0 0 0 0 0 0 0 0 0 0 0 0 0 0 1
images/capital/0336_448709526.jpg 0 0 1 1 0 0 0 0 0 0 0 0 0 0 1 0 0 0 0 0 0
images/arctic/0386_146760303.jpg 0 0 0 1 0 0 0 1 0 0 0 0 0 0 1 0 0 0 0 0 0
images/tundra/0517_491351524.jpg 0 0 0 0 0 0 0 0 0 1 0 0 0 0 0 0 0 1 0 0 0
images/range/0484_2454049780.jpg 0 0 1 1 0 0 0 0 0 0 0 0 1 0 1 0 0 0 0 0 0
images/tomb/0537_279472817.jpg 0 0 1 0 0 1 0 0 0 0 0 0 0 0 0 0 0 0 0 0 0
images/car_crash/0349_2150730763.jpg 0 0 0 0 0 0 0 0 0 0 0 0 0 0 0 1 0 0 0 0 1
images/pebbles/0206_2652550715.jpg 0 1 0 1 0 0 1 0 0 0 0 0 0 1 1 0 0 0 0 1 0
images/construction_site/0552_2375224672.jpg 1 0 0 0 0 0 0 0 0 0 0 0 1 0 0 0 0 0 0 0 0
images/sidewalks/0084_2477910132.jpg 0 0 1 0 1 1 0 0 0 0 0 0 0 0 0 0 0 1 0 0 0
images/canoe/0053_1708300071.jpg 0 0 0 0 0 0 1 0 0 0 0 0 0 0 1 0 0 0 0 1 0
images/arctic/0201_2102635289.jpg 0 0 0 0 0 0 0 0 0 0 0 0 0 0 1 1 0 0 0 0 0
images/skiing/0010_70345462.jpg 0 0 0 0 0 0 0 1 0 0 0 0 0 1 1 1 0 0 0 0 0
images/slope/0058_2366677999.jpg 0 0 0 1 0 0 0 1 0 0 0 0 0 0 1 1 0 0 0 0 0
images/canoe/0599_154948925.jpg 0 0 0 1 0 0 1 0 0 0 0 1 0 0 1 0 1 0 0 1 0
images/clock_tower/0016_2480092233.jpg 0 0 1 1 0 0 0 0 0 0 0 0 0 0 1 0 0 0 0 0 0
images/cottage/0392_2717868095.jpg 1 0 0 0 0 0 1 0 0 0 0 0 0 0 0 0 0 0 0 1 0
images/building/0382_19855338.jpg 0 0 0 0 0 0 0 0 0 0 0 0 0 0 0 0 0 0 0 0 1
images/jeep/0402_1594707599.jpg 0 0 0 0 0 0 0 0 0 0 0 0 1 0 0 0 0 0 0 0 1
images/facade/0478_544225264.jpg 0 0 0 0 0 0 0 0 0 0 0 0 0 0 0 0 0 0 0 0 1
images/caribou/0584_2632830950.jpg 1 0 0 0 0 0 0 0 0 0 0 0 0 0 0 0 0 0 0 1 0
images/river_bank/0082_2371095561.jpg 1 0 0 0 0 0 0 0 0 0 0 0 0 0 0 0 0 0 0 1 0
images/islands/0429_1393625840.jpg 0 0 0 1 0 0 1 0 0 0 0 1 0 1 1 0 0 0 0 1 0
images/running/0499_2201742108.jpg 0 0 0 0 0 0 0 0 0 1 0 0 1 0 0 0 0 0 0 0 0
images/food/0282_309709253.jpg 1 0 0 0 0 0 0 0 0 0 0 0 0 0 0 0 0 0 0 0 0
images/orchid/0068_2516087399.jpg 0 0 0 0 1 0 0 0 0 0 1 0 0 0 0 0 0 0 0 0 0
images/coast/0295_119146026.jpg 0 0 0 1 0 1 1 1 1 0 0 0 0 0 1 0 1 0 0 1 0
images/rapids/0331_2536164815.jpg 0 0 0 0 0 0 0 0 1 0 0 0 0 0 0 0 0 0 0 1 0
images/vehicle/0502_242290041.jpg 0 0 0 0 0 0 0 0 0 0 0 0 0 0 1 1 0 0 0 0 0
images/dock/0045_2191884679.jpg 0 0 0 1 0 0 0 0 0 0 0 0 0 0 1 0 1 0 0 1 0
images/bicycle/0360_360149135.jpg 0 0 0 0 0 0 0 0 0 0 0 0 0 0 0 1 0 0 0 0 0
images/police_station/0232_2283141254.jpg 0 0 0 0 0 0 0 0 0 0 1 0 0 0 1 0 0 0 0 0 0
images/arch/0564_618742496.jpg 0 0 0 1 0 0 0 1 1 0 0 0 0 1 1 0 0 0 0 1 0
images/doorway/0340_291881472.jpg 0 0 1 0 0 0 0 0 0 0 0 0 0 0 0 0 0 0 0 0 1
images/bench/0213_401820425.jpg 0 0 0 0 0 0 0 0 0 0 0 0 0 0 0 1 0 1 0 0 0
images/lawn/0441_367378644.jpg 0 0 0 0 0 0 0 0 0 0 0 0 0 0 0 0 0 1 0 0 0
images/driver/0208_302630231.jpg 0 0 0 1 0 0 0 0 0 0 0 0 1 0 1 0 1 0 0 0 1
images/sky/0017_2424658681.jpg 0 0 0 1 0 0 0 0 0 0 0 0 0 0 1 0 0 0 0 0 1
images/swimming/0282_755904047.jpg 0 0 0 0 0 0 1 0 0 0 0 0 0 0 0 0 0 0 0 1 0
images/shops/0225_2461951770.jpg 0 0 1 0 1 0 0 0 0 1 0 0 0 0 0 0 0 0 0 0 0
images/library/0575_471286156.jpg 0 0 0 0 0 0 0 0 0 1 0 0 0 0 0 0 0 0 0 0 0
images/barn/0592_868993412.jpg 0 0 0 0 0 0 0 0 0 0 0 0 0 1 1 0 0 0 0 0 0
images/underwater/0272_3578562.jpg 1 0 0 0 0 0 0 0 0 0 0 0 0 0 0 0 0 0 0 1 0
images/frigate/0003_2564326131.jpg 0 0 0 0 0 0 0 0 0 0 0 0 0 0 1 0 0 0 1 1 0
images/bridges/0306_491358288.jpg 0 0 0 1 0 0 1 0 1 0 0 0 0 0 1 0 1 0 0 1 0
images/ruins/0486_199149649.jpg 0 1 1 1 0 1 0 0 0 0 1 1 0 1 1 0 0 0 0 1 0
images/emergency_vehicles/0187_2654183306.jpg 0 0 0 0 0 1 0 0 0 0 0 0 0 0 0 0 0 0 1 0 1
images/race/0503_66099519.jpg 0 0 0 0 0 0 0 0 0 0 0 0 0 0 0 0 0 0 1 0 0
images/backpackers/0414_2078365158.jpg 0 0 0 0 1 1 0 0 0 0 0 0 0 1 1 0 0 0 0 1 0
images/aerial/0481_374831737.jpg 0 0 0 1 0 0 0 0 0 0 0 0 0 0 1 1 0 0 0 1 1
images/barn/0012_212419788.jpg 0 0 0 1 0 1 0 1 0 0 0 0 0 0 1 0 0 0 0 0 0
images/sidewalks/0271_84324911.jpg 0 0 0 0 0 0 0 0 0 0 0 0 1 0 0 0 0 0 0 0 0
images/row/0559_467183676.jpg 0 0 0 1 0 0 1 0 1 0 0 0 0 0 1 0 1 0 0 1 0
images/nighttime/0572_2282726692.jpg 0 0 0 0 0 0 0 0 0 0 0 0 0 0 1 0 0 0 0 0 0
images/peacekeepers/0215_2265935555.jpg 0 0 0 0 0 0 0 0 0 1 0 0 0 0 0 0 0 0 0 0 0
images/lakes/0223_275153243.jpg 0 0 0 1 0 0 1 1 0 0 0 1 0 0 1 0 0 0 0 1 0
images/highway/0503_417102546.jpg 0 0 0 0 0 0 0 0 0 0 0 0 0 0 1 0 0 0 0 1 0
images/gate/0668_2265435728.jpg 0 1 0 1 0 0 0 0 0 0 0 0 0 1 1 0 1 0 0 1 0
images/submarine/0513_1814672938.jpg 0 0 0 1 0 0 1 0 1 0 0 0 0 0 0 0 0 0 0 1 0
images/dogs/0261_136876826.jpg 1 0 0 0 0 0 0 0 0 0 0 0 1 0 0 0 0 0 0 0 0
images/horses/0368_2171937108.jpg 1 0 0 1 0 0 0 0 0 0 0 0 0 0 1 0 0 0 0 0 0
images/smoke_stack/0303_2046112368.jpg 0 1 0 0 0 0 1 0 0 0 0 0 0 0 1 0 0 0 0 1 0
images/vines/0544_821698627.jpg 0 0 0 1 0 1 0 0 0 0 1 0 0 0 1 0 0 0 0 0 0
images/throwing/0229_526964819.jpg 0 0 0 0 0 0 0 0 0 1 0 0 1 0 0 0 0 0 0 0 0
images/pillar/0561_2334244811.jpg 0 0 0 0 0 0 0 0 0 0 0 0 1 1 0 0 0 0 0 0 0
images/peaks/0316_395724208.jpg 0 0 0 1 0 0 0 1 0 0 0 0 0 1 1 1 0 0 0 0 0
images/gas_station/0274_2113963308.jpg 0 0 0 0 0 0 0 0 0 0 0 0 1 0 1 0 0 0 0 0 1
images/capital/0421_2223373151.jpg 0 0 1 1 0 0 0 0 0 0 0 0 0 0 0 0 1 0 0 0 0
images/poppies/0265_2497383850.jpg 0 0 0 0 1 0 0 0 0 0 1 0 0 0 1 0 0 0 0 0 0
images/diver/0487_2071457345.jpg 1 0 0 0 0 0 0 0 1 0 0 0 0 0 0 0 0 0 0 1 0
images/whales/0324_159236955.jpg 1 0 0 0 0 0 0 0 1 0 0 0 0 0 0 0 0 0 0 1 0
images/plain/0367_2502359708.jpg 0 0 0 1 0 1 0 0 0 0 1 0 0 0 1 0 0 0 0 0 0
images/saguaro/0463_379225656.jpg 0 0 0 1 0 0 0 0 0 0 1 0 0 0 1 0 0 0 0 0 0
images/dock/0521_1980619622.jpg 0 0 0 1 0 0 1 0 0 0 0 0 0 0 1 0 1 0 1 1 0
images/grassland/0519_2482110378.jpg 0 0 0 0 0 1 1 0 0 0 0 0 0 0 0 0 0 1 0 1 0
images/pickup_truck/0209_85486073.jpg 0 0 0 0 0 1 0 0 0 0 0 0 1 0 0 0 0 0 1 0 0
images/dust/0067_2672401528.jpg 0 0 0 0 0 0 0 1 0 0 0 0 0 0 0 0 0 0 0 1 0
images/horizon/0267_304889975.jpg 0 0 0 0 0 0 0 0 0 1 0 0 0 0 0 0 0 0 0 0 0
images/bridges/0341_2590337216.jpg 0 0 0 1 0 0 0 0 0 0 0 0 0 0 1 0 1 0 0 1 0
images/canoe/0567_255678150.jpg 0 0 0 0 0 0 0 0 1 0 0 0 0 0 0 0 0 0 0 1 0
images/meeting/0345_2074457688.jpg 0 0 0 1 0 0 0 0 0 0 0 0 0 0 1 0 1 0 0 0 0
images/first_lady/0391_296801775.jpg 0 0 0 0 0 0 0 0 0 1 0 0 0 0 0 0 0 0 0 0 0
images/earthquake/0525_2489105087.jpg 0 0 1 1 0 0 0 1 0 0 0 0 0 0 0 0 0 0 0 0 0
images/coral/0418_746271112.jpg 0 0 0 0 0 0 1 0 1 0 0 0 0 0 0 0 0 0 0 1 0
images/volcano/0099_484386991.jpg 0 0 0 1 0 0 0 1 0 0 0 0 0 0 1 0 0 0 0 0 0
images/railroad/0620_226940087.jpg 0 0 0 1 0 0 0 0 0 0 0 0 0 0 1 0 0 0 0 0 0
images/lily/0423_2641597591.jpg 0 0 0 0 1 0 0 0 0 0 0 0 0 0 0 0 0 0 0 0 0
images/empire_state/0280_869744704.jpg 0 0 1 1 0 0 0 0 0 0 0 0 0 0 1 0 1 0 0 0 0
images/underpass/0085_2551376507.jpg 0 0 0 1 1 1 0 0 0 0 0 0 0 0 0 0 0 1 0 0 0
images/wood/0567_1652031408.jpg 0 0 0 0 0 0 0 0 0 0 0 0 0 0 0 0 0 1 0 0 0
images/waterways/0534_106770458.jpg 0 0 0 0 0 0 0 0 0 0 0 1 0 0 0 0 0 0 1 1 0
images/cooling_tower/0300_165685269.jpg 0 0 0 1 0 0 1 0 1 0 0 0 0 0 1 0 0 0 0 1 0
images/trail/0364_61967212.jpg 0 0 0 0 0 1 0 0 0 0 0 0 0 0 0 0 0 1 0 0 0
images/house/0262_133961347.jpg 0 0 0 0 0 0 0 0 0 0 0 0 0 0 1 0 0 0 0 0 1
images/cottage/0479_420576362.jpg 0 0 0 1 0 1 1 0 0 0 0 0 0 1 1 0 0 0 0 1 0
images/park/0590_414983473.jpg 0 0 0 1 0 0 1 0 0 0 0 1 0 0 1 0 0 0 0 1 0
images/power_plant/0068_500961882.jpg 0 0 1 0 0 0 0 0 0 0 0 0 0 0 1 0 0 1 0 0 0
images/blooms/0450_35139403.jpg 0 0 0 1 1 0 0 0 0 0 1 0 0 0 1 0 0 0 0 0 0
images/dining_room/0310_488276167.jpg 0 0 0 0 1 0 0 0 0 0 0 0 0 0 0 0 0 0 0 0 0
images/cat/0427_2155826320.jpg 1 0 0 0 0 0 0 0 0 0 0 0 0 0 0 0 0 0 0 0 0
images/emergency_room/0513_81297806.jpg 0 0 0 0 0 0 0 0 0 1 0 0 0 0 0 0 0 0 0 0 0
images/lily/0289_699328554.jpg 0 0 0 0 1 0 0 0 0 0 1 0 0 0 0 0 0 0 0 0 0
images/island/0435_11012053.jpg 0 0 0 1 0 0 1 0 0 0 0 0 0 0 0 0 0 0 0 1 0
images/flowers/0396_484172588.jpg 0 0 0 1 1 0 0 0 1 0 1 0 0 0 1 0 0 0 0 0 0
images/hill/0497_2611837161.jpg 0 0 0 1 0 1 0 0 0 0 1 0 0 0 1 0 0 1 0 0 0
images/shell/0002_1082833278.jpg 1 0 0 1 0 0 0 0 0 0 0 0 0 0 1 0 0 0 0 0 0
images/dall/0096_173556968.jpg 1 0 0 0 0 1 0 0 0 0 0 0 0 0 0 0 0 0 0 0 0
images/pebbles/0580_2277505925.jpg 0 0 1 1 0 0 0 0 1 0 0 0 0 1 1 0 1 0 0 1 0
images/desert/0586_2322068706.jpg 0 0 0 1 0 0 0 1 0 0 0 0 0 1 1 0 0 0 0 0 0
images/cougar/0493_309741494.jpg 1 0 0 1 0 0 0 0 0 0 0 0 0 0 0 0 0 0 0 0 0
images/hospital/0092_2315135146.jpg 0 0 0 1 0 0 1 0 0 0 0 0 0 0 1 0 0 0 0 1 0
images/run/0575_52277516.jpg 0 1 0 1 0 0 0 0 0 0 0 0 0 0 0 0 0 0 0 0 0
images/lynx/0311_2586573649.jpg 1 0 0 0 1 0 0 0 0 0 1 0 0 0 0 0 0 0 0 0 0
images/bulls/0287_2403535158.jpg 1 0 0 0 0 1 0 0 0 0 0 0 0 0 0 0 0 0 0 0 0
images/child/0091_2226334943.jpg 0 1 0 1 0 0 0 0 1 1 0 0 0 0 1 0 1 0 0 1 0
images/lakes/0236_2392533874.jpg 0 0 0 0 0 1 0 1 0 0 0 0 0 0 1 0 0 0 0 0 0
images/meadow/0423_335338197.jpg 0 0 1 1 0 1 0 0 0 0 0 0 1 0 1 0 0 0 0 0 0
images/canoe/0287_2609458082.jpg 0 0 0 1 0 0 1 0 0 0 0 1 0 0 1 0 1 0 0 1 0
images/shore/0349_2558463630.jpg 0 0 0 0 0 0 1 0 0 0 0 1 0 0 1 0 0 0 0 1 0
images/facade/0319_2344405143.jpg 0 0 1 0 0 0 0 0 0 0 0 0 0 0 1 0 0 0 0 0 1
images/dock/0251_1579478457.jpg 0 0 0 1 0 0 1 0 0 0 0 1 0 0 1 0 1 0 0 1 0
images/clearing/0032_1970417533.jpg 0 0 0 0 0 0 0 0 0 0 0 0 0 0 0 0 0 1 0 0 0
images/crab/0363_114186628.jpg 1 0 0 0 0 0 0 0 0 0 0 0 0 0 0 0 0 0 0 0 0
images/scotland/0206_374854191.jpg 0 0 0 1 0 0 0 0 0 0 1 0 0 0 1 0 0 1 0 0 0
images/tanker/0347_1806050358.jpg 0 0 0 0 0 0 1 0 0 0 0 1 0 0 1 0 1 0 0 1 0
images/lily/0207_539502187.jpg 0 0 0 0 0 0 0 0 0 0 1 1 0 0 0 0 0 0 0 1 0
images/floor/0224_1443864922.jpg 0 1 0 1 0 0 0 0 0 0 0 0 0 0 1 0 0 0 0 0 0
images/graveyard/0039_396261702.jpg 0 0 0 0 0 0 0 0 0 0 0 0 0 0 0 0 0 1 0 0 0
images/lily/0230_2384534463.jpg 0 0 0 0 1 0 0 0 0 0 1 0 0 0 0 0 0 0 0 1 0
images/television_tower/0611_2769041850.jpg 0 0 1 1 0 0 0 0 0 0 0 0 0 0 1 0 0 0 0 0 0
images/marsh/0364_233276587.jpg 0 0 0 1 0 1 1 1 0 0 1 1 0 0 1 0 0 0 0 1 0
images/sponges/0577_501631923.jpg 0 0 0 0 0 0 0 0 0 0 0 0 0 0 0 0 0 1 0 0 0
images/rowboat/0087_2333120542.jpg 0 0 1 0 0 0 0 0 0 0 0 1 0 0 1 0 0 0 0 1 0
images/drum/0482_2179087855.jpg 0 0 0 0 0 0 0 0 0 1 0 0 0 0 0 0 0 0 0 0 0
images/maui/0513_2691594997.jpg 0 1 0 1 0 0 1 0 1 0 0 0 0 1 1 0 0 0 0 0 0
images/moose/0445_2276926489.jpg 1 0 0 0 0 0 0 0 0 0 0 0 0 0 0 0 0 0 0 0 0
images/gas_station/0519_2400159701.jpg 0 0 0 1 0 0 0 0 0 0 0 0 0 0 1 0 0 0 0 1 1
images/lawn/0537_2589826710.jpg 0 0 0 1 1 1 0 0 0 0 0 0 0 0 1 0 0 0 1 0 1
images/canyon/0552_798317449.jpg 0 0 0 1 0 1 0 1 0 0 0 0 0 1 1 0 0 0 0 0 0
images/muslims/0544_102964111.jpg 0 0 0 0 0 0 0 0 0 1 0 0 0 0 0 0 0 0 1 0 0
images/storms/0598_1062790771.jpg 0 0 0 1 0 0 0 0 0 0 0 0 0 0 1 0 0 0 0 0 0
images/actor/0300_1177657382.jpg 0 0 0 0 0 0 0 0 0 1 0 0 0 0 0 0 0 0 0 0 0
images/pebbles/0510_2408707227.jpg 0 0 0 0 0 0 0 0 0 0 0 0 0 1 0 0 0 0 0 0 0
images/frozen/0490_20344608.jpg 1 0 0 0 0 0 0 0 0 0 1 0 0 0 0 1 0 0 0 0 0
images/smoke/0633_1928115430.jpg 0 0 0 0 0 0 0 1 0 0 0 0 0 1 1 0 0 0 0 0 0
images/skiing/0222_413636222.jpg 0 0 0 0 0 0 0 0 0 0 0 1 0 0 0 0 0 0 0 0 0
images/communications_tower/0026_2654362654.jpg 0 0 0 1 0 0 0 0 0 0 0 0 0 0 1 0 1 0 0 0 0
images/gate/0322_2294170132.jpg 0 0 1 0 0 0 0 0 0 0 0 0 0 0 1 0 0 0 0 0 1
images/parking_lot/0245_2076608932.jpg 0 0 0 0 0 0 0 0 0 0 0 0 1 0 0 0 0 0 1 0 0
images/freighter/0049_321360184.jpg 0 0 0 0 0 0 1 0 1 0 0 0 0 0 1 1 0 0 0 1 0
images/politicians/0254_2446677537.jpg 0 0 0 0 0 0 0 0 0 1 0 0 1 0 0 0 0 0 1 0 0
images/court/0072_2213513475.jpg 0 0 1 0 0 0 0 0 0 0 0 0 0 0 1 0 0 0 0 0 1
images/caribou/0049_2121055988.jpg 0 0 0 1 0 0 0 0 0 0 0 0 0 0 1 1 0 0 0 0 0
images/locomotive/0262_2248519579.jpg 0 0 0 1 0 0 0 0 1 0 0 0 0 0 1 0 0 0 0 0 0
images/shore/0477_1376171619.jpg 0 1 0 1 0 0 0 0 0 0 0 0 0 0 1 0 1 0 0 0 0
images/meadow/0068_162864336.jpg 0 0 0 0 0 1 0 0 0 1 1 0 0 0 0 0 0 0 0 0 0
images/marsh/0383_2744521219.jpg 0 0 0 0 1 0 0 0 0 0 1 0 0 0 0 0 0 0 0 0 0
images/blossoms/0525_2476516948.jpg 0 0 0 0 1 1 0 0 0 0 1 0 0 0 0 0 0 1 0 0 0
images/oahu/0232_920000704.jpg 0 1 0 1 0 0 1 0 1 0 0 0 0 0 1 0 0 0 0 1 0
images/storms/0333_2756770670.jpg 0 0 0 1 0 0 1 0 0 0 0 0 0 1 1 0 0 0 0 1 0
images/sports/0369_727441852.jpg 0 0 0 0 0 0 0 0 1 1 0 0 0 0 1 0 0 0 0 1 0
images/bank/0409_563203703.jpg 0 0 0 0 0 0 0 0 0 1 0 0 0 0 0 0 0 0 0 0 0
images/spider/0205_1837712234.jpg 0 0 0 1 0 0 0 0 0 0 0 0 0 0 1 0 1 0 0 0 0
images/saguaro/0275_418193251.jpg 0 0 0 0 1 0 0 0 0 0 1 0 0 0 0 0 0 0 0 0 0
images/windmills/0046_460377053.jpg 0 0 0 1 0 0 0 0 0 0 0 1 0 0 1 0 0 0 0 1 0
images/swimmer/0063_120736107.jpg 0 1 0 1 0 0 0 0 0 1 0 1 0 0 1 0 0 0 0 1 0
images/barn/0356_2050971349.jpg 0 0 1 1 0 0 0 1 0 0 0 0 0 0 1 1 0 0 0 0 0
images/post/0042_1354865940.jpg 0 0 0 0 1 0 0 0 0 0 1 0 0 0 1 0 0 0 0 0 0
images/trunk/0328_509346736.jpg 0 0 0 0 0 0 0 0 0 0 1 0 0 0 0 0 0 1 0 0 0
images/observation_tower/0300_174290161.jpg 0 0 0 0 0 0 0 0 0 1 0 0 0 0 0 0 0 0 0 0 0
images/kauai/0282_2503660439.jpg 0 1 0 1 0 0 1 0 1 0 0 0 0 0 1 0 0 0 0 1 0
images/bench/0072_343978762.jpg 0 0 0 0 0 1 0 0 0 0 0 0 0 0 1 0 1 1 0 0 0
images/canoe/0058_1813450036.jpg 0 0 0 0 0 0 1 0 0 0 0 0 0 0 1 0 0 0 0 0 0
images/nets/0319_129814946.jpg 0 0 0 0 0 0 1 0 1 0 0 0 0 0 1 0 0 0 0 1 0
images/greeting/0568_2234554696.jpg 0 0 0 0 0 0 0 0 0 1 0 0 0 0 0 0 0 0 0 0 0
images/canyon/0260_352030310.jpg 0 0 0 1 0 0 1 0 0 0 0 1 0 0 0 0 0 0 0 0 0
images/barge/0348_2150257031.jpg 0 0 0 1 0 0 0 0 0 0 0 0 0 0 1 0 1 0 0 1 0
images/car_crash/0278_302385181.jpg 0 0 0 0 0 0 0 0 0 1 0 0 1 0 0 0 0 0 0 0 0
images/vehicle/0547_228353112.jpg 0 0 0 0 0 0 0 0 0 0 0 0 1 0 0 0 0 0 1 0 1
images/islands/0235_2024116718.jpg 0 1 0 1 0 0 1 0 1 0 0 0 0 0 1 0 1 0 0 1 0
images/harvest/0242_1052396216.jpg 0 0 0 1 0 1 0 0 0 0 0 0 0 0 1 0 0 0 0 0 0
images/ships/0015_2633174145.jpg 0 0 0 1 0 0 0 0 0 0 0 0 0 0 1 0 1 0 1 0 0
images/tunnel/0313_1453021572.jpg 0 0 0 0 0 0 0 0 0 1 0 0 0 0 0 0 0 0 0 0 0
images/volcano/0408_359381340.jpg 0 0 0 1 0 0 1 1 1 0 0 0 0 0 1 0 0 0 0 1 0
images/underwater/0470_348023828.jpg 0 0 0 0 0 0 0 0 0 0 0 0 0 0 0 0 0 0 0 1 0
images/range/0059_131449484.jpg 0 0 0 0 0 0 0 0 0 0 0 0 0 0 0 1 0 0 0 0 0
images/glacier/0545_353848126.jpg 0 0 0 1 0 0 0 1 0 0 0 0 0 1 1 0 0 0 0 1 0
images/nets/0022_2670526485.jpg 0 0 0 1 0 0 0 0 0 0 0 0 0 0 1 0 0 0 0 1 0
images/column/0687_359837680.jpg 0 0 0 0 0 0 0 0 0 0 0 0 0 0 1 0 0 0 0 0 1
images/chrysanthemums/0275_71474817.jpg 0 0 0 0 1 0 0 0 0 0 0 0 0 0 0 0 0 0 0 0 0
images/beach/0050_426616971.jpg 0 1 0 1 0 0 0 1 1 0 0 0 0 0 1 0 0 0 0 1 0
images/sailboat/0202_480991384.jpg 0 0 0 1 0 0 0 0 1 0 0 0 0 0 1 0 1 0 0 1 0
images/tulip/0088_457156921.jpg 0 0 0 0 1 0 0 0 0 0 1 0 0 0 0 0 0 0 0 0 0
images/tornado/0679_2247718358.jpg 0 0 0 0 0 0 0 0 0 0 0 0 0 0 0 0 0 0 1 0 1
images/terrace/0239_1485179717.jpg 0 0 0 0 0 0 0 0 0 1 0 0 0 0 0 0 0 0 0 0 0
images/marine/0333_74352671.jpg 0 1 0 1 0 0 1 0 1 0 0 0 0 0 1 0 0 0 0 1 0
images/cityscape/0229_304234996.jpg 0 0 1 1 0 0 0 0 0 0 0 0 0 0 1 1 1 0 0 0 0
images/submarine/0313_2455759508.jpg 0 0 0 0 0 0 0 0 0 0 0 0 0 0 0 0 0 0 1 1 0
images/skyline/0510_1306261717.jpg 0 0 1 1 0 0 0 0 0 0 0 0 1 0 1 0 0 0 0 0 0
images/pyramid/0242_66321525.jpg 0 0 1 0 0 0 0 0 0 0 0 0 0 0 1 0 0 0 0 0 0
images/golf_course/0521_25628855.jpg 0 0 0 1 0 0 1 0 0 0 0 1 0 0 1 0 1 0 0 1 0
images/power_plant/0023_2469516605.jpg 0 0 0 1 0 0 0 0 0 0 0 0 0 0 1 0 1 0 0 0 0
images/coast/0418_684498729.jpg 0 1 0 0 0 0 0 1 1 0 0 0 0 1 1 0 0 0 0 1 0
images/castle/0474_488810789.jpg 0 0 1 1 0 0 1 0 0 0 0 0 0 0 1 0 0 0 0 1 0
images/natural_disasters/0307_1177983193.jpg 0 0 0 0 0 0 0 0 0 0 0 0 0 1 1 0 0 0 0 0 0
images/dock/0226_2255345185.jpg 0 0 0 1 0 0 1 0 0 0 0 0 0 0 1 0 1 0 0 1 0
images/formation/0306_528288550.jpg 0 0 0 1 0 1 1 1 0 0 0 1 0 1 1 1 0 0 0 1 0
images/hut/0254_2281342819.jpg 0 0 0 0 0 1 0 0 0 0 0 0 0 0 0 0 0 0 0 0 0
images/cars/0257_134586533.jpg 0 0 0 1 0 0 0 0 0 0 0 0 1 0 0 0 0 0 0 0 0
images/car_racing/0492_1528032786.jpg 0 0 0 0 0 0 0 0 0 0 0 0 1 0 1 0 0 0 1 0 1
images/shade/0388_120270100.jpg 0 0 0 0 0 0 0 0 0 0 1 0 0 0 0 0 0 1 0 0 0
images/petals/0449_2516719499.jpg 0 0 0 0 1 0 0 0 0 0 1 0 0 0 0 0 0 0 0 0 0
images/spider/0522_2621816746.jpg 1 0 0 0 0 0 0 0 0 0 1 0 0 0 0 0 0 0 0 0 0
images/squirrel/0483_2307808622.jpg 1 0 0 0 0 0 0 0 0 0 0 0 0 0 0 0 0 0 0 0 0
images/antenna/0474_340250125.jpg 0 0 0 1 0 0 0 0 0 0 0 0 0 0 1 0 1 0 0 0 0
images/rabbit/0377_1236217228.jpg 1 0 0 0 0 0 0 0 0 0 0 0 0 0 0 0 0 0 0 0 0
images/african/0415_1064228528.jpg 0 0 0 0 0 0 1 0 1 0 0 1 0 0 0 0 0 0 0 1 0
images/wood/0555_2362451484.jpg 0 0 0 0 0 1 0 0 0 0 0 0 1 0 0 0 0 1 0 0 0
images/officers/0223_1470437383.jpg 0 0 0 0 0 0 0 0 0 1 0 0 0 0 0 0 0 0 1 0 0
images/maui/0074_1227597099.jpg 0 1 0 1 0 0 1 0 1 0 0 0 0 0 1 0 0 0 0 0 0
images/single_person/0341_1602198573.jpg 0 0 0 0 0 0 0 0 0 0 0 0 0 0 0 0 0 0 0 1 0
images/shade/0583_303879224.jpg 0 0 0 0 0 0 0 0 0 0 1 0 1 0 0 0 0 1 0 0 0
images/tanker/0480_1586967441.jpg 0 0 0 1 0 0 0 0 0 0 0 0 1 0 1 0 0 0 1 0 0
images/blooms/0538_427069838.jpg 0 0 0 0 1 0 0 0 0 0 1 0 0 0 0 0 0 0 0 0 0
images/flood/0077_2270550451.jpg 0 0 0 1 0 0 1 0 1 0 0 1 0 0 1 0 1 1 0 1 0
images/palm/0450_2108132090.jpg 0 0 0 0 0 0 0 0 0 1 0 0 0 0 0 0 0 0 0 0 0
images/log/0554_362622713.jpg 0 1 0 1 0 0 0 0 1 0 0 0 0 0 1 0 1 0 0 1 0
images/tulip/0256_248563752.jpg 0 0 0 0 1 0 0 0 0 0 1 0 0 0 0 0 0 0 0 0 0
images/turn/0316_2334660984.jpg 0 0 0 0 0 0 0 0 0 0 0 0 1 0 0 0 0 0 0 0 0
images/writing/0055_1560091419.jpg 0 0 1 0 0 0 0 0 0 0 0 0 1 0 0 0 0 0 0 0 0
images/athlete/0203_2256865973.jpg 0 0 0 0 0 0 0 0 1 1 0 0 0 0 0 0 0 0 0 1 0
images/gymnastics/0513_93447605.jpg 0 0 0 0 0 0 0 0 0 1 0 0 0 0 0 0 0 0 0 0 0
images/lawn/0042_2680027002.jpg 0 0 1 1 0 1 0 0 0 0 1 0 0 0 1 0 0 0 0 0 1
images/fog/0575_2380509497.jpg 0 0 0 1 0 0 1 0 0 0 1 0 0 1 1 0 0 0 0 1 0
images/flood/0035_2386717285.jpg 0 0 0 1 0 0 0 0 0 0 0 1 0 0 1 0 0 0 0 1 0
images/monument/0630_858221833.jpg 0 0 0 1 0 0 0 0 0 0 0 0 0 0 1 0 0 0 0 0 0
images/lawyer/0502_597581281.jpg 0 0 0 0 0 0 0 0 0 0 0 0 0 0 0 0 0 0 1 1 0
images/cliff/0252_2685551973.jpg 0 0 0 0 0 0 0 0 0 0 0 1 0 1 1 0 0 0 0 1 0
images/capital/0422_2332829481.jpg 0 0 0 0 0 0 0 0 0 1 0 0 0 0 1 0 0 0 0 0 0
images/tugboat/0016_2317948225.jpg 0 0 0 1 0 0 1 0 0 0 0 1 0 0 1 0 1 0 0 1 0
images/canoe/0469_462197198.jpg 0 0 0 1 0 0 1 0 0 0 0 1 0 0 1 0 0 0 1 1 0
images/observation_tower/0274_92377598.jpg 0 0 0 1 0 1 0 0 0 0 0 0 0 0 1 0 0 0 0 0 0
images/remains/0552_216737092.jpg 0 0 0 0 0 0 0 0 0 0 0 0 0 0 1 0 0 0 0 1 0
images/peaks/0006_1737823150.jpg 0 0 0 0 0 0 0 1 0 0 0 0 0 1 1 1 0 0 0 0 0
images/bulls/0560_435678737.jpg 0 0 0 0 0 0 0 0 0 0 0 0 0 0 0 0 1 0 0 0 0
images/airplane/0345_2282930474.jpg 0 0 0 1 0 0 0 0 0 0 0 0 0 0 1 1 0 0 0 1 0
images/white-tailed/0664_2553687185.jpg 1 0 0 0 0 0 0 0 0 0 0 0 1 0 1 0 0 0 0 0 0
images/streets/0345_1414096571.jpg 0 0 1 0 0 0 0 0 0 0 0 0 0 0 1 0 0 0 0 0 1
images/branch/0046_188337678.jpg 0 0 0 1 0 0 0 0 0 0 1 0 0 0 1 0 1 1 0 0 0
images/road/0358_596295933.jpg 0 0 0 1 0 1 0 0 0 0 1 0 1 0 1 0 0 0 0 0 0
images/hotel/0460_645046802.jpg 0 0 0 1 0 1 1 0 0 0 1 0 0 0 1 0 0 0 0 1 1
images/harbors/0388_1488550124.jpg 0 0 0 0 0 0 1 0 0 0 0 0 0 1 0 0 0 0 0 1 0
images/tornado/0463_757065369.jpg 0 0 0 0 0 1 0 0 0 0 0 0 0 0 1 0 0 0 0 0 0
images/balcony/0514_414548111.jpg 0 0 0 1 0 0 0 0 0 0 0 0 0 0 0 0 0 0 0 0 0
images/police/0496_111343277.jpg 0 0 0 0 0 0 0 0 0 1 0 0 1 0 0 0 0 0 1 0 1
images/hospital/0277_2505832544.jpg 0 0 0 0 0 0 0 0 0 0 0 0 0 0 0 0 0 0 0 0 1
images/boats/0256_522210383.jpg 0 0 0 1 0 0 1 0 0 0 0 0 0 0 1 0 0 0 0 1 0
images/earthquake/0282_2925163.jpg 0 1 1 0 0 0 1 0 0 0 0 0 0 0 0 0 0 0 0 1 0
images/soccer/0400_28080212.jpg 0 0 1 0 0 0 0 0 0 1 0 0 0 0 0 0 0 0 1 0 0
images/cutter/0477_232696462.jpg 0 0 0 1 0 0 1 0 1 0 0 0 0 0 1 0 0 0 0 0 0
images/range/0389_1363023136.jpg 0 0 0 0 0 1 0 0 0 0 1 1 0 0 1 0 0 0 0 1 0
images/roof/0564_2120608827.jpg 0 0 0 0 0 0 0 0 0 0 0 0 0 0 0 1 0 0 0 0 0
images/ruins/0239_472679689.jpg 0 0 0 1 0 0 0 1 0 0 0 0 0 1 1 0 0 0 0 0 0
images/arctic/0318_487632837.jpg 0 0 0 0 0 0 0 0 0 0 0 0 0 0 1 1 0 0 0 0 0
images/shops/0502_2239413667.jpg 0 0 0 0 0 0 0 0 1 0 0 0 0 0 0 0 0 0 0 0 0
images/harvest/0045_1321458464.jpg 0 0 0 0 0 0 0 0 0 0 1 0 0 0 1 0 0 0 0 0 0
images/cow/0309_1130234301.jpg 1 0 0 1 0 1 0 0 0 0 0 0 0 0 1 0 0 0 0 0 0
images/fog/0421_496548089.jpg 0 0 0 1 0 1 0 0 0 0 0 0 0 0 1 0 0 1 0 0 0
images/canoe/0006_24229779.jpg 0 0 0 0 0 0 1 0 0 0 0 0 0 0 0 0 0 0 0 1 0
images/shops/0253_71509052.jpg 0 0 1 0 0 0 0 0 0 0 0 0 1 0 0 0 0 0 0 0 0
images/bazaar/0401_1163142164.jpg 0 0 0 1 0 0 0 0 0 0 0 0 1 0 0 0 0 0 0 0 0
images/urban_park/0587_2610544868.jpg 0 0 0 0 1 1 0 0 0 0 1 0 0 0 1 0 0 0 0 0 0
images/car/0247_115250451.jpg 0 0 0 0 0 0 0 0 0 0 0 0 0 0 0 0 0 0 0 0 1
images/mule/0236_1439588190.jpg 1 0 0 1 0 1 0 0 0 0 0 0 0 0 1 1 0 0 0 0 0
images/doorway/0321_421305661.jpg 0 0 0 0 0 0 0 0 0 0 0 0 0 0 0 1 0 0 0 0 0
images/canoe/0280_237016230.jpg 1 0 0 0 0 0 1 0 0 0 0 1 0 0 0 0 0 0 0 1 0
images/lawyer/0449_186144682.jpg 0 0 0 0 0 0 0 0 0 1 0 0 0 0 0 0 0 0 0 0 0
images/meadow/0335_139769330.jpg 0 0 0 1 0 1 0 1 0 0 1 0 0 1 1 0 0 0 0 0 0
images/helicopter/0091_274260970.jpg 0 0 1 1 0 1 0 0 0 0 0 0 1 0 1 0 0 0 0 0 0
images/sailboats/0411_522269120.jpg 0 0 0 1 0 0 1 0 0 0 0 1 0 0 1 0 0 0 0 1 0
images/individual/0568_227492980.jpg 0 0 0 1 0 0 1 0 1 1 0 0 0 0 1 0 1 0 0 1 0
images/bay/0100_429218979.jpg 0 0 0 1 0 0 0 0 1 0 0 0 0 0 0 0 0 0 0 1 0
images/oil_field/0515_2387675609.jpg 0 0 0 1 0 0 0 0 1 0 0 0 0 0 1 0 0 0 0 1 0
images/old_people/0481_2156365004.jpg 0 0 0 0 1 0 0 0 0 0 0 0 0 0 0 0 0 0 0 0 0
images/tulip/0218_497801147.jpg 0 0 0 0 1 0 0 0 0 0 1 0 0 0 0 0 0 0 0 0 0
images/diver/0546_54018832.jpg 1 0 0 0 0 0 0 0 1 0 0 0 0 0 0 0 0 0 0 1 0
images/arctic/0054_2692721971.jpg 0 0 0 1 0 0 0 0 0 0 0 0 0 0 1 1 0 0 0 1 0
images/porcupine/0543_2434077240.jpg 0 0 0 1 0 0 0 0 0 0 1 0 0 0 1 0 0 1 0 1 0
images/pack/0473_2201332277.jpg 0 0 0 0 0 0 0 0 0 0 0 0 0 0 0 1 0 0 0 0 0
images/wall/0348_337903144.jpg 0 0 0 0 0 0 0 0 0 1 0 0 0 0 0 0 0 0 0 0 0
images/firefighter/0264_1704118436.jpg 0 0 1 1 0 0 0 0 0 1 0 0 0 0 0 0 0 0 0 0 1
images/dock/0486_185253472.jpg 0 0 0 1 0 0 1 0 1 0 0 0 0 0 1 0 0 0 0 1 0
images/capital/0212_117146495.jpg 0 0 0 0 0 0 0 0 0 0 0 1 0 0 0 0 0 0 0 1 0
images/fence/0336_185069641.jpg 0 0 0 1 0 0 0 0 0 0 0 0 0 0 1 0 0 1 0 0 0
images/rapids/0560_128959592.jpg 0 0 0 0 0 0 0 0 0 0 0 1 0 0 0 0 1 1 0 0 0
images/canoe/0542_2506220017.jpg 0 1 0 1 0 0 0 0 1 1 0 0 0 0 1 0 0 0 0 1 0
images/shore/0410_2506494950.jpg 0 0 0 0 0 0 1 0 0 0 0 0 0 0 1 0 1 0 0 1 0
images/saguaro/0087_527538725.jpg 0 0 0 1 0 0 0 0 0 0 1 1 0 0 1 0 1 0 0 1 0
images/land/0240_131818613.jpg 0 0 0 0 0 1 0 1 0 1 0 0 0 0 0 0 0 0 0 0 0
images/bathroom/0319_887178197.jpg 0 0 0 0 0 0 0 0 0 1 0 0 0 0 0 0 0 0 0 0 0
images/oil_field/0223_181723031.jpg 0 0 0 1 0 0 0 0 1 0 0 0 0 0 0 0 0 0 0 1 0
images/rainbow/0358_1712524081.jpg 0 1 0 1 0 0 0 0 0 0 0 0 0 0 1 0 1 0 0 0 0
images/diver/0392_134648952.jpg 0 0 0 1 0 0 0 0 1 0 0 0 0 0 1 0 0 0 0 1 0
images/chrysanthemums/0346_365930429.jpg 0 0 0 0 1 0 0 0 0 0 0 0 0 0 0 0 0 0 0 0 0
images/slope/0248_398685473.jpg 0 0 0 1 0 0 0 0 0 0 0 0 0 0 0 1 0 1 0 0 0
images/barn/0341_2216165185.jpg 0 0 1 1 0 0 0 0 0 0 0 0 0 0 1 1 1 0 0 0 0
images/elk/0251_2179145954.jpg 1 0 0 0 0 0 0 0 0 0 0 0 0 0 0 1 0 0 0 0 0
images/flood/0509_412141836.jpg 0 0 0 0 1 0 0 0 0 0 0 1 0 0 0 0 0 0 0 1 0
images/hotel/0041_2204096356.jpg 0 1 1 1 0 0 0 0 0 0 0 0 0 0 1 0 0 0 0 0 0
images/helicopter/0427_282673437.jpg 0 0 0 1 0 0 0 0 0 0 0 0 0 0 1 0 1 0 0 0 0
images/islands/0471_140396453.jpg 0 1 1 1 0 0 0 1 0 0 0 0 0 1 1 0 0 0 0 0 0
images/boats/0332_484869325.jpg 0 0 1 1 0 0 0 0 0 0 0 0 0 0 1 0 0 0 0 1 0
images/basketball/0541_572935953.jpg 0 0 0 0 0 0 0 0 0 1 0 0 0 0 0 0 0 0 0 0 0
images/balcony/0384_2242417019.jpg 0 0 0 0 0 0 0 0 0 0 0 1 0 0 0 0 0 0 0 1 0
images/tent/0598_2163536910.jpg 0 0 0 0 0 0 0 0 0 0 0 0 0 0 0 0 0 0 0 0 1
images/art/0393_649680842.jpg 0 1 0 1 0 0 0 0 0 1 0 0 0 0 0 0 0 0 0 1 0
images/calf/0321_406977103.jpg 1 0 0 1 0 0 0 0 0 0 0 0 0 0 1 1 0 0 0 0 0
images/coral/0532_2552488101.jpg 0 1 0 1 0 0 1 0 1 0 1 0 0 0 1 0 0 0 0 1 0
images/avalanche/0207_2513086333.jpg 0 0 0 0 0 0 1 0 0 0 0 1 0 0 0 1 0 0 0 1 0
images/golf/0439_2210950709.jpg 0 0 0 1 0 0 0 1 0 0 0 0 0 0 1 1 1 0 0 0 0
images/gate/0678_1434994552.jpg 0 0 0 0 0 0 0 0 0 0 0 0 1 0 1 0 0 0 0 0 0
images/remains/0463_273112112.jpg 0 0 1 0 0 0 0 0 0 0 0 0 1 0 0 0 0 0 0 0 0
images/actor/0495_870673543.jpg 0 0 0 0 0 0 0 0 0 1 0 0 0 0 0 0 0 0 0 0 1
images/race/0422_2399100236.jpg 0 0 0 0 0 0 0 0 0 1 0 0 1 0 1 0 0 0 0 0 0
images/mule/0498_2224681003.jpg 0 0 0 1 0 0 0 0 0 0 0 0 0 0 1 1 0 0 0 1 0
images/porcupine/0530_506312851.jpg 0 0 0 0 0 0 0 0 0 1 0 0 0 0 0 0 0 0 0 0 0
images/vehicle/0532_2387488594.jpg 0 0 0 0 0 0 0 0 0 0 0 0 1 0 0 0 0 0 1 0 1
images/lake/0391_682244477.jpg 0 0 0 1 0 0 1 1 0 0 0 1 0 1 1 0 0 0 0 1 0
images/mosques/0036_2369409690.jpg 0 0 0 1 0 0 1 0 0 0 0 1 0 0 1 0 0 0 0 1 0
images/submarine/0536_223200185.jpg 0 0 0 1 0 0 0 0 0 0 0 0 0 0 0 0 0 0 1 0 0
images/rapids/0366_366161619.jpg 0 0 0 0 0 0 0 0 0 0 0 0 0 1 0 0 0 0 0 1 0
images/toll_booth/0651_15342321.jpg 0 0 0 0 0 0 0 0 0 0 0 0 1 0 0 0 0 0 1 0 1
images/car/0417_12915113.jpg 0 0 0 0 0 0 0 0 0 0 0 0 0 0 0 0 0 0 0 1 0
images/tundra/0342_1383240780.jpg 0 0 0 1 0 1 0 0 0 0 0 0 1 0 1 0 0 0 0 0 0
images/vendor/0473_2627094561.jpg 0 0 0 0 0 0 0 0 0 1 0 0 0 0 0 0 0 0 0 0 0
images/vineyard/0254_2231364890.jpg 0 0 0 1 0 0 0 0 0 0 1 0 0 0 1 0 1 1 0 0 0
images/dog/0509_1283290888.jpg 1 0 0 0 0 1 0 1 0 0 0 0 0 0 1 0 0 0 0 0 0
images/leaf/0697_2175222618.jpg 0 0 0 0 1 0 0 0 0 0 1 0 0 0 0 0 0 0 0 0 0
images/firefighter/0015_454348428.jpg 0 0 0 1 0 0 0 0 0 1 0 0 0 0 0 0 0 0 0 0 0
images/fog/0292_1680862003.jpg 0 0 0 0 0 0 0 0 0 0 0 0 0 0 0 0 0 1 0 0 0
images/anemone/0230_394941361.jpg 0 0 0 0 1 1 0 0 0 0 1 0 0 0 0 0 0 0 0 0 0
images/valleys/0238_1403580742.jpg 0 0 0 1 0 0 0 1 0 0 0 0 0 0 1 1 0 0 0 0 0
images/bay/0044_2219945736.jpg 0 0 0 0 0 0 0 0 0 0 0 1 0 0 1 0 0 0 0 1 0
images/courtyard/0244_1605770162.jpg 0 0 1 0 0 0 0 0 0 0 0 0 0 0 0 0 0 0 0 0 1
images/insurgents/0382_1507231520.jpg 0 0 0 0 0 0 0 1 0 0 0 0 0 0 0 0 0 0 0 0 0
images/storms/0515_1244789035.jpg 0 0 0 1 0 0 0 1 0 0 1 0 0 1 1 0 0 0 0 0 0
images/barn/0374_1347256351.jpg 0 0 0 0 0 1 0 0 0 0 0 0 0 0 1 0 0 1 0 0 0
images/rainy/0520_2450128848.jpg 0 0 0 0 1 0 0 0 0 0 1 0 0 0 0 0 0 0 0 0 0
images/stock_market/0598_202025068.jpg 0 0 0 0 0 0 0 0 0 1 0 0 0 0 0 0 0 0 0 0 0
images/sidewalk/0583_1454568294.jpg 0 0 0 0 0 1 0 0 0 0 0 0 0 0 0 0 0 0 0 0 0
images/tanks/0267_1213947979.jpg 0 0 0 1 0 0 0 0 0 0 0 0 0 0 1 0 0 0 1 0 0
images/barge/0305_155673367.jpg 0 0 0 1 0 0 1 0 0 0 0 1 0 0 1 0 0 1 0 1 0
images/fire_station/0023_210120318.jpg 0 0 0 0 0 0 0 0 0 1 0 0 0 0 1 0 0 0 1 0 0
images/arctic/0503_2289828813.jpg 0 0 0 1 0 0 0 0 0 0 0 1 0 1 1 0 0 0 0 1 0
images/anemone/0471_18509460.jpg 0 0 0 0 1 0 0 0 0 0 0 0 0 0 0 0 0 0 0 0 0
images/chairs/0457_483887759.jpg 0 1 0 1 0 0 0 0 1 0 0 0 0 0 0 0 0 0 0 0 0
images/tanker/0257_2304242921.jpg 0 0 0 0 0 0 0 0 0 0 0 0 0 0 1 0 0 0 1 0 1
images/alley/0363_2099901276.jpg 0 0 0 0 0 0 0 0 0 0 0 0 0 0 0 0 0 0 0 0 1
images/house/0368_2298776764.jpg 0 1 1 0 0 0 1 0 0 0 0 1 0 0 1 0 0 0 0 1 0
images/canyon/0598_476641364.jpg 0 0 0 1 0 0 0 0 0 0 0 0 0 1 1 0 0 0 0 0 0
images/road_block/0339_2722401758.jpg 0 0 0 0 0 0 0 0 0 1 0 0 0 0 0 1 0 0 0 0 0
images/buildings/0657_1576448962.jpg 0 0 0 0 0 0 1 0 1 0 0 0 0 1 1 0 0 0 0 1 0
images/mushrooms/0495_1911872244.jpg 0 0 0 0 0 0 0 0 0 0 1 0 0 0 0 0 0 0 0 0 0
images/shops/0087_2554563475.jpg 0 0 1 1 0 0 0 0 0 0 0 0 0 0 1 0 1 0 0 0 0
images/pond/0471_223954731.jpg 0 0 0 1 0 1 0 1 0 0 0 1 0 0 1 0 0 0 0 1 0
images/rocks/0469_2013558240.jpg 0 0 0 1 0 0 1 1 0 0 0 0 0 1 1 0 0 0 0 1 0
images/trunk/0331_436274978.jpg 0 0 0 1 0 0 1 0 1 0 0 0 0 0 1 0 0 1 0 1 0
images/pool/0587_482398045.jpg 0 0 0 0 0 0 0 0 0 0 0 0 0 0 0 0 0 0 0 1 0
images/fire_station/0070_513697793.jpg 0 0 1 1 0 0 0 0 0 0 0 0 1 0 1 0 0 0 1 0 1
images/valley/0323_2080938751.jpg 0 0 0 0 0 0 1 0 0 0 0 1 0 0 0 0 0 0 0 1 0
images/shell/0514_2314046916.jpg 0 1 0 0 0 0 1 0 0 0 0 0 0 0 1 0 0 0 0 1 0
images/maui/0410_188578066.jpg 1 0 0 0 0 0 0 0 0 0 0 0 0 0 0 0 0 0 0 1 0
images/ships/0508_1386752496.jpg 0 0 0 0 0 0 1 0 1 0 0 0 0 0 1 0 1 0 0 1 0
images/mast/0569_4407374.jpg 0 0 0 0 0 0 1 0 0 0 0 1 0 0 0 0 1 0 0 1 0
images/roofs/0455_1402276874.jpg 0 0 1 1 0 0 0 0 0 0 0 0 0 0 1 0 1 0 0 0 0
images/perch/0349_290343823.jpg 1 0 0 0 0 0 0 0 0 0 0 0 0 0 0 0 0 0 0 0 0
images/houseboat/0321_2715871637.jpg 0 0 0 1 0 0 0 0 0 0 0 0 0 0 1 0 1 0 1 1 0
images/police_station/0055_505202075.jpg 0 0 1 0 0 0 0 0 0 0 0 0 1 0 0 0 0 0 0 0 1
images/snake/0395_324661319.jpg 1 0 0 0 0 0 0 0 0 0 0 0 1 0 0 0 0 0 0 0 0
images/deer/0471_366262450.jpg 1 0 0 0 0 0 0 0 0 0 0 0 0 0 0 0 0 0 0 0 1
images/rifles/0466_2278994239.jpg 0 0 0 0 0 0 0 0 0 0 0 0 0 0 0 0 0 0 0 0 1
images/islands/0541_10251291.jpg 0 1 0 1 0 0 1 1 1 0 0 0 0 0 1 0 0 0 0 1 0
images/kauai/0061_2564493073.jpg 0 1 0 1 0 0 1 1 1 0 0 0 0 0 1 0 1 0 0 1 0
images/architecture/0478_136464207.jpg 0 0 1 1 0 0 0 0 0 0 0 1 0 0 1 0 1 0 0 1 0
images/mast/0481_83190426.jpg 0 0 0 0 0 0 0 1 0 0 0 0 0 1 1 0 0 0 0 1 0
images/weather/0483_2193151654.jpg 0 0 0 0 0 0 0 0 0 1 0 0 0 0 0 1 0 0 0 0 0
images/orchid/0400_2648987046.jpg 0 0 0 0 1 0 0 0 0 0 0 0 0 0 0 0 0 0 0 1 0
images/aqueduct/0439_1452319287.jpg 0 0 0 0 0 1 0 0 0 0 0 0 0 0 0 0 0 0 0 0 0
images/shops/0367_2342476584.jpg 0 0 0 0 0 0 0 0 0 1 0 0 1 0 0 0 0 0 0 0 0
images/host/0321_1114294278.jpg 0 0 0 0 0 0 0 0 0 0 0 0 0 0 1 0 0 0 1 0 0
images/traffic/0417_336393316.jpg 0 0 0 1 0 0 1 0 1 0 0 1 0 0 1 0 0 0 1 1 0
images/peaks/0095_2530863881.jpg 0 0 0 1 0 0 1 1 0 0 0 0 0 0 1 0 0 0 0 1 0
images/trail/0571_1730104107.jpg 0 0 0 0 0 1 0 0 0 0 1 0 1 0 0 0 0 1 0 0 0
images/field/0573_2664307282.jpg 0 0 0 1 0 0 0 0 0 0 0 0 0 0 1 0 0 1 0 0 0
images/running/0349_2466305454.jpg 1 0 0 0 0 1 0 0 0 0 0 0 0 0 0 0 0 1 0 0 0
images/parking_lot/0312_229146627.jpg 1 0 0 0 0 0 0 0 0 0 0 0 0 0 0 0 0 0 0 0 0
images/coral/0226_1105320186.jpg 0 1 0 0 0 0 1 0 1 0 0 0 0 0 0 0 0 0 0 1 0
images/pool/0287_558840646.jpg 0 0 0 0 0 0 0 0 0 1 0 0 0 0 0 0 0 0 0 0 0
images/television_tower/0368_508009785.jpg 0 0 1 1 0 0 0 0 0 1 0 0 0 0 1 0 0 0 0 0 1
images/cruise_liner/0280_151519860.jpg 0 0 0 0 0 1 0 0 0 0 0 0 0 0 0 0 0 0 0 0 0
images/butterfly/0444_218578426.jpg 1 0 0 0 1 0 0 0 0 0 0 0 0 0 0 0 0 0 0 0 0
images/hills/0372_2230789847.jpg 0 0 0 1 0 0 0 0 0 0 0 0 0 0 1 1 1 1 0 0 0
images/saguaro/0232_775565148.jpg 0 0 0 1 0 0 0 0 0 0 0 0 0 0 1 0 0 0 0 0 0
images/avalanche/0355_203664237.jpg 0 0 0 1 0 0 0 0 0 0 0 0 0 0 1 1 0 0 0 0 0
images/foals/0678_1427808423.jpg 0 0 0 0 0 0 0 0 0 1 0 0 0 0 0 0 0 0 0 0 0
images/waterfalls/0429_410198887.jpg 0 0 0 0 0 0 0 0 0 0 0 0 0 1 0 0 0 0 0 0 0
images/hawaii/0309_1030735406.jpg 0 0 0 1 0 0 0 0 0 0 0 0 0 1 1 0 1 0 0 1 0
images/ditch/0404_130001361.jpg 0 0 0 0 0 0 0 0 0 0 0 0 0 1 1 0 0 0 0 0 0
images/baby/0270_391157847.jpg 0 0 0 1 0 0 0 0 0 0 0 0 0 0 0 0 0 0 0 0 1
images/shrubs/0310_264787802.jpg 0 0 0 1 0 0 0 0 0 0 0 0 1 0 1 0 0 0 0 1 0
images/moss/0410_2130321918.jpg 0 0 0 0 0 0 0 0 0 0 1 0 0 1 0 0 0 0 0 1 0
images/restaurant/0670_291332130.jpg 0 0 0 0 1 0 0 0 0 0 0 0 0 0 0 0 0 0 0 0 0
images/cruise_liner/0512_2483136122.jpg 0 0 1 1 0 0 0 0 0 0 0 0 0 0 1 0 0 0 0 1 0
images/fox/0237_111952255.jpg 0 0 0 0 0 0 0 1 0 0 0 0 0 1 0 0 0 0 0 1 0
images/iguana/0265_2242227467.jpg 1 0 0 0 0 0 0 0 0 0 0 0 1 0 0 0 0 0 0 0 0
images/zebra/0359_85858803.jpg 1 0 0 0 0 0 0 0 0 0 0 0 1 0 0 0 0 0 0 1 0
images/petals/0397_483639353.jpg 0 0 0 0 1 0 0 0 0 0 1 0 0 0 0 0 0 0 0 0 0
images/mist/0497_309440700.jpg 0 0 0 1 0 0 0 1 0 0 0 0 0 0 0 1 0 0 0 0 0
images/urban_park/0437_127625025.jpg 1 0 0 0 0 1 0 0 0 0 0 1 1 0 0 0 0 0 0 1 0
images/arch/0568_1389527117.jpg 0 0 0 0 0 0 0 0 0 0 0 0 0 1 0 0 0 0 0 1 0
images/cabin/0381_2155986651.jpg 0 0 0 1 0 0 0 0 0 0 0 0 0 0 0 1 0 0 0 0 1
images/antlers/0274_2129924460.jpg 1 0 0 0 0 1 0 0 0 0 0 0 0 0 0 0 0 0 0 0 0
images/harbor/0243_2092128724.jpg 0 0 0 1 0 0 0 0 0 0 0 1 0 1 1 0 1 0 0 1 0
images/peaks/0436_2608134816.jpg 0 0 0 1 0 0 0 1 0 0 0 0 0 0 1 1 0 0 0 0 0
images/tulip/0080_393289077.jpg 0 0 0 1 1 0 0 0 0 0 1 0 0 0 0 0 0 0 0 0 0
images/swimming/0219_1530562858.jpg 1 0 0 0 0 0 0 0 0 0 0 1 0 0 0 0 0 0 0 1 0
images/dall/0490_244384173.jpg 1 0 0 1 0 0 0 1 0 0 0 0 0 1 1 0 0 0 0 0 0
images/pipelines/0094_750208996.jpg 0 0 0 1 0 0 0 0 0 0 0 0 1 0 1 0 0 0 0 0 0
images/aircraft_carrier/0422_79363777.jpg 0 0 0 0 0 0 0 0 0 1 0 0 0 0 0 0 0 0 0 1 0
images/smoke_stack/0354_2178395249.jpg 0 0 0 1 0 0 0 0 0 0 0 0 0 0 1 1 0 0 0 0 0
images/beach/0362_1570822914.jpg 0 1 0 1 0 0 0 0 0 0 0 0 0 0 1 0 0 0 0 0 0
images/rapids/0407_1258929233.jpg 0 0 0 1 0 0 1 0 0 0 0 0 0 1 1 0 0 0 0 1 0
images/backpackers/0375_492987063.jpg 0 0 1 0 0 0 0 0 0 1 0 0 0 0 1 0 0 0 0 0 0
images/hill/0206_1224990681.jpg 0 0 0 1 0 0 1 1 0 0 0 1 0 0 1 0 1 0 0 1 0
images/lighthouse/0452_2501375743.jpg 0 1 0 1 0 0 1 0 1 0 0 0 0 0 1 0 1 0 0 1 0
images/clearing/0325_297414916.jpg 0 0 0 0 0 1 0 0 0 0 0 0 1 0 0 0 0 1 0 0 0
images/sails/0615_219215245.jpg 0 1 0 1 0 0 0 0 0 0 0 0 0 0 1 0 0 0 0 0 0
images/cows/0369_2410043062.jpg 1 0 0 0 0 0 0 0 0 0 0 0 0 0 1 0 0 0 0 0 0
images/slope/0098_2232561506.jpg 0 0 0 1 0 0 0 1 0 0 0 0 0 0 1 1 0 0 0 0 0
images/gas_station/0269_493274225.jpg 0 0 0 0 0 0 0 0 0 1 0 0 1 0 0 0 0 0 0 0 0
images/cliff/0406_1932006274.jpg 0 0 0 1 0 0 1 0 1 0 0 0 0 0 1 0 1 0 0 1 0
images/bay/0096_1219912535.jpg 0 0 0 0 0 0 0 0 0 0 0 0 0 0 1 0 0 1 0 1 0
images/judge/0585_198431229.jpg 0 0 0 0 1 0 0 0 0 0 1 0 0 0 0 0 0 0 0 0 0
images/barn/0522_2213738097.jpg 0 0 1 1 0 0 0 0 0 0 0 0 0 0 1 1 0 0 0 0 1
images/bear/0549_1636020.jpg 0 0 0 0 0 0 0 0 0 0 0 0 0 0 0 0 0 1 0 0 0
images/horizon/0401_196241784.jpg 0 0 0 1 0 0 1 0 1 0 0 0 0 0 0 0 0 0 0 1 0
images/actor/0205_1112811258.jpg 0 0 0 0 0 0 0 0 0 1 0 0 0 0 0 0 0 0 0 0 0
images/donkeys/0030_431050697.jpg 1 0 0 0 0 1 0 0 0 0 0 0 0 0 1 0 0 0 0 0 0
images/spider/0474_94281344.jpg 1 0 0 0 0 0 0 0 0 0 0 1 0 0 0 0 0 0 0 0 0
images/spider/0296_2085888741.jpg 0 0 1 1 0 0 0 0 0 0 0 0 0 0 1 0 1 0 0 0 0
images/log/0315_2185608720.jpg 1 0 0 0 0 0 1 0 0 0 0 1 0 0 0 0 0 0 0 1 0
images/horses/0617_640603502.jpg 1 0 0 0 0 0 0 0 0 1 0 0 0 0 0 0 0 0 0 0 0
images/crab/0060_530075213.jpg 0 0 0 0 0 0 0 0 0 1 0 0 0 0 0 0 0 0 0 0 0
images/coast/0255_111853300.jpg 0 1 0 1 0 0 1 0 0 0 0 1 0 0 1 0 0 0 0 1 0
images/tortoise/0573_39347649.jpg 0 0 0 0 0 0 0 0 0 0 0 0 0 0 0 0 0 1 0 0 0
images/branch/0310_384902775.jpg 0 0 0 0 0 0 0 0 0 0 0 0 0 0 0 1 0 0 0 1 0
images/formation/0444_2711079114.jpg 0 0 0 0 0 0 0 0 0 0 0 0 0 1 1 0 0 0 0 0 0
images/shadows/0287_54050141.jpg 0 0 0 0 0 0 0 0 0 1 0 0 0 0 0 0 0 0 0 0 0
images/riot/0091_114316101.jpg 0 0 0 0 0 0 0 0 0 1 0 0 0 0 0 0 0 0 0 0 1
images/porches/0524_1455703144.jpg 0 0 1 0 0 0 0 0 0 0 0 0 1 0 1 0 0 0 0 0 0
images/dock/0280_2323601588.jpg 0 0 0 1 0 0 0 0 0 0 0 0 0 0 0 0 0 0 0 0 0
images/nighttime/0383_81742818.jpg 0 0 1 1 0 0 0 0 0 0 0 0 0 0 1 0 1 0 0 0 0
images/tracks/0355_419153139.jpg 0 0 0 0 0 0 0 0 0 0 0 0 0 0 1 0 1 0 0 0 0
images/orchid/0410_1983915889.jpg 0 0 0 0 1 0 0 0 0 0 1 0 0 0 0 0 0 0 0 0 0
images/wings/0653_755437313.jpg 1 0 0 0 1 0 0 0 0 0 0 0 0 0 0 0 0 0 0 0 0
images/field/0479_490538790.jpg 0 0 0 1 0 1 0 0 0 1 0 0 0 1 1 0 0 0 0 0 0
images/radar/0470_2082084194.jpg 1 0 0 0 0 1 0 0 0 0 0 0 0 0 0 0 0 0 0 0 0
images/foals/0049_136592344.jpg 1 0 0 1 0 1 0 0 0 0 0 0 0 0 1 0 0 0 0 0 0
images/golf_course/0581_2426662832.jpg 0 0 0 0 0 0 0 0 0 0 1 0 0 0 0 0 0 1 0 0 0
images/wind_powerplant/0022_322138564.jpg 0 0 0 1 0 0 0 0 0 0 0 0 0 0 1 0 0 0 0 0 0
images/vegetables/0028_2468987998.jpg 0 0 0 0 1 0 0 0 0 0 1 0 0 0 0 0 0 0 0 0 0
images/maui/0523_451716834.jpg 1 0 0 0 0 0 0 0 1 0 0 0 0 0 0 0 0 0 0 1 0
images/cliff/0524_2052785240.jpg 0 1 0 0 0 0 0 0 1 0 0 0 0 0 0 0 0 0 0 1 0
images/frigate/0468_2684755862.jpg 0 0 0 0 0 1 1 0 1 0 1 0 0 0 0 0 0 0 0 1 0
images/marsh/0544_2204707686.jpg 0 0 0 1 0 0 0 0 0 0 0 0 1 1 0 0 0 0 0 0 0
images/power_plant/0224_2236418234.jpg 0 0 1 0 0 0 0 0 0 0 0 0 0 0 0 0 0 0 0 0 0
images/clearing/0567_826366565.jpg 1 0 0 0 0 0 0 0 0 0 0 0 0 0 0 0 0 0 0 0 0
images/flags/0639_2515899872.jpg 0 0 1 0 0 0 0 0 0 0 0 0 0 0 1 0 0 0 0 0 0
images/skiing/0396_251149915.jpg 0 0 0 0 0 0 0 0 0 0 0 0 0 0 1 1 0 0 0 0 0
images/giant/0488_2393044383.jpg 1 0 0 0 0 0 0 0 0 0 0 0 0 0 0 0 0 0 0 0 0
images/steeple/0254_2350246592.jpg 0 0 1 0 0 0 0 0 0 0 0 0 0 0 0 0 0 0 0 0 0
images/forest/0395_1760260357.jpg 0 0 0 0 0 0 0 0 0 0 0 0 0 0 0 0 0 1 0 0 0
images/hut/0458_2228594981.jpg 0 0 0 0 0 0 0 1 0 0 1 0 0 0 1 0 0 0 0 0 0
images/reefs/0304_503736063.jpg 0 1 0 0 0 0 1 0 1 0 0 0 0 0 1 0 0 0 0 1 0
images/canoe/0262_2150301125.jpg 0 0 0 1 0 0 1 0 1 0 0 1 0 0 1 0 1 0 0 1 0
images/harbors/0387_2362662569.jpg 0 0 0 1 0 0 1 0 0 0 0 0 0 0 1 0 0 0 0 1 0
images/laboratory/0557_2507555197.jpg 0 0 1 1 0 1 0 0 0 0 0 0 0 0 0 0 0 0 0 0 0
images/formula/0050_2559872228.jpg 0 0 0 0 0 1 0 0 0 0 0 0 1 0 0 0 0 0 1 0 0
images/ship/0579_2283405167.jpg 0 0 0 0 0 0 1 0 0 0 0 1 0 0 1 0 0 0 0 1 0
images/pebbles/0361_82608996.jpg 0 1 0 0 0 0 0 0 0 0 0 0 0 1 1 0 0 0 0 1 0
images/town/0325_184189993.jpg 0 0 0 0 0 0 0 0 0 0 0 0 0 0 0 0 0 0 1 0 0
images/deer/0271_2682037391.jpg 1 0 0 0 0 0 0 0 0 0 0 1 0 0 0 0 0 0 0 1 0
images/grizzly/0502_2651014949.jpg 1 0 0 0 0 1 0 0 0 0 0 0 0 0 0 0 0 0 0 0 0
images/fan/0599_186387896.jpg 0 0 1 0 0 0 0 0 0 1 0 0 0 0 0 0 0 0 0 0 0
images/peaks/0094_2229999899.jpg 0 0 0 1 0 0 0 1 0 0 0 0 0 0 1 1 0 0 0 0 0
images/arch/0208_440129903.jpg 0 0 0 1 0 0 0 0 0 0 0 0 0 0 0 0 1 0 0 0 0
images/aerial/0508_2736628839.jpg 0 0 0 1 0 0 0 0 0 0 0 0 0 0 1 0 0 0 0 1 0
images/hill/0272_2424162064.jpg 0 0 1 1 0 0 0 0 0 0 0 0 0 0 1 0 0 0 0 0 0
images/swimming/0493_188297105.jpg 0 1 0 1 0 0 0 0 1 0 0 0 0 0 1 0 0 0 0 1 0
images/photographers/0089_2585210259.jpg 0 0 0 0 0 0 0 0 0 1 0 0 0 0 0 0 0 0 0 0 0
images/hawaii/0572_2285463230.jpg 0 0 0 0 0 0 0 0 0 0 1 0 0 0 1 0 1 1 0 0 0
images/lichen/0078_2052211792.jpg 0 0 0 0 0 0 0 0 0 0 1 0 0 0 0 0 0 0 0 0 0
images/swimmer/0329_2688381381.jpg 0 0 0 0 0 0 1 0 1 0 0 0 0 0 1 0 0 0 0 1 0
images/photographers/0306_242719336.jpg 0 0 1 1 0 0 0 0 0 0 0 0 0 0 1 0 0 0 0 0 0
images/gym/0369_2600979634.jpg 0 0 0 0 0 0 0 0 0 1 0 0 0 0 0 0 0 0 0 0 0
images/locomotive/0515_1307067238.jpg 0 0 0 1 0 0 0 0 0 0 0 0 0 0 1 0 0 0 1 0 0
images/powerlines/0374_2614566965.jpg 0 0 0 1 0 0 0 0 0 0 0 0 0 0 1 0 0 0 0 0 0
images/congressman/0365_2626061714.jpg 0 0 0 0 0 0 0 0 0 1 0 0 0 0 1 0 0 0 0 0 0
images/outside/0556_2087913248.jpg 0 0 0 0 0 0 0 1 0 0 0 0 0 1 0 1 0 0 0 1 1
images/volcano/0462_705954885.jpg 0 0 0 1 0 0 0 1 0 0 0 0 0 1 1 0 0 1 0 0 0
images/animal/0505_1895786457.jpg 1 0 0 1 0 1 0 0 0 0 0 0 0 0 1 0 0 0 0 0 0
images/clothes/0325_2260662495.jpg 0 0 0 0 0 0 0 0 0 1 0 0 0 0 0 0 0 0 0 0 0
images/library/0319_2446475309.jpg 0 0 1 0 0 0 1 0 0 0 0 1 0 0 1 0 1 0 0 1 0
images/river/0374_472763630.jpg 0 0 0 0 0 0 0 0 0 0 1 1 0 0 0 0 0 1 0 1 0
images/palm/0409_2498344443.jpg 0 1 0 1 0 0 1 0 1 0 0 0 0 0 1 0 0 0 0 1 0
images/empire_state/0091_2140329234.jpg 0 0 1 0 0 0 0 0 0 0 0 1 0 0 1 0 0 0 0 1 0
images/slope/0308_2333243419.jpg 0 0 0 0 0 0 0 1 0 0 0 0 0 1 1 1 0 0 0 0 0
images/fish/0539_2344383404.jpg 1 0 0 0 0 0 0 0 0 0 0 0 0 0 0 0 0 0 0 1 0
images/powerlines/0429_549701040.jpg 0 0 0 0 0 0 0 0 0 0 0 0 0 0 1 0 0 0 0 0 0
images/warehouse/0097_2715869312.jpg 0 0 1 1 0 0 0 0 0 0 0 0 0 0 1 0 1 0 0 0 0
images/face/0569_341031790.jpg 0 0 0 0 0 0 0 0 0 1 0 0 0 0 0 0 0 0 0 0 0
images/referees/0534_2263555097.jpg 0 0 0 0 0 0 0 0 0 1 0 0 0 0 0 0 0 0 0 0 0
images/adult/0298_389648766.jpg 0 0 0 0 0 0 0 0 0 1 0 0 1 0 0 0 0 0 0 0 0
images/porcupine/0230_2530337206.jpg 0 0 0 1 0 0 0 0 0 0 0 0 0 1 1 0 0 0 0 0 0
images/pebbles/0558_399549127.jpg 0 1 0 1 0 0 1 0 1 0 0 0 0 0 1 0 0 0 0 1 0
images/freighter/0064_147842737.jpg 1 0 0 1 0 0 1 0 0 0 0 0 0 0 1 0 0 0 1 1 0
images/flag/0223_1231794463.jpg 0 0 0 0 0 0 1 0 1 0 0 0 0 0 1 0 1 0 0 1 0
images/camera/0455_2260161912.jpg 0 0 0 1 0 0 0 1 0 0 0 0 0 0 1 1 0 0 0 0 0
images/remains/0520_273113135.jpg 0 0 0 0 0 1 0 0 0 0 0 0 0 0 1 0 0 1 0 0 0
images/fish/0489_429150489.jpg 1 0 0 0 0 0 0 0 0 0 0 0 0 0 0 0 0 0 0 0 0
images/windows/0444_1546532888.jpg 0 0 0 0 0 0 0 0 0 0 0 0 0 0 1 0 0 0 0 0 1
images/sailboats/0443_2543672346.jpg 0 1 0 1 0 0 1 0 1 0 0 0 0 0 1 0 0 0 0 1 0
images/rockface/0571_262727880.jpg 0 0 0 1 0 0 1 1 1 0 0 0 0 0 1 0 0 0 0 1 0
images/gate/0552_1542116956.jpg 0 0 0 0 0 0 0 0 0 0 1 0 1 0 1 0 0 0 0 0 0
images/harbors/0318_2550101652.jpg 0 0 1 0 0 0 0 0 0 0 0 0 0 0 1 0 0 0 1 1 1
images/trunk/0505_467966921.jpg 0 0 0 0 0 0 0 0 0 0 1 0 0 0 0 0 0 0 0 0 0
images/goat/0477_729209579.jpg 1 0 0 0 0 0 0 0 0 0 0 0 0 1 1 0 0 0 0 0 0
images/cows/0387_268666027.jpg 0 0 0 1 0 1 0 1 0 0 0 0 0 0 1 0 0 0 0 0 0
images/sailboats/0337_2538752423.jpg 0 0 0 1 0 0 1 0 0 0 0 1 0 0 1 0 0 0 0 1 0
images/rose/0330_2256898882.jpg 0 0 0 0 1 0 0 0 0 0 0 0 0 0 0 0 0 0 0 0 0
images/arctic/0576_164520885.jpg 0 0 0 1 0 0 0 0 1 0 0 0 0 0 1 1 0 0 0 1 0
images/ship/0350_2264246503.jpg 0 0 0 1 0 0 0 0 0 0 0 0 0 0 0 0 0 0 0 1 0
images/remains/0006_513241558.jpg 0 1 0 1 0 0 0 0 1 0 0 0 0 0 1 0 0 0 0 0 0
images/office_building/0418_1435226878.jpg 0 0 1 1 0 0 0 0 0 0 0 0 0 1 1 0 0 0 0 1 0
images/costume/0684_95194928.jpg 0 0 0 0 0 0 0 0 0 1 0 0 0 0 0 0 0 0 0 0 0
images/mare/0219_491120523.jpg 0 1 0 0 0 0 1 0 1 1 0 0 0 0 1 0 0 0 0 1 0
images/backpackers/0268_2436442313.jpg 0 0 0 0 0 1 1 1 1 0 0 0 0 1 1 0 0 0 0 0 0
images/avalanche/0358_151688576.jpg 0 0 0 0 0 0 0 0 0 0 0 0 0 0 0 1 0 0 0 0 0
images/islands/0582_2259017190.jpg 0 0 0 1 0 0 1 0 0 0 0 1 0 1 0 0 0 0 0 1 0
images/waterfalls/0564_581663278.jpg 0 0 0 0 0 0 0 0 0 0 1 0 0 1 0 0 0 0 0 1 0
images/hawaii/0346_222023383.jpg 0 0 0 0 0 0 0 0 1 0 0 0 0 0 1 0 1 1 0 1 0
images/politics/0060_417471694.jpg 0 0 1 0 0 0 0 0 0 1 0 0 0 0 1 0 0 0 0 0 0
images/slope/0465_2345498601.jpg 0 0 0 1 0 0 0 1 0 0 0 0 1 1 1 1 0 1 0 0 0
images/cafe/0238_2671943257.jpg 0 0 0 1 0 1 0 1 0 0 0 0 1 0 1 0 0 1 0 0 0
images/fog/0057_412021694.jpg 0 1 0 1 0 0 1 0 0 0 0 1 0 0 1 0 0 0 0 1 0
images/canoe/0331_544534650.jpg 0 1 0 1 0 0 1 0 1 0 0 0 0 0 1 0 0 0 0 1 0
images/urban_scenes/0205_1164968.jpg 0 0 1 1 0 0 0 0 0 0 0 0 0 0 0 0 0 0 0 0 0
images/moon/0493_676354402.jpg 0 0 0 1 0 0 1 0 1 0 0 0 0 0 1 0 0 0 0 1 0
images/poppies/0204_2404463665.jpg 0 0 0 1 1 0 0 0 0 0 1 0 0 0 1 0 0 0 0 0 0
images/buddha/0016_109721663.jpg 0 1 0 1 0 0 0 0 0 0 0 1 0 0 0 0 0 0 0 1 0
images/plain/0385_432268381.jpg 0 0 0 1 0 0 0 0 0 0 0 0 0 0 1 0 0 1 0 0 0
images/rocks/0535_352550317.jpg 0 0 0 0 0 0 0 0 0 0 0 0 0 1 0 0 0 0 0 1 0
images/beach/0291_280815401.jpg 0 1 0 1 0 0 1 0 1 0 0 0 0 1 1 0 1 0 0 1 0
images/arctic/0402_1398679545.jpg 0 0 0 0 0 0 0 0 0 0 0 0 0 0 0 0 0 0 0 0 1
images/shore/0234_421361198.jpg 0 1 0 1 0 0 0 0 1 0 0 0 0 0 1 0 0 0 0 0 0
images/needles/0631_2277487440.jpg 0 0 0 0 1 0 0 0 0 0 1 0 0 0 0 0 0 0 0 0 0
images/reefs/0339_32373903.jpg 0 0 0 0 0 0 0 0 0 0 0 0 0 0 1 0 0 0 0 1 0
images/cars/0545_1915613415.jpg 0 0 0 0 0 0 0 0 0 0 0 0 1 0 0 0 0 0 1 0 0
images/firefighter/0455_868833942.jpg 0 0 0 0 0 0 0 0 0 0 0 0 0 0 0 0 0 0 1 0 1
images/raft/0053_2743109853.jpg 0 0 0 0 0 0 0 0 0 0 0 1 0 0 0 0 0 0 0 1 0
images/truck/0360_2098232227.jpg 0 0 0 0 0 0 0 0 0 0 0 0 1 0 0 0 0 0 0 0 1
images/ice/0464_416951407.jpg 0 0 0 0 0 0 1 0 1 0 0 1 0 0 1 0 1 0 0 1 0
images/ship/0692_1565023805.jpg 0 1 0 0 0 0 0 0 0 0 0 0 0 0 0 0 0 0 0 1 0
images/courtyard/0246_2410894860.jpg 0 0 1 1 0 0 0 0 0 0 0 0 0 0 1 0 0 0 0 0 0
images/frost/0459_2214099490.jpg 0 0 0 0 0 0 1 0 0 0 0 1 0 0 0 0 0 1 0 1 0
images/urban_scenes/0486_2652178795.jpg 0 0 1 1 0 0 0 0 0 0 0 0 0 0 0 0 0 0 0 0 0
images/desert/0012_1055877482.jpg 0 0 0 0 0 1 0 0 0 0 0 0 0 0 0 0 0 0 0 0 0
images/orchid/0201_1360131049.jpg 0 0 0 0 1 0 0 0 0 0 1 0 0 0 0 0 0 0 0 0 0
images/moss/0662_448241093.jpg 0 0 0 0 0 0 0 0 0 0 1 0 0 0 0 0 0 0 0 0 0
images/valley/0291_2117396500.jpg 0 0 0 0 0 0 0 1 0 0 0 0 0 0 1 0 0 0 0 0 0
images/peaks/0267_2050299604.jpg 0 0 0 1 0 0 0 1 0 0 1 0 0 1 1 0 0 0 0 0 0
images/herd/0448_1164385224.jpg 0 0 0 1 0 0 0 0 0 0 0 0 0 0 1 0 1 0 0 0 0
images/helicopter/0292_407753325.jpg 0 0 0 0 0 1 0 1 0 0 0 0 0 0 0 0 0 0 0 0 0
images/bus/0409_1037837231.jpg 0 0 1 0 0 0 0 0 0 0 0 0 0 0 0 0 0 0 1 0 1
images/host/0522_1534018117.jpg 0 0 0 0 0 0 0 0 0 0 0 0 0 0 0 0 0 0 0 1 0
images/insurgents/0269_2276723112.jpg 0 0 0 0 0 0 0 0 0 1 0 0 0 0 0 0 0 0 0 0 0
images/photographers/0281_2401655916.jpg 0 1 0 1 0 0 1 0 1 0 0 0 0 0 1 0 1 0 0 1 0
images/castle/0407_1091156193.jpg 0 0 0 1 0 0 1 0 0 0 0 0 0 0 1 0 0 0 0 1 0
images/suits/0568_1543878379.jpg 0 0 0 0 0 0 0 0 0 1 0 0 0 0 0 0 0 0 0 0 0
images/tower/0540_1206159183.jpg 0 0 0 1 0 0 0 0 0 0 0 1 0 0 1 0 0 0 0 1 0
images/sails/0305_2455922719.jpg 0 0 0 1 0 0 0 0 0 0 1 1 0 0 1 0 0 0 0 1 0
images/swimming_pools/0448_2663553878.jpg 0 0 0 0 0 0 0 0 1 1 0 0 0 0 0 0 0 0 0 1 0
images/stick/0259_469567117.jpg 0 1 0 0 0 0 0 0 1 0 0 0 0 0 0 0 0 0 0 0 0
images/waterways/0350_349234323.jpg 0 0 1 0 0 0 1 0 0 0 0 0 0 0 1 0 0 0 0 1 0
images/cactus/0451_537375479.jpg 0 0 0 0 1 0 0 0 0 0 0 0 0 0 0 0 0 0 0 0 0
images/tomb/0563_25936411.jpg 0 0 0 1 0 1 0 0 0 0 0 0 0 0 1 0 0 0 0 0 0
images/autumn/0385_269178278.jpg 0 0 0 0 0 0 0 0 0 0 0 1 0 0 0 0 0 1 0 1 0
images/fox/0396_2672776985.jpg 1 0 0 0 0 1 0 0 0 0 0 0 0 0 0 0 0 0 0 0 0
images/sidewalks/0595_2132887501.jpg 0 0 1 0 0 0 0 0 0 0 0 0 0 0 0 0 0 0 0 0 0
images/cars/0473_110323842.jpg 0 0 1 0 0 0 0 0 0 0 0 0 1 0 1 0 0 0 0 0 0
images/tree/0468_520032999.jpg 0 0 0 0 0 1 0 0 0 0 0 0 0 0 0 0 0 1 0 0 0
images/maps/0664_2552440850.jpg 0 0 0 0 0 0 0 0 0 1 0 0 0 0 0 0 0 0 0 0 0
images/shirt/0562_2354968582.jpg 0 0 1 0 0 0 0 0 0 1 0 0 0 0 1 0 0 0 0 0 0
images/boats/0383_2443613502.jpg 0 0 0 1 0 0 1 0 1 0 0 1 0 0 1 0 0 0 0 1 0
images/shops/0369_2033278704.jpg 0 0 0 0 0 0 0 0 0 1 0 0 0 0 0 0 0 0 0 0 0
images/valleys/0027_1861445289.jpg 0 0 0 0 0 1 0 1 0 0 0 0 0 0 1 0 0 0 0 1 0
images/reefs/0430_2370154968.jpg 0 1 0 1 0 0 0 0 1 0 0 0 0 0 1 0 0 0 1 1 0
images/beach/0566_363786675.jpg 0 1 0 0 0 0 0 0 0 0 0 0 0 0 1 0 0 0 0 1 0
images/canal/0309_1803923523.jpg 0 0 0 0 0 0 0 0 0 0 0 1 0 0 0 0 0 1 0 0 0
images/castle/0323_397940862.jpg 0 0 0 1 0 1 0 0 0 0 0 0 0 1 1 0 0 1 0 0 0
images/night/0453_2057205338.jpg 0 0 0 0 0 0 0 0 0 0 0 1 0 0 1 0 0 0 0 0 0
images/flags/0072_2270326693.jpg 0 1 0 1 0 0 1 0 0 0 0 0 0 0 1 0 1 0 0 1 0
images/lake/0340_197931856.jpg 0 0 0 1 0 0 1 1 0 0 1 1 0 1 1 0 0 0 0 1 0
images/crops/0434_625803930.jpg 0 0 0 1 0 1 0 0 0 0 0 0 0 0 1 0 0 0 1 0 0
images/city/0502_1023584596.jpg 0 0 0 0 0 0 0 0 1 0 0 0 0 0 1 0 0 0 0 1 0
images/coral/0266_2377842361.jpg 0 1 0 1 0 0 1 0 1 0 0 0 0 0 1 0 0 0 0 1 0
images/emergency_vehicles/0060_2170448678.jpg 0 0 0 1 0 0 0 0 0 0 0 0 0 0 1 0 0 0 1 0 1
images/raft/0524_1982125013.jpg 0 0 0 1 0 0 0 0 0 0 0 0 0 0 1 0 0 0 0 1 0
images/storm/0327_695990414.jpg 0 0 0 1 0 1 0 1 0 0 1 0 0 0 1 1 0 0 0 0 0
images/cougar/0080_2299676244.jpg 1 0 0 0 0 0 0 0 0 0 0 0 0 0 0 1 0 0 0 0 0
images/cliff/0087_2209302748.jpg 0 0 0 0 0 0 0 0 1 0 0 0 0 1 1 0 1 0 0 0 0
images/range/0495_2388686298.jpg 0 0 0 1 0 0 0 0 0 0 0 0 0 0 1 0 1 0 0 0 0
images/cactus/0450_2446423221.jpg 0 0 0 0 1 0 0 0 0 0 0 0 0 0 0 0 0 0 0 0 0
images/emergency_vehicles/0053_389659553.jpg 0 0 0 0 0 1 0 0 0 0 0 0 0 0 1 0 0 0 1 0 1
images/child/0575_420870009.jpg 0 1 0 1 0 0 0 0 0 1 0 0 0 0 1 0 0 0 0 1 0
images/politics/0538_401201751.jpg 0 0 0 0 0 0 0 0 0 1 0 0 1 0 1 0 0 0 0 0 1
images/railing/0293_2405657296.jpg 0 0 0 1 0 0 0 0 0 0 0 0 0 0 1 0 1 0 0 1 0
images/cottage/0071_2119025258.jpg 0 0 0 0 0 0 0 0 0 0 1 0 0 0 0 0 0 0 0 0 0
images/canoe/0244_1024931896.jpg 0 0 0 1 0 0 1 0 0 0 0 1 0 0 1 0 1 0 0 1 0
images/caribou/0359_272900300.jpg 0 0 1 0 0 1 1 0 0 0 0 1 0 0 0 0 0 0 0 1 0
images/tornado/0640_1588625753.jpg 0 0 0 1 0 1 0 0 0 0 0 0 0 0 1 0 0 0 0 0 0
images/river_bank/0089_2418383122.jpg 0 0 0 0 0 0 1 0 0 0 0 1 0 0 1 0 1 1 0 1 0
images/petals/0377_526075645.jpg 0 0 0 0 1 0 0 0 0 0 1 0 0 0 0 0 0 0 0 0 0
images/grouper/0517_244239810.jpg 1 0 0 0 0 0 0 0 0 0 0 0 0 0 0 0 0 0 0 1 0
images/pair/0551_238314831.jpg 0 0 0 0 1 0 0 0 0 0 0 0 0 0 0 0 0 0 0 0 0
images/plants/0293_1133307742.jpg 0 0 0 0 1 0 0 0 0 0 1 0 0 0 0 0 0 0 0 0 0
images/landscape/0279_2124609158.jpg 0 0 0 0 0 0 0 0 0 0 0 0 0 1 0 1 0 1 0 0 0
images/plaza/0099_2182801226.jpg 0 0 0 1 0 0 0 0 0 0 0 0 1 0 1 0 0 0 0 0 0
images/scotland/0391_273410059.jpg 0 0 0 0 0 0 1 0 0 0 1 0 0 1 0 0 0 0 0 1 0
images/foals/0496_512705673.jpg 1 0 0 0 0 1 0 0 0 0 0 0 0 0 1 0 0 0 0 0 0
images/weather/0597_2403228862.jpg 0 0 0 1 0 0 0 0 0 0 0 0 0 0 1 0 0 0 0 0 0
images/oceans/0468_243387176.jpg 0 1 0 1 0 0 0 0 1 0 0 0 0 0 1 0 1 0 0 1 0
images/raft/0069_2090871540.jpg 0 0 0 1 0 0 1 0 0 0 0 1 0 0 1 0 0 0 0 1 0
images/arctic/0352_216609150.jpg 0 0 0 0 0 0 1 0 0 0 0 0 0 1 1 0 0 0 0 0 0
images/horns/0229_285484288.jpg 0 0 1 1 0 0 0 0 0 0 0 0 0 1 1 0 0 0 0 0 0
images/adult/0005_2478542064.jpg 1 0 0 0 0 0 0 0 0 0 0 0 0 0 1 0 0 0 0 0 0
images/valleys/0450_2423946214.jpg 0 0 0 0 0 0 0 1 0 0 0 0 0 1 0 0 0 0 0 0 0
images/beach/0260_1007118426.jpg 0 1 0 0 0 0 0 0 0 0 0 0 0 0 0 0 1 0 0 1 0
images/raft/0694_192305469.jpg 0 0 0 0 0 0 0 0 0 1 0 0 0 0 0 0 0 0 0 1 0
images/cows/0094_500469006.jpg 1 0 0 0 0 1 0 0 0 0 0 0 0 0 0 0 0 0 0 0 0
images/flag/0475_513472967.jpg 0 0 1 0 0 0 0 0 0 1 0 0 0 0 0 0 0 0 0 0 1
images/reporters/0037_2099945395.jpg 0 0 0 1 0 0 0 0 0 0 1 0 0 0 0 0 0 0 1 0 0
images/stems/0045_2432833509.jpg 0 0 0 1 0 0 0 0 0 0 0 0 0 0 1 0 0 1 0 0 0
images/porches/0289_81269132.jpg 0 0 0 0 0 0 0 0 0 0 0 0 0 0 1 0 0 1 0 0 0
images/ships/0460_2219765422.jpg 0 0 0 1 0 0 1 0 0 0 0 0 0 0 1 0 1 0 0 1 0
images/guest/0592_2350113833.jpg 0 0 1 0 0 0 0 0 0 0 0 0 1 0 0 0 0 0 0 0 1
images/vegetation/0210_512168705.jpg 0 0 0 0 0 0 0 0 0 0 1 0 0 0 0 0 0 0 0 0 0
images/sheep/0423_163160190.jpg 0 0 0 1 0 1 0 1 0 0 0 0 0 0 1 0 0 0 0 0 0
images/house_of_worship/0670_174342586.jpg 0 0 1 0 1 0 0 0 0 1 0 0 0 0 0 0 0 0 0 0 0
images/hotel/0363_135768425.jpg 0 1 1 1 0 0 0 0 0 0 0 0 0 0 1 0 0 0 0 1 0
images/canal/0216_1554538405.jpg 0 0 0 1 0 1 0 0 0 0 0 1 0 0 1 0 0 0 0 1 0
images/barge/0088_292395807.jpg 0 0 0 0 0 1 0 0 0 0 0 0 0 0 0 0 0 1 0 0 0
images/sailboat/0343_248608841.jpg 0 0 0 0 0 0 0 0 1 0 0 0 0 0 1 0 0 0 0 0 0
images/race/0361_246519438.jpg 0 0 0 0 0 0 0 0 0 0 0 0 0 0 0 0 0 0 1 0 1
images/military_base/0394_2600492555.jpg 0 0 0 0 0 0 0 0 0 0 0 0 0 0 0 0 0 0 0 0 1
images/forest/0366_80193522.jpg 0 0 0 0 0 0 0 0 0 0 1 0 0 0 0 0 0 1 0 0 0
images/sailboats/0026_2491352098.jpg 0 0 0 1 0 0 1 0 0 0 0 0 0 0 1 0 1 0 0 1 0
images/aircraft_carrier/0485_2407884121.jpg 0 0 0 1 0 0 0 0 0 0 0 0 0 0 1 0 0 0 1 1 0
images/suits/0517_471384912.jpg 0 0 1 0 0 0 0 0 0 1 0 0 0 0 0 0 0 0 1 0 1
images/frozen/0348_93646438.jpg 0 0 0 0 0 0 0 0 0 0 0 0 0 0 0 0 0 0 0 1 0
images/backpackers/0260_2221787888.jpg 0 0 0 1 0 0 0 0 0 0 0 0 0 0 1 0 0 0 0 0 0
images/rowboat/0421_478199079.jpg 0 0 0 1 0 0 0 0 0 0 0 1 0 0 1 0 0 0 0 1 0
images/shade/0573_2458127912.jpg 0 0 0 0 0 0 0 0 0 0 0 1 0 1 0 0 0 1 0 1 0
images/shell/0531_104287384.jpg 0 0 0 0 0 0 0 0 0 0 0 0 0 0 0 0 0 0 0 0 1
images/first_lady/0096_2158409474.jpg 0 0 0 0 0 0 0 0 0 1 0 0 0 0 0 0 0 0 0 0 0
images/needles/0622_2091492921.jpg 0 0 0 0 1 0 0 0 0 0 0 0 0 0 0 0 0 0 0 0 0
images/flood/0256_2451588580.jpg 0 0 0 0 1 0 0 0 0 0 1 1 0 0 0 0 0 0 0 0 0
images/whales/0305_1541547587.jpg 1 0 0 0 0 0 0 0 0 0 0 0 0 0 0 0 0 0 1 1 0
images/meadow/0205_2494398437.jpg 0 0 0 1 0 1 0 0 0 0 1 0 0 0 1 0 0 1 0 0 0
images/foals/0342_2486851032.jpg 1 0 0 0 0 1 0 0 0 0 0 0 0 0 0 0 0 0 0 0 0
images/pond/0401_1393360686.jpg 0 0 0 1 0 1 1 0 0 0 1 0 0 0 1 0 1 0 0 1 0
images/tulip/0352_457781699.jpg 0 0 0 0 1 0 0 0 0 0 1 0 0 0 0 0 0 0 0 0 0
images/herd/0599_530266626.jpg 1 0 0 0 0 1 0 0 0 0 1 0 0 0 0 0 0 0 0 0 0
images/antelope/0025_401224333.jpg 0 0 0 0 0 0 0 0 0 0 0 0 0 1 0 0 0 0 0 0 0
images/terrace/0350_1545572036.jpg 0 0 0 0 0 1 0 0 0 0 0 0 0 0 0 0 0 0 0 0 0
images/prop/0098_485279935.jpg 0 0 0 0 0 0 0 0 0 1 0 0 0 0 0 0 0 0 0 0 0
images/farms/0517_2308118361.jpg 0 0 1 1 0 0 0 0 0 0 0 0 1 0 1 1 0 0 0 0 0
images/photographers/0566_311061921.jpg 0 1 0 0 0 0 0 0 1 1 0 0 0 0 0 0 0 0 0 1 0
images/earthquake/0021_173210005.jpg 0 0 0 1 0 0 0 1 0 0 0 0 0 0 1 0 0 0 0 0 0
images/bay/0492_2173014641.jpg 0 0 0 1 0 0 0 0 1 1 0 0 0 0 1 0 1 0 0 1 0
images/frigate/0451_2670861852.jpg 0 0 0 1 0 0 0 1 0 0 0 0 0 1 1 0 0 0 0 0 0
images/bay/0261_295503768.jpg 0 0 0 1 0 0 1 1 1 0 0 0 0 1 1 0 0 0 0 1 0
images/skiing/0560_2212098709.jpg 0 0 0 0 0 0 0 0 0 0 0 0 0 0 1 1 0 0 0 0 0
images/road/0025_12648121.jpg 0 0 0 0 0 0 0 0 0 0 0 0 1 0 0 0 0 0 0 0 0
images/greenhouse/0575_2261955668.jpg 1 0 0 0 1 0 0 0 0 0 0 0 0 0 0 0 0 0 0 0 0
images/palm/0319_2655612771.jpg 0 0 0 0 0 0 0 0 0 0 1 0 1 0 1 0 0 1 0 0 0
images/crowd/0211_2281612876.jpg 0 0 0 0 0 0 0 0 0 1 0 0 0 0 0 0 0 0 0 0 0
images/village/0553_2302529743.jpg 0 0 0 0 0 0 0 1 0 0 0 0 0 0 1 0 0 0 0 0 0
images/tulip/0394_2464439378.jpg 0 0 0 0 1 0 0 0 0 0 1 0 0 0 0 0 0 0 0 0 0
images/pool/0511_112120666.jpg 1 0 0 0 0 0 0 0 0 0 0 0 0 0 0 0 0 0 0 1 0
images/oil_field/0469_2299618464.jpg 0 0 0 0 0 0 0 0 0 1 0 0 1 0 1 0 0 0 0 0 0
images/animals/0532_988926368.jpg 1 0 0 0 0 0 0 0 0 0 0 0 0 0 0 0 0 0 0 0 0
images/supermarket/0441_478444876.jpg 0 0 1 1 0 0 0 0 0 0 0 0 0 0 1 0 0 0 1 0 0
images/canyon/0414_62260222.jpg 0 0 0 0 0 0 0 0 0 0 0 0 0 1 1 0 0 0 0 0 0
images/urban_park/0577_145452840.jpg 0 0 0 0 0 1 0 0 0 0 1 0 0 1 0 0 0 0 0 0 0
images/moose/0334_2514822109.jpg 1 0 0 0 0 1 0 0 0 0 0 0 0 0 0 0 0 0 0 0 0
images/outside/0656_34166688.jpg 0 0 0 1 0 0 0 0 0 0 0 0 0 0 1 0 0 0 1 0 1
images/aqueduct/0288_249383744.jpg 0 0 0 0 1 1 0 0 0 0 0 0 0 0 1 0 0 0 0 0 0
images/den/0567_2319170331.jpg 0 0 0 0 0 0 0 0 0 1 0 0 0 0 0 0 0 0 0 0 0
images/tree/0592_395480857.jpg 0 0 0 1 0 0 1 0 1 0 0 0 0 0 1 0 1 1 0 1 0
images/outdoor/0262_348385082.jpg 0 0 0 1 0 0 0 1 0 0 1 0 0 1 0 0 0 1 0 0 0
images/fly/0587_2040030537.jpg 0 0 0 0 0 0 0 0 0 0 1 0 0 0 1 0 0 0 0 0 0
images/pebbles/0047_2628252010.jpg 0 1 0 1 0 0 0 0 1 0 0 0 0 1 1 0 1 0 0 1 0
images/bulls/0040_504605930.jpg 1 0 0 0 0 0 0 0 0 0 0 0 0 0 0 0 0 0 0 0 0
images/monument/0686_102500412.jpg 0 0 0 1 0 0 0 0 0 0 0 0 0 0 1 0 1 0 0 0 0
images/water_tower/0695_10957494.jpg 0 0 0 1 0 0 0 0 0 0 0 0 0 0 1 1 0 0 0 0 0
images/mare/0068_163567712.jpg 0 0 0 0 0 0 1 1 1 0 0 0 0 0 0 0 0 0 0 1 0
images/television_tower/0312_565827895.jpg 0 0 0 1 0 0 1 0 0 0 0 1 0 0 1 0 0 0 0 1 0
images/toll_booth/0072_19074902.jpg 0 0 0 0 0 1 0 0 0 0 0 0 1 0 0 0 0 0 0 0 1
images/airport_terminal/0048_2164984954.jpg 0 0 0 0 0 0 0 0 0 0 0 1 0 0 0 0 0 0 0 0 0
images/island/0319_473622354.jpg 0 0 0 1 0 0 0 0 1 1 0 0 0 0 1 0 1 0 0 1 0
images/tundra/0087_2414652719.jpg 0 0 0 0 0 0 0 1 0 0 1 0 1 0 1 1 0 0 0 0 0
images/urban_scenes/0489_2427539389.jpg 0 0 0 1 0 0 0 0 0 0 0 0 1 0 0 0 0 0 0 0 0
images/storms/0417_2263884806.jpg 0 0 0 0 1 0 0 0 0 0 0 0 0 0 1 0 0 0 0 0 0
images/coyote/0232_2542531143.jpg 1 0 0 0 0 0 0 0 0 0 0 0 0 0 0 1 0 0 0 0 0
images/coyote/0249_2165068989.jpg 1 0 0 0 0 0 0 0 0 0 0 0 0 0 0 1 0 0 0 0 0
images/police_station/0581_2543348.jpg 0 0 1 0 0 0 0 0 0 0 0 0 0 0 0 0 0 0 0 0 1
images/anemone/0594_2163202222.jpg 0 0 0 0 1 0 0 0 0 0 0 0 0 0 0 0 0 0 0 0 0
images/sailboats/0318_2271776651.jpg 0 0 0 1 0 0 0 0 0 0 0 0 0 0 1 0 1 0 0 1 0
images/canoe/0377_2133886279.jpg 0 1 0 1 0 0 1 0 0 0 0 0 0 0 0 0 0 0 0 1 0
images/frigate/0337_332345324.jpg 0 0 1 1 0 0 1 0 0 0 0 0 0 0 1 0 0 0 1 1 1
images/hut/0425_2377185441.jpg 0 0 0 0 1 1 0 0 0 0 1 0 0 1 1 0 0 0 0 0 0
images/monument/0579_2184086468.jpg 0 0 0 0 0 0 0 0 0 0 0 0 0 0 1 0 0 0 0 0 1
images/police_station/0508_2078590901.jpg 0 0 0 0 0 0 0 0 0 0 0 0 0 0 0 0 0 0 0 0 1
images/cow/0475_2433586904.jpg 1 0 0 1 0 1 0 0 0 0 0 0 0 0 1 0 0 0 0 0 0
images/skiing/0343_46995390.jpg 0 0 0 0 0 0 0 0 0 0 1 0 0 0 0 1 0 1 0 0 0
images/phone_booths/0316_1433867144.jpg 0 0 1 0 0 0 0 0 0 0 0 0 0 0 0 0 0 0 0 0 1
images/marsh/0410_233128992.jpg 0 0 0 1 0 0 1 0 0 0 0 0 0 0 1 0 1 0 0 0 0
images/fence/0481_1401518939.jpg 0 0 0 1 0 1 0 0 0 0 0 0 0 0 1 0 0 1 0 0 0
images/hut/0469_329321130.jpg 0 1 1 1 0 0 0 0 1 0 0 0 0 0 1 0 0 0 0 1 0
images/reefs/0377_2234740571.jpg 0 1 0 0 0 0 0 0 0 0 0 0 0 0 1 0 0 0 0 1 0
images/market/0100_2116843399.jpg 0 0 0 0 0 0 0 0 0 1 0 0 0 0 0 0 0 0 0 0 0
images/mushrooms/0053_2210116961.jpg 0 0 0 0 0 0 0 0 0 0 1 0 0 0 0 0 0 0 0 0 0
images/tiger/0095_356436883.jpg 1 0 0 0 0 0 0 0 0 0 0 0 0 0 0 0 0 0 0 0 0
images/post/0246_1517128236.jpg 0 0 0 1 0 0 0 0 1 0 0 1 0 0 1 0 0 0 0 1 0
images/skiing/0249_2412681732.jpg 0 0 0 0 0 0 0 1 0 0 0 0 0 0 1 0 0 0 0 0 0
images/kauai/0429_52729131.jpg 0 0 0 1 0 0 1 1 1 0 0 0 0 1 1 0 0 0 0 1 0
images/marine/0510_2046028609.jpg 1 1 0 0 0 0 0 0 0 0 0 0 0 0 0 0 0 0 0 1 0
images/flood/0091_2197322421.jpg 0 0 1 1 0 0 0 0 0 0 0 1 0 0 1 0 0 0 0 1 1
images/car_racing/0027_1628106415.jpg 0 1 0 1 0 0 1 0 1 0 0 1 0 0 1 0 1 0 0 1 0
images/castle/0371_1711397377.jpg 0 0 0 0 0 0 1 0 0 0 0 1 0 0 0 0 0 0 0 1 0
images/perch/0428_311680764.jpg 1 0 0 0 0 0 0 0 0 0 0 0 0 0 0 0 0 0 0 0 1
images/rockface/0405_67263152.jpg 0 0 0 0 0 0 0 0 0 0 0 0 0 1 1 0 0 0 0 0 0
images/cliff/0255_1823375362.jpg 0 0 0 0 0 0 0 1 1 0 0 0 0 1 1 0 0 0 0 1 0
images/glacier/0374_43138038.jpg 0 0 0 1 0 0 0 1 0 0 0 0 0 1 1 1 0 0 0 0 0
images/courthouse/0086_814305841.jpg 0 0 1 1 0 1 0 0 0 0 0 0 0 0 1 0 0 0 0 0 1
images/boats/0511_121834602.jpg 0 1 0 1 0 0 0 0 1 0 0 0 0 0 1 0 0 0 0 0 0
images/scotland/0534_2095314828.jpg 0 1 0 1 0 0 1 0 1 0 0 0 0 0 1 0 0 1 0 1 0
images/canoe/0394_900339983.jpg 0 0 0 1 0 0 1 0 0 0 0 0 0 0 1 0 0 0 0 0 0
images/rockface/0043_2275612686.jpg 0 0 0 1 0 0 0 0 0 0 0 0 0 0 1 0 0 0 0 0 0
images/sails/0411_466318466.jpg 0 0 0 0 0 0 0 0 0 0 0 0 0 0 1 0 0 0 0 0 0
images/moss/0301_348101398.jpg 0 0 0 0 0 0 0 0 0 0 0 0 0 0 0 0 0 0 0 1 0
images/canyon/0349_595561228.jpg 0 0 0 0 0 0 0 0 0 0 0 0 0 1 0 0 0 0 0 0 0
images/bay/0301_398915435.jpg 0 1 0 1 0 0 0 0 1 0 0 0 0 0 1 0 1 0 0 1 0
images/motorcycle/0468_105228717.jpg 0 0 0 1 0 0 0 0 1 0 0 0 1 0 0 0 0 0 0 0 0
images/sheep/0525_462045442.jpg 1 0 0 0 0 1 0 0 0 0 0 0 0 0 0 0 0 0 0 0 0
images/harvest/0215_2701055386.jpg 0 0 0 1 1 1 0 0 0 0 1 0 0 0 1 0 0 0 0 0 0
images/petals/0324_1043829355.jpg 0 0 0 0 1 0 0 0 0 0 1 0 0 0 0 0 0 0 0 0 0
images/athlete/0504_2308001166.jpg 0 0 0 0 0 0 0 0 0 1 0 0 0 0 0 0 0 0 0 0 0
images/arctic/0312_49914391.jpg 0 0 1 1 0 0 0 0 1 0 0 0 0 0 1 1 0 0 0 1 0
images/agent/0376_1170007637.jpg 1 0 0 0 0 0 0 0 0 0 0 0 0 0 0 0 0 0 0 0 0
images/urban_scenes/0211_110159836.jpg 0 0 0 1 0 0 1 0 0 0 0 0 0 0 1 0 0 0 0 1 0
images/greeting/0556_338974781.jpg 1 0 0 0 0 0 0 0 0 0 0 0 0 0 0 0 0 0 0 0 0
images/indian/0500_85053992.jpg 0 0 1 1 0 0 0 0 0 0 0 0 0 0 1 0 1 0 0 0 0
images/fence/0448_2106084766.jpg 0 0 0 1 0 1 0 0 0 0 0 0 0 0 1 0 0 1 0 0 0
images/sidewalks/0448_2222442551.jpg 0 0 0 0 0 0 0 0 0 1 0 0 0 0 0 0 0 0 0 0 0
images/canyon/0052_107490153.jpg 0 0 0 1 0 0 0 1 0 0 0 0 0 0 1 0 1 0 0 0 0
images/carvings/0043_242287025.jpg 0 0 0 0 0 0 0 0 0 0 0 0 0 0 1 0 0 0 0 0 0
images/mountain/0395_404742934.jpg 0 0 0 0 0 0 1 1 0 0 0 1 0 1 1 1 0 0 0 1 0
images/moss/0405_289472689.jpg 0 0 0 0 0 0 0 0 0 0 0 0 0 1 0 1 0 0 0 1 0
images/bridge/0063_2189146154.jpg 0 0 0 0 0 0 1 0 0 0 0 0 0 0 0 0 0 0 0 0 0
images/glacier/0075_457910260.jpg 0 0 0 1 0 0 1 1 0 0 0 0 0 1 1 0 0 0 0 1 0
images/white_house/0262_2551479321.jpg 0 0 0 1 0 0 0 0 1 0 0 0 0 0 1 0 0 0 0 1 0
images/glacier/0531_179655292.jpg 0 0 0 1 0 0 1 1 1 0 0 0 0 1 1 1 0 0 0 1 0
images/pole/0208_2097772608.jpg 0 0 0 1 0 1 0 0 0 0 0 0 0 0 1 0 0 0 0 0 0
images/car_crash/0233_686466458.jpg 0 0 0 0 0 0 0 0 0 0 0 0 0 0 0 0 0 0 1 0 1
images/cats/0464_274558893.jpg 1 0 0 0 0 0 0 0 0 0 0 0 0 0 0 0 0 0 0 0 0
images/temple/0510_421308610.jpg 0 0 0 1 0 0 0 0 0 0 0 0 0 0 1 0 0 0 0 0 0
images/courthouse/0031_280179716.jpg 0 0 1 1 0 1 0 0 0 0 0 0 0 0 1 0 0 1 0 0 0
images/car/0418_459747100.jpg 0 0 0 0 0 0 0 0 0 0 0 0 0 0 0 0 0 0 1 0 1
images/tundra/0660_2384715394.jpg 0 0 0 0 0 0 0 0 0 0 0 0 0 0 0 0 0 0 1 0 0
images/camels/0333_203893445.jpg 1 0 0 0 0 0 0 0 0 0 0 0 0 0 0 0 0 0 0 0 0
images/bay/0262_91425777.jpg 0 1 0 1 0 0 1 0 1 0 0 0 0 0 1 0 1 0 0 1 0
images/throwing/0534_268120764.jpg 0 0 0 0 0 0 0 0 0 1 0 0 0 0 1 0 0 0 0 0 0
images/porches/0249_1832846179.jpg 0 0 1 0 0 0 0 0 0 0 0 0 0 0 0 0 0 0 0 0 0
images/glacier/0254_2051101924.jpg 0 0 0 0 0 0 1 1 0 0 0 1 0 0 0 0 0 0 0 1 0
images/cactus/0310_1354412398.jpg 0 0 0 0 1 0 0 0 0 0 0 0 0 0 0 0 0 0 0 0 0
images/monument/0656_213275060.jpg 0 0 0 1 0 0 0 0 0 0 0 0 0 1 1 0 0 0 0 0 0
images/bay/0430_2274071988.jpg 0 0 0 1 0 0 1 0 1 0 0 1 0 0 1 0 1 0 0 1 0
images/bear/0626_1126580543.jpg 1 0 0 0 0 0 0 0 0 0 0 0 0 0 0 0 0 0 0 1 0
images/television_tower/0411_474784888.jpg 0 0 1 1 0 0 0 0 0 0 0 0 0 0 1 0 0 0 0 0 0
images/pebbles/0369_477363652.jpg 0 1 0 0 0 0 0 0 0 0 0 1 0 0 1 0 0 0 0 1 0
images/sculpture/0514_623250400.jpg 0 1 0 1 0 0 0 0 0 0 0 1 0 0 1 0 0 0 0 1 0
images/athlete/0014_2422747185.jpg 0 0 0 0 0 0 0 0 0 0 0 0 1 0 0 0 0 0 0 0 0
images/valleys/0234_2270867948.jpg 0 0 0 1 0 1 0 0 1 0 0 0 0 0 1 0 0 0 0 1 0
images/butterfly/0333_1374034800.jpg 1 0 0 0 0 0 0 0 0 0 0 1 0 0 0 0 0 0 0 1 0
images/swimming_pools/0278_267770281.jpg 0 1 0 0 0 0 0 0 0 0 0 0 0 1 0 0 0 0 0 1 0
images/football/0537_291952424.jpg 0 0 0 0 0 1 0 0 0 1 0 0 0 0 0 0 0 0 0 0 0
images/bay/0309_622075652.jpg 0 1 0 0 0 0 0 0 1 0 0 1 0 0 1 0 1 0 0 1 0
images/peaks/0213_2695508704.jpg 0 0 0 1 0 0 0 1 0 0 0 0 0 0 1 0 0 1 0 0 0
images/railroad/0075_303606983.jpg 0 0 0 0 0 0 0 0 0 0 1 0 0 0 0 0 0 0 0 0 0
images/path/0363_2035414302.jpg 0 0 0 0 0 0 0 1 0 0 0 0 1 0 1 0 0 0 0 0 0
images/mountain/0220_321916798.jpg 0 0 0 1 0 0 0 1 0 0 0 0 0 0 1 1 0 0 0 0 0
images/valley/0518_160441016.jpg 0 1 0 1 0 0 1 0 1 0 0 0 0 0 1 0 1 0 0 1 0
images/beach/0374_1572975941.jpg 0 1 0 1 0 0 0 0 1 1 0 0 0 0 1 0 0 0 0 0 0
images/george_bush/0337_39038538.jpg 0 0 0 0 0 1 0 0 0 0 0 0 0 0 1 0 0 0 0 0 0
images/antlers/0080_299250987.jpg 1 0 0 0 0 0 0 0 0 0 0 0 0 0 0 0 0 0 0 0 0
images/polar/0391_2211858155.jpg 1 0 0 0 0 0 0 0 0 0 0 0 0 0 0 0 0 0 0 1 0
images/indian/0413_242139386.jpg 0 0 0 1 0 0 0 0 0 0 0 0 0 0 1 0 0 0 0 1 0
images/cows/0009_178396076.jpg 1 0 0 0 0 0 0 0 0 0 0 0 1 0 0 0 0 0 0 0 0
images/dance/0089_87023696.jpg 0 0 0 1 0 0 1 0 1 0 0 0 0 0 1 0 1 0 0 1 0
images/island/0235_1558605.jpg 0 1 0 1 0 0 0 0 1 0 0 0 0 0 1 0 0 0 0 1 0
images/seals/0442_16805256.jpg 0 0 0 0 0 0 0 0 0 1 0 0 0 0 0 0 0 0 0 0 1
images/raft/0256_2067650399.jpg 0 0 0 0 0 0 1 0 0 0 0 0 0 0 0 0 0 0 0 1 0
images/cockpit/0261_2260484035.jpg 0 0 0 0 0 0 0 0 0 0 0 0 1 0 0 0 0 0 0 0 0
images/farms/0496_1415499706.jpg 0 0 0 1 0 1 0 0 0 0 0 0 0 0 1 0 0 1 0 0 0
images/sailboats/0496_2613725988.jpg 0 0 0 1 0 0 1 0 0 0 0 0 0 0 1 0 0 0 1 1 0
images/graveyard/0460_2083253433.jpg 0 0 0 1 0 0 0 0 0 0 0 0 0 0 1 0 1 0 0 0 0
images/hospital/0494_168278005.jpg 0 0 0 1 0 0 0 0 0 0 1 0 0 1 1 0 0 0 0 0 0
images/arctic/0531_49914395.jpg 0 0 1 1 0 0 0 1 0 0 0 0 0 0 1 0 0 0 0 0 0
images/dock/0393_2202918306.jpg 0 0 0 1 0 0 1 0 1 0 0 1 0 0 1 0 1 0 0 1 0
images/rainy/0429_2082924275.jpg 0 0 1 0 0 0 0 0 0 0 0 0 0 0 0 0 0 0 0 0 1
images/orchid/0273_1306729574.jpg 1 0 0 0 0 0 0 0 0 0 1 0 0 0 0 0 0 0 0 0 0
images/kauai/0242_2533279632.jpg 0 1 0 1 0 0 1 0 1 0 0 1 0 0 1 0 1 0 0 1 0
images/press_conference/0229_7136571.jpg 0 0 0 0 0 0 0 0 0 1 0 0 0 0 0 1 0 0 0 0 0
images/railing/0078_2192001721.jpg 0 0 0 0 0 0 0 0 0 0 0 1 0 0 0 0 0 0 0 1 0
images/meadow/0212_440482262.jpg 0 0 0 0 1 0 0 0 0 0 1 0 0 0 0 0 0 0 0 0 0
images/vegetation/0379_1361340110.jpg 1 0 0 0 0 0 0 0 0 0 0 0 0 0 0 0 0 0 0 0 0
images/architecture/0306_840771512.jpg 0 0 0 1 0 0 0 0 0 0 0 0 0 0 0 0 0 0 0 0 1
images/canoe/0337_2692874736.jpg 0 1 0 1 0 0 0 0 1 0 0 0 0 0 1 0 0 1 0 0 0
images/porches/0667_910059221.jpg 0 0 0 0 0 0 0 0 0 0 1 0 0 0 0 0 0 0 0 0 0
images/column/0032_2712705763.jpg 0 0 0 0 0 0 0 1 1 0 0 0 0 1 1 0 0 0 0 1 0
images/swimming_pools/0620_2369310436.jpg 0 0 1 1 0 0 0 0 0 0 0 1 0 0 0 0 0 0 0 1 1
images/ships/0037_2543742201.jpg 0 0 1 1 0 0 1 0 0 0 0 1 0 0 1 0 0 1 0 1 0
images/oceans/0310_2587015648.jpg 0 0 0 1 0 0 1 0 1 0 0 0 0 0 1 0 0 0 0 1 0
images/remains/0233_74922797.jpg 0 1 0 1 0 0 1 0 1 0 0 0 0 0 1 0 1 0 0 0 0
images/ice_skating/0073_34555162.jpg 0 0 1 0 0 0 0 0 0 0 0 0 1 0 1 0 0 0 0 0 0
images/office_building/0225_22347575.jpg 0 0 0 0 0 0 0 0 0 0 0 0 0 0 0 0 0 0 0 0 1
images/tusks/0477_2280812374.jpg 0 1 0 0 0 0 0 0 0 0 0 0 0 0 1 0 0 0 0 1 0
images/balcony/0280_2190469842.jpg 0 0 0 1 0 0 0 0 1 0 0 0 0 0 1 0 0 0 0 0 0
images/head_of_state/0022_980408981.jpg 0 0 0 0 0 0 0 0 0 1 0 0 1 0 0 0 0 0 0 0 0
images/whales/0546_264562719.jpg 1 0 0 0 0 0 0 0 1 0 0 0 0 0 0 0 0 0 0 1 0
images/town/0493_2675523796.jpg 0 0 1 0 0 0 0 0 0 0 0 0 0 0 0 0 0 0 0 0 1
images/business_people/0289_1763395318.jpg 0 0 1 0 0 0 0 0 0 1 0 0 1 0 0 0 0 0 0 0 0
images/landscape/0110_2740440934.jpg 0 0 0 1 0 0 1 0 0 1 0 1 0 0 1 0 0 0 0 1 0
images/bank/0275_1347475939.jpg 0 0 1 0 0 0 0 0 0 0 0 0 0 0 0 0 0 0 0 0 1
images/shops/0352_2291272380.jpg 0 0 0 0 0 0 0 0 0 0 0 0 0 0 0 0 0 0 0 0 1
images/horns/0249_2443872850.jpg 1 0 0 1 0 1 0 0 0 0 0 0 0 0 1 0 0 0 0 0 0
images/islands/0395_1336019787.jpg 0 0 0 1 0 0 0 1 1 0 0 0 0 0 1 0 0 0 0 1 0
images/outside/0616_2480774764.jpg 0 0 0 1 0 0 0 0 1 0 0 1 0 0 1 0 0 0 0 1 0
images/horizon/0549_2253482413.jpg 0 1 0 1 0 0 1 0 1 0 0 0 0 0 1 0 1 0 0 1 0
images/parking_lot/0233_387991145.jpg 1 0 0 0 0 0 0 0 0 0 0 0 0 0 0 0 0 0 0 0 0
images/balcony/0662_398681952.jpg 0 0 0 0 0 0 0 0 0 0 0 0 0 0 0 0 0 0 0 0 1
images/room/0517_2551617543.jpg 0 0 0 0 0 0 0 0 0 1 0 0 0 0 0 0 0 0 0 0 0
images/valleys/0564_102284262.jpg 0 0 0 0 0 0 0 1 0 0 0 0 0 0 0 1 0 0 0 0 0
images/first_lady/0412_758028012.jpg 0 0 0 0 0 1 0 0 0 0 0 0 0 0 0 0 0 0 0 0 0
images/plants/0533_1307682402.jpg 0 0 0 0 0 0 0 0 0 0 1 0 0 0 0 0 0 0 0 0 0
images/windy/0464_2370559893.jpg 0 1 0 1 0 0 1 0 0 0 0 0 0 0 1 0 0 1 0 1 0
images/relief/0365_508901608.jpg 0 0 0 1 0 0 1 0 1 0 0 0 0 0 1 0 0 0 0 1 0
images/powerlines/0416_121234267.jpg 0 0 0 0 0 0 1 0 0 0 0 0 0 0 1 0 1 0 0 1 0
images/running/0488_2446715478.jpg 1 0 0 0 0 0 0 0 1 0 0 0 0 0 0 0 0 0 0 1 0
images/cows/0484_2318599950.jpg 1 0 0 1 0 0 0 0 0 0 0 0 1 0 1 0 0 0 0 0 0
images/foals/0425_178986867.jpg 1 0 0 0 0 1 0 0 0 0 0 0 0 0 0 0 0 0 0 0 0
images/airplane/0338_2272158218.jpg 0 0 0 1 0 0 0 0 0 0 0 0 0 0 1 0 1 1 0 0 0
images/frozen/0208_2266882696.jpg 0 0 0 1 0 0 0 1 0 0 0 0 0 0 1 1 0 0 0 0 0
images/golf_course/0266_2673189570.jpg 0 0 0 0 0 0 0 0 0 0 0 0 0 0 1 0 0 1 0 0 0
images/earthquake/0537_2488129523.jpg 0 0 0 1 0 0 0 0 0 0 0 0 0 0 1 0 0 0 0 0 0
images/wings/0688_565029522.jpg 1 0 0 0 0 0 0 0 0 1 0 0 0 0 0 0 0 0 0 0 0
images/clearing/0397_2107894043.jpg 0 0 0 1 0 1 0 0 0 0 0 0 0 0 1 0 0 1 0 0 0
images/sunny/0244_301720151.jpg 0 0 0 0 0 0 0 0 1 1 0 0 0 0 0 0 0 0 0 1 0
images/police_station/0533_2282064065.jpg 0 0 0 0 0 0 0 0 0 0 0 0 1 0 0 1 0 0 0 0 0
images/mule/0426_2418762146.jpg 1 0 0 0 0 1 0 0 0 0 0 0 0 0 1 0 0 0 0 0 0
images/group/0060_1984722298.jpg 0 0 0 1 0 0 0 0 0 1 0 0 0 0 1 0 0 0 0 0 0
images/land/0093_2642122949.jpg 0 0 0 1 0 0 1 1 0 0 0 1 0 1 1 1 0 0 0 1 0
images/lily/0254_347649179.jpg 0 0 0 0 1 0 0 0 0 0 1 0 0 0 0 0 0 0 0 0 0
images/moss/0262_2700330607.jpg 0 1 0 1 0 0 1 0 1 1 0 0 0 0 1 0 1 0 0 1 0
images/anemone/0402_244655358.jpg 0 0 0 0 1 0 0 0 0 0 1 0 0 0 0 0 0 0 0 0 0
images/fog/0264_495004986.jpg 0 0 0 0 0 0 0 0 0 0 0 0 0 0 1 0 0 1 0 0 0
images/earthquake/0590_265332355.jpg 0 0 0 0 0 0 0 0 0 1 0 0 0 0 0 0 0 0 0 0 0
images/desert/0453_374753006.jpg 0 0 0 0 0 0 0 0 0 1 0 0 0 0 0 0 1 0 0 0 0
images/lion/0355_2553517278.jpg 1 0 0 0 0 0 0 0 0 0 0 0 0 0 0 0 0 0 0 0 0
images/storm/0505_2426931759.jpg 0 0 0 1 0 1 0 0 0 0 0 0 0 0 1 0 0 0 0 0 0
images/library/0599_571683.jpg 0 0 0 0 0 0 0 0 0 0 1 0 0 0 1 0 0 0 0 0 1
images/white-tailed/0477_521492868.jpg 1 0 0 0 0 0 0 0 0 0 0 0 0 0 0 0 0 0 0 0 0
images/car_racing/0620_1537842469.jpg 0 0 0 0 0 0 0 0 0 0 0 0 1 0 0 0 0 0 1 0 0
images/chairs/0052_994673523.jpg 0 1 0 1 0 0 1 0 0 0 0 0 0 0 1 0 0 0 0 0 0
images/man/0408_320015812.jpg 0 0 0 0 0 0 0 0 0 0 0 0 1 0 0 0 0 0 0 0 0
images/prisoner/0445_330059183.jpg 0 0 0 0 0 0 0 0 0 1 0 0 0 0 0 0 0 0 0 0 1
images/cars/0534_135179792.jpg 0 0 0 1 0 0 0 1 0 0 0 0 1 0 1 0 0 0 0 0 1
images/aqueduct/0069_242615852.jpg 0 0 0 1 0 1 0 0 0 0 0 0 0 0 1 0 0 0 0 0 0
images/police/0464_821302459.jpg 0 0 1 0 0 0 0 0 0 0 0 0 0 0 1 0 0 0 0 0 0
images/cactus/0074_2565223739.jpg 0 0 0 0 1 0 0 0 0 0 0 0 0 0 0 0 0 0 0 0 0
images/giraffe/0204_2389146093.jpg 1 0 0 0 0 0 0 0 0 0 0 0 0 0 0 0 0 0 0 0 0
images/boeing/0272_1416349110.jpg 0 0 0 1 0 0 0 0 0 0 0 0 0 0 1 0 0 0 0 0 0
images/backpack/0515_2185038853.jpg 0 0 0 0 0 0 0 0 0 0 0 0 0 0 0 1 0 1 0 0 0
images/fire_station/0269_566036953.jpg 0 0 1 0 0 0 0 0 0 0 0 0 0 0 0 0 0 0 0 0 0
images/apartment_complex/0363_318813580.jpg 0 0 0 0 0 1 0 0 0 0 0 0 0 0 0 0 0 0 0 0 0
images/palm/0358_1346750190.jpg 0 0 0 0 0 1 1 0 0 0 0 1 0 0 1 0 0 0 0 0 0
images/antenna/0506_237971526.jpg 0 0 1 0 0 0 1 0 0 0 0 1 0 0 1 0 0 0 0 1 0
images/pole/0017_2068098761.jpg 0 0 0 1 0 0 0 0 0 0 0 0 0 0 1 1 0 1 0 0 0
images/fence/0027_413802056.jpg 0 0 0 1 0 1 0 0 0 0 1 0 1 0 1 0 0 0 0 0 0
images/sailboats/0436_1429702198.jpg 0 0 0 1 0 0 1 0 0 0 0 0 0 0 1 0 1 0 0 1 0
images/highway/0247_389897245.jpg 0 0 0 1 0 0 0 1 0 0 0 0 0 0 1 0 0 0 1 0 0
images/marsh/0416_2295740200.jpg 0 0 0 1 0 0 1 0 0 0 0 1 0 0 1 0 1 0 0 0 0
images/canoe/0064_1519773558.jpg 0 0 0 1 0 0 1 0 0 0 0 1 0 0 1 0 1 0 0 1 0
images/fountain/0485_1227892513.jpg 0 0 0 0 0 0 0 0 0 1 0 0 0 0 0 0 0 0 0 1 0
images/deer/0465_270323822.jpg 1 0 0 0 0 0 0 0 0 0 0 1 0 0 0 0 0 0 0 0 0
images/cliff/0395_205618582.jpg 0 1 0 1 0 0 1 0 0 0 0 0 0 1 1 0 0 0 0 1 0
images/emergency_room/0230_475663990.jpg 0 0 0 0 0 0 0 0 0 1 0 0 0 0 0 0 0 0 0 0 0
images/oahu/0452_2186266364.jpg 0 0 0 0 0 0 0 1 1 0 0 0 0 1 0 0 0 0 0 0 0
images/helicopter/0310_124229499.jpg 0 0 0 1 0 0 0 1 0 0 0 0 0 0 1 0 0 0 0 0 0
images/hawaii/0402_2182015915.jpg 0 1 0 0 0 0 1 0 1 0 0 0 0 0 1 0 1 0 0 1 0
images/ships/0381_2177389715.jpg 0 0 0 1 0 0 1 0 1 0 0 0 0 0 1 0 0 0 0 1 0
images/kauai/0303_442129860.jpg 0 0 0 0 0 0 0 0 0 0 1 0 0 0 1 0 0 1 0 0 0
images/lake/0596_574757073.jpg 0 0 0 1 0 0 1 1 0 0 0 1 1 0 1 0 0 0 0 1 0
images/grain_elevator/0013_1867931073.jpg 0 0 1 0 0 0 0 0 0 0 0 0 0 0 1 0 0 0 0 0 0
images/sailboats/0555_1539032013.jpg 1 0 0 1 0 0 1 0 1 0 0 0 0 0 1 0 0 0 0 1 0
images/fly/0560_500980407.jpg 1 0 0 0 0 0 0 0 0 0 0 0 0 0 0 0 0 0 0 0 0
images/caribou/0320_209190577.jpg 0 0 0 0 0 0 0 0 0 0 0 0 0 0 1 0 0 0 0 1 0
images/construction_site/0238_2316412448.jpg 0 0 0 0 0 0 0 0 0 1 0 0 0 0 1 0 0 0 0 0 1
images/bengal/0569_351491824.jpg 0 0 0 0 0 0 1 0 0 0 0 0 0 1 0 0 1 0 0 1 0
images/goat/0312_469525383.jpg 1 0 0 0 0 0 0 0 0 0 0 0 0 0 0 0 0 0 0 0 0
images/moose/0339_270930423.jpg 1 0 0 0 0 0 1 0 0 0 0 0 0 0 0 0 0 0 0 1 0
images/avalanche/0248_121720492.jpg 0 0 0 1 0 0 0 1 0 0 0 0 0 0 1 1 0 0 0 0 0
images/camels/0428_70589734.jpg 1 0 0 1 0 0 0 0 0 1 0 0 0 0 0 0 0 0 0 0 0
images/sailboats/0457_64407735.jpg 0 0 0 0 0 0 1 0 1 0 0 0 0 0 0 0 0 0 0 1 0
images/architecture/0235_370942904.jpg 0 0 0 0 0 0 0 0 0 0 0 0 0 0 1 0 0 0 0 0 0
images/plain/0543_2432688793.jpg 0 0 0 0 0 0 0 0 0 0 0 0 0 0 1 0 0 0 0 0 1
images/stems/0390_468343616.jpg 0 0 0 0 0 0 0 0 0 0 0 0 0 0 1 0 0 0 0 0 0
images/ship/0374_2205232371.jpg 0 0 0 0 0 0 0 0 0 0 0 1 0 0 0 0 0 0 1 1 0
images/house/0697_2168962726.jpg 0 0 0 0 0 0 1 0 0 0 0 1 0 0 0 0 0 0 0 1 0
images/marine/0295_49814803.jpg 0 1 0 1 0 0 1 0 1 0 0 0 0 0 1 0 1 0 0 1 0
images/arctic/0379_104208342.jpg 0 0 0 0 0 0 1 0 1 0 0 0 0 0 1 1 0 0 0 1 0
images/oahu/0255_2118863035.jpg 0 0 0 1 0 0 1 0 1 0 0 0 0 0 1 0 1 1 0 1 0
images/horses/0654_2316865635.jpg 0 0 0 0 0 1 0 0 0 0 0 0 0 0 1 0 0 0 0 0 0
images/shirt/0459_2506234419.jpg 0 0 0 0 0 0 0 0 0 1 0 0 0 0 1 0 0 0 0 0 1
images/den/0575_1712975717.jpg 0 1 0 0 0 0 0 0 0 0 0 0 0 0 0 0 0 0 0 1 0
images/african/0465_889206503.jpg 1 0 0 0 0 0 0 0 0 0 0 0 0 0 0 0 0 0 0 0 0
images/photographers/0266_1983327490.jpg 0 0 0 0 0 0 0 0 0 1 0 0 0 0 1 0 0 0 0 0 1
images/dancing/0577_2245732019.jpg 0 1 0 0 0 0 1 0 0 0 1 0 0 0 0 0 0 0 0 1 0
images/bush/0580_2338279682.jpg 1 0 0 0 0 1 0 0 0 0 0 1 0 0 1 0 0 0 0 1 0
images/lawn/0382_2670991450.jpg 0 0 0 1 0 1 0 0 0 0 1 0 0 0 1 0 0 1 0 0 0
images/clearing/0399_520474251.jpg 0 0 0 0 0 1 0 0 0 0 0 0 0 0 1 0 1 1 0 0 0
images/basket/0243_2090168155.jpg 0 0 0 0 0 1 0 0 0 0 0 0 1 1 0 0 0 0 0 0 0
images/swimmer/0342_968660032.jpg 0 0 1 1 0 0 1 0 1 0 0 0 0 1 1 0 0 0 0 1 0
images/gas_station/0231_83888924.jpg 0 0 0 1 0 0 0 0 0 0 0 0 0 0 1 1 0 0 0 0 0
images/cars/0366_2108742768.jpg 0 0 1 1 0 0 0 0 0 0 0 0 1 0 1 0 0 0 1 0 1
images/peaks/0537_1764475443.jpg 0 0 0 1 0 0 0 1 0 0 0 0 0 1 1 1 0 0 0 1 0
images/field/0578_2603844985.jpg 0 0 0 1 0 1 0 0 0 0 0 0 0 0 1 0 0 1 0 0 0
images/poppies/0481_2541155678.jpg 0 0 0 0 1 1 0 0 0 0 1 0 0 0 0 0 0 0 0 0 0
images/mosques/0325_2685184928.jpg 0 0 0 1 0 0 1 0 0 0 0 0 0 0 1 0 1 0 0 1 0
images/sails/0230_2253664976.jpg 0 0 0 1 0 0 0 0 0 0 0 0 0 0 0 0 1 0 0 0 0
images/caribou/0332_2082586723.jpg 1 0 0 0 0 1 0 0 0 0 0 0 0 0 0 0 0 0 0 0 0
images/gate/0535_2157604254.jpg 0 0 0 1 0 0 1 0 1 0 0 1 0 0 1 0 1 0 0 1 0
images/dance/0212_144952796.jpg 0 0 0 0 0 0 0 0 0 1 0 0 1 0 0 0 0 0 0 0 0
images/hill/0540_2527871398.jpg 0 0 0 1 0 1 0 1 0 0 1 0 0 0 1 0 0 0 0 0 0
images/waves/0341_2161489628.jpg 0 0 0 1 0 0 1 0 1 0 0 0 0 0 1 0 0 0 0 1 0
images/sheep/0338_422349396.jpg 0 0 0 1 0 0 0 0 0 0 0 0 0 0 1 0 1 0 0 0 0
images/tugboat/0256_2546065736.jpg 0 0 0 0 0 0 0 0 0 0 0 0 0 0 0 0 0 0 0 1 0
images/buddhist/0538_2196769600.jpg 0 0 1 0 0 0 0 0 0 0 0 0 0 0 0 1 0 0 0 0 0
images/hunter/0371_84459001.jpg 1 0 0 0 0 0 0 0 0 0 0 0 0 0 1 0 0 0 0 0 0
images/branch/0489_313116420.jpg 0 0 0 0 0 1 0 0 0 0 0 0 0 0 1 0 0 1 0 0 0
images/oceans/0224_2363462269.jpg 0 1 0 0 0 0 1 0 0 0 0 0 0 0 1 0 0 0 0 1 0
images/moose/0321_2249693598.jpg 0 0 0 1 0 1 1 1 0 0 1 1 0 0 1 0 0 0 0 1 0
images/boats/0316_1471217699.jpg 0 0 0 1 0 0 1 0 1 0 0 1 0 0 1 0 1 0 1 1 0
images/outer_space/0554_1989177577.jpg 0 0 0 0 0 0 0 0 0 1 0 0 0 0 0 0 0 0 0 0 0
images/rose/0375_297170427.jpg 0 0 0 0 1 0 0 0 0 0 1 0 0 0 0 0 0 0 0 1 0
images/petals/0314_725924314.jpg 0 0 0 0 1 0 0 0 0 0 1 0 0 0 0 0 0 0 0 0 0
images/antlers/0572_2413018611.jpg 1 0 0 0 0 0 0 0 0 0 0 0 0 0 0 1 0 0 0 0 0
images/islands/0365_541217344.jpg 0 0 0 1 0 0 1 0 0 0 0 0 0 0 1 0 0 0 0 1 0
images/monument/0526_241461654.jpg 0 0 0 1 0 0 0 0 0 0 0 0 0 0 1 0 0 0 0 0 0
images/autumn/0315_58861727.jpg 0 0 0 1 0 0 0 0 0 0 1 0 0 0 1 0 0 0 0 0 1
images/bengal/0426_363433036.jpg 1 0 0 0 0 0 0 0 0 0 0 0 0 0 0 0 0 0 0 0 0
images/crab/0391_530162919.jpg 1 1 0 1 0 0 1 0 1 0 0 0 0 0 1 0 1 0 0 1 0
images/golf/0588_2550636052.jpg 0 0 0 0 0 0 1 0 0 0 0 0 0 0 0 0 0 0 0 0 0
images/trees/0417_540671548.jpg 0 0 0 0 0 0 0 0 0 0 1 0 0 1 0 0 0 0 0 0 0
images/flags/0526_2349250001.jpg 0 0 0 1 0 0 0 1 0 0 0 0 0 0 0 0 0 0 0 0 0
images/lakes/0592_159603289.jpg 0 0 0 1 0 1 0 1 0 0 1 0 0 0 1 0 0 0 0 0 0
images/steps/0558_438014774.jpg 0 1 0 1 0 0 0 0 0 0 0 0 0 1 1 0 1 0 0 0 0
images/hawaii/0073_338613504.jpg 0 0 0 0 1 0 0 0 0 0 1 0 0 0 0 0 0 0 0 0 0
images/apartments/0580_2095553222.jpg 0 0 0 1 0 1 0 0 0 0 1 0 0 0 1 0 0 0 0 1 0
images/sunrise/0467_439263587.jpg 0 0 0 1 0 0 0 0 0 0 0 0 0 1 1 0 0 0 0 0 0
images/ceremony/0414_528188572.jpg 0 0 0 0 0 0 0 0 0 1 0 0 0 0 0 0 0 0 0 0 0
images/tomb/0517_2312708398.jpg 0 0 0 0 0 0 0 0 0 0 0 0 0 0 0 1 0 0 0 0 0
images/skiing/0510_456193617.jpg 0 0 0 0 0 0 0 1 0 0 0 0 0 1 1 0 0 0 0 0 0
images/helicopter/0392_277253731.jpg 0 0 0 1 0 0 0 0 0 0 0 0 0 0 1 0 1 0 0 1 0
images/sailboats/0073_391254690.jpg 0 0 0 1 0 0 1 0 1 0 0 0 0 0 1 0 0 0 1 1 0
images/houseboat/0403_1936995694.jpg 0 0 0 0 0 1 1 0 0 0 0 1 0 0 1 0 0 0 0 1 1
images/door/0385_20361313.jpg 0 0 0 1 0 0 0 0 0 0 0 0 0 0 1 0 0 0 0 1 0
images/clearing/0409_415589552.jpg 0 0 0 0 0 1 0 0 0 0 0 0 0 0 1 0 0 0 0 0 0
images/frost/0467_2178412046.jpg 0 0 0 0 0 0 0 1 0 0 0 0 0 0 1 1 0 1 0 0 0
images/horses/0569_1337983382.jpg 1 0 0 1 0 0 0 0 0 0 0 0 0 0 1 0 0 0 0 0 0
images/sailboats/0058_2005727356.jpg 0 0 0 1 0 0 0 0 0 0 0 1 0 0 1 0 1 0 1 1 0
images/market/0340_327294079.jpg 0 0 0 0 0 0 0 0 0 1 0 0 1 0 0 0 0 0 0 0 0
images/zebra/0244_323967153.jpg 1 0 0 0 0 0 0 0 0 0 0 0 0 0 0 0 0 0 0 0 0
images/chrysanthemums/0563_462479066.jpg 0 0 0 0 1 0 0 0 0 0 0 0 0 0 0 0 0 0 0 0 0
images/urban_park/0295_445007919.jpg 0 0 0 0 1 0 0 0 0 0 1 0 0 0 0 0 0 0 0 0 0
images/run/0216_2274385212.jpg 0 0 0 0 0 0 0 0 0 0 0 0 1 0 0 0 0 1 0 0 0
images/prototype/0048_166407173.jpg 0 0 0 0 0 0 0 0 0 0 0 0 1 0 0 0 0 0 1 0 0
images/swimmers/0013_2422351899.jpg 0 1 0 1 0 0 0 0 1 0 0 0 0 0 1 0 0 0 0 1 0
images/anemone/0467_386900965.jpg 0 0 0 0 1 0 0 0 0 0 0 0 0 0 0 0 0 0 0 0 0
images/maui/0339_988961237.jpg 0 0 0 0 0 0 0 0 1 0 0 0 0 0 0 0 0 0 0 1 0
images/coast/0248_456480811.jpg 0 1 0 1 0 0 0 0 1 0 0 0 0 1 1 0 0 0 0 1 0
images/cow/0408_1010598489.jpg 0 0 0 0 0 1 0 0 0 0 0 0 1 0 1 0 0 1 0 0 0
images/lichen/0379_2450160221.jpg 0 0 0 0 0 0 0 0 0 0 0 1 0 0 0 0 0 1 0 1 0
images/autumn/0394_1514756912.jpg 0 0 0 0 0 0 1 0 0 0 0 1 0 0 1 0 0 0 0 1 0
images/cables/0282_2262376108.jpg 0 0 0 1 0 0 1 0 0 0 0 0 0 0 1 0 1 0 0 0 0
images/baseball/0366_685150308.jpg 0 0 0 0 0 0 0 0 0 1 0 0 0 0 0 0 0 0 0 0 0
images/hawk/0308_2164676242.jpg 1 0 0 0 0 0 0 0 0 0 0 0 0 0 0 0 0 0 0 0 0
images/slope/0557_81610644.jpg 0 0 0 1 0 0 0 0 0 0 0 0 0 0 1 1 0 1 0 0 0
images/crops/0468_2111525501.jpg 0 0 0 1 0 1 0 0 0 0 0 0 0 0 1 0 0 0 0 0 0
images/highway/0509_225619030.jpg 0 0 1 0 0 1 0 0 0 0 0 0 1 0 1 0 0 0 0 0 0
images/forest/0282_142058146.jpg 0 0 0 0 0 1 0 0 0 0 0 0 0 0 1 1 0 0 0 0 0
images/waterways/0049_376395317.jpg 0 0 1 1 0 0 1 0 0 0 0 1 0 0 1 0 0 0 1 1 1
images/plain/0087_1601730950.jpg 0 0 0 1 0 1 0 0 0 0 1 0 0 1 1 0 0 0 0 0 0
images/cave/0366_2233338840.jpg 0 0 0 0 0 0 0 0 0 0 0 0 0 0 0 1 0 0 0 1 0
images/amusement_park/0205_2215052773.jpg 0 0 1 1 0 0 1 0 0 0 0 0 0 0 1 0 0 0 0 1 0
images/desert/0463_1407948431.jpg 0 0 0 1 0 0 0 0 0 1 0 0 0 0 1 0 0 0 0 0 0
images/petals/0014_2235258403.jpg 0 0 0 0 1 0 0 0 0 0 1 0 0 0 0 0 0 0 0 0 0
images/frost/0464_2092268723.jpg 0 0 0 0 0 0 0 0 0 0 0 0 0 0 0 0 0 1 0 0 0
images/restaurant/0279_2638012392.jpg 0 0 1 0 0 0 0 0 0 0 0 0 0 0 0 0 0 0 0 0 0
images/mule/0221_595391514.jpg 0 0 0 0 0 0 0 0 0 1 0 0 0 0 1 0 0 0 0 0 0
images/sunrise/0535_12066162.jpg 0 0 0 1 0 0 0 0 0 0 0 1 0 0 0 0 1 0 0 1 0
images/harvest/0314_262762409.jpg 0 0 0 1 0 0 0 0 0 0 0 0 0 0 1 0 0 1 0 0 0
images/rabbit/0281_120468504.jpg 0 0 0 0 0 1 0 0 0 0 0 0 0 0 0 0 0 1 0 0 0
images/booby/0299_35770419.jpg 1 0 0 1 0 0 1 0 0 0 0 0 0 0 1 0 0 0 0 0 0
images/urban_scenes/0429_2602380663.jpg 0 0 1 0 0 0 0 0 0 1 0 0 1 0 0 0 0 0 1 0 0
images/group/0260_2567571684.jpg 0 0 0 0 1 0 0 0 0 0 0 0 0 0 0 0 0 0 0 0 0
images/buildings/0628_2080536223.jpg 0 0 1 1 0 0 0 0 0 0 0 1 0 0 1 0 0 0 0 1 0
images/rockface/0236_1610262350.jpg 0 0 0 1 0 0 0 1 0 0 0 0 0 1 1 0 0 0 0 0 0
images/dancing/0070_368735199.jpg 0 0 0 0 0 0 0 0 0 1 0 0 0 0 0 0 0 0 0 0 0
images/snow/0344_427880912.jpg 0 0 0 0 0 0 0 0 0 0 0 0 0 0 0 1 0 0 0 0 0
images/bay/0394_2347384040.jpg 0 0 0 1 0 0 0 0 0 0 0 1 0 0 1 0 1 0 0 1 0
images/cutter/0385_2697958522.jpg 0 0 1 1 0 0 0 0 1 0 0 0 0 0 1 0 0 0 1 1 0
images/police/0424_456841387.jpg 0 0 0 0 0 0 0 0 0 1 0 0 0 0 0 0 0 0 0 0 0
images/canoe/0228_236730743.jpg 0 0 0 1 0 0 1 0 0 0 0 1 0 0 1 0 0 0 0 1 0
images/sand/0411_1839494892.jpg 0 0 0 1 0 0 0 0 0 1 0 0 0 0 1 0 1 0 0 1 0
images/rowboat/0331_295649635.jpg 0 0 1 0 0 0 1 0 0 0 0 0 0 0 0 0 0 0 0 1 1
images/train/0466_210905281.jpg 0 0 1 1 0 0 0 0 0 0 0 0 0 0 1 0 0 0 1 0 0
images/tundra/0649_2291411020.jpg 0 0 0 1 0 0 0 1 0 0 1 0 0 0 1 0 0 0 0 0 0
images/remains/0059_423497986.jpg 0 0 0 0 0 1 0 0 0 0 1 0 0 0 1 0 0 1 0 0 0
images/sailboats/0060_1571751632.jpg 0 0 0 0 0 0 0 0 1 0 0 1 0 0 1 0 0 0 1 1 0
images/lighthouse/0366_2090410761.jpg 0 1 0 1 0 0 0 0 0 0 0 0 0 0 1 0 1 0 0 1 0
images/observation_tower/0385_58826877.jpg 0 0 0 1 0 1 0 1 0 0 1 0 0 0 1 0 0 0 0 0 0
images/lighthouse/0515_533844708.jpg 0 0 0 1 0 0 0 1 0 0 0 0 0 1 1 0 0 0 0 0 0
images/frigate/0038_2377132376.jpg 1 0 0 1 0 0 1 0 1 0 0 0 0 0 1 0 1 0 0 1 0
images/plain/0314_280721797.jpg 0 0 0 0 0 0 0 0 0 0 0 0 0 0 1 0 0 1 0 0 0
images/swimming_pools/0411_264944302.jpg 0 1 0 0 0 0 0 0 1 0 0 0 0 0 0 0 0 0 0 1 0
images/valleys/0082_2616771509.jpg 0 0 0 0 0 0 0 0 0 0 0 0 1 0 1 0 0 0 0 0 0
images/row/0430_2506296903.jpg 0 0 0 1 0 1 0 0 0 0 1 0 0 0 1 0 0 1 0 0 0
images/fire_station/0593_2279961947.jpg 0 0 1 1 0 0 0 0 0 0 0 0 0 0 1 0 0 0 0 0 0
images/city/0480_86991793.jpg 0 0 0 0 0 0 0 0 0 0 0 0 1 0 0 0 0 0 0 0 0
images/bank/0574_2535992763.jpg 0 0 1 1 0 0 0 0 0 0 0 0 0 0 1 1 0 0 0 0 0
images/elephants/0054_2451702831.jpg 1 0 0 1 0 0 1 0 0 0 0 1 0 0 1 0 1 0 0 1 0
images/horses/0405_2457213019.jpg 1 0 0 0 0 1 0 0 0 0 0 0 0 0 1 0 0 0 0 0 0
images/golf_course/0426_535987177.jpg 0 0 0 1 0 1 0 0 0 0 1 1 0 0 1 0 0 0 0 1 0
images/toll_booth/0599_527225879.jpg 0 0 0 1 0 0 0 0 0 0 0 0 1 0 0 0 0 0 1 0 0
images/chrysanthemums/0509_278770719.jpg 0 0 0 0 1 0 0 0 0 0 0 0 0 0 0 0 0 0 0 0 0
images/coast/0326_374671308.jpg 0 0 0 1 0 0 0 0 1 0 0 0 0 1 1 0 0 0 0 0 0
images/tundra/0385_69743110.jpg 0 0 0 1 0 0 0 0 0 0 0 0 0 0 1 1 0 0 0 0 0
images/roofs/0497_385424134.jpg 0 0 1 1 0 0 0 0 0 0 0 0 0 0 1 1 0 0 0 0 0
images/nighttime/0282_490489732.jpg 0 0 1 1 0 0 0 0 1 0 0 0 0 0 1 0 0 0 0 1 0
images/pyramid/0339_2244926069.jpg 0 0 0 0 0 0 0 0 0 0 0 0 0 0 1 0 0 0 0 0 0
images/plain/0356_135378590.jpg 0 0 0 1 0 0 0 0 0 0 0 0 0 0 0 0 0 0 0 0 0
images/hut/0071_2467238455.jpg 0 0 0 0 0 0 0 1 0 0 1 0 0 1 1 1 0 0 0 0 0
images/glasses/0475_1436197585.jpg 0 0 0 0 0 0 0 0 0 1 0 0 0 0 0 0 0 0 0 0 0
images/balcony/0298_636426556.jpg 0 0 0 0 1 0 0 0 0 0 0 0 0 0 0 0 0 0 0 0 0
images/sidewalks/0282_2358022004.jpg 0 0 1 0 0 0 0 0 0 0 0 0 0 0 1 0 0 0 0 0 1
images/oahu/0358_2211057179.jpg 0 0 0 0 0 0 1 0 1 1 0 0 0 0 0 0 0 0 0 1 0
images/kit/0539_2435866547.jpg 0 0 0 0 0 0 0 0 0 1 0 0 1 0 0 0 0 0 0 0 0
images/bridges/0535_1418046380.jpg 0 0 1 1 0 0 1 0 0 0 0 0 0 0 1 0 1 0 0 1 0
images/castle/0454_2297555157.jpg 0 0 0 1 0 0 0 0 0 0 0 1 0 0 1 0 0 0 0 1 0
images/theater/0388_6728316.jpg 0 0 0 0 0 0 0 0 0 1 0 0 0 0 0 0 0 0 0 0 0
images/butterfly/0373_1417683035.jpg 0 0 0 0 0 0 0 0 0 1 0 0 1 0 0 0 0 0 0 0 0
images/highway/0226_124883754.jpg 0 0 0 0 0 0 0 0 0 0 0 0 1 0 0 0 0 0 0 0 0
images/oahu/0543_2201618139.jpg 0 0 0 0 0 0 0 0 1 0 0 0 0 0 1 0 1 0 0 0 0
images/star/0529_97900314.jpg 0 0 0 0 0 0 0 0 0 0 1 0 0 0 0 0 0 0 0 0 0
images/harbors/0414_194367267.jpg 0 0 0 0 0 1 0 0 0 0 1 0 0 0 0 0 0 0 0 1 0
images/island/0542_2286348562.jpg 0 1 0 1 0 0 1 0 1 0 0 0 0 0 1 0 0 0 0 1 0
images/tugboat/0528_480605487.jpg 0 0 0 0 0 0 1 0 0 0 0 0 0 0 0 0 0 0 0 1 0
images/tortoise/0271_79481835.jpg 1 0 0 0 0 0 0 0 0 0 0 0 0 0 0 0 0 0 0 0 0
images/moose/0474_2729125177.jpg 1 0 0 0 0 0 0 0 0 0 0 0 0 0 0 0 0 0 0 0 0
images/raft/0039_105585326.jpg 0 0 0 0 0 0 0 0 0 1 0 0 0 0 0 0 0 0 0 1 0
images/sheep/0518_2501786728.jpg 0 0 0 1 0 1 0 0 0 0 1 0 0 0 1 0 0 0 0 0 0
images/battleship/0289_134561767.jpg 0 0 0 0 0 0 0 0 0 0 0 0 0 0 1 0 0 0 1 0 0
images/waterfalls/0562_2318032972.jpg 0 0 0 0 0 0 1 0 0 0 0 0 0 1 0 0 0 0 0 1 0
images/rainy/0263_228610640.jpg 0 0 0 0 0 0 0 0 1 0 1 0 0 0 0 0 0 0 0 0 0
images/reefs/0547_406892837.jpg 1 0 0 0 0 0 0 0 0 0 0 0 0 0 0 0 0 0 0 1 0
images/orchid/0440_492404774.jpg 0 0 0 0 1 0 0 0 0 0 0 0 0 0 0 0 0 0 0 1 0
images/sheep/0365_2421355422.jpg 1 0 0 1 0 0 0 0 0 1 0 0 1 0 1 0 0 1 0 0 0
images/railroad/0439_2202665736.jpg 0 0 0 0 0 0 0 0 0 0 0 0 0 0 0 1 0 0 0 0 0
images/swimmers/0377_2439831879.jpg 0 1 0 1 0 0 1 0 1 0 0 0 0 0 1 0 0 0 0 1 0
images/porches/0261_2310689273.jpg 0 0 1 0 0 0 0 0 0 0 0 0 0 0 1 0 0 0 0 0 1
images/zebra/0375_408550649.jpg 1 0 0 0 0 0 0 0 0 0 0 0 0 0 0 0 0 0 0 0 0
images/marsh/0471_818763282.jpg 1 0 0 0 0 1 0 0 0 0 0 1 0 0 0 0 0 0 0 1 0
images/smoke_stack/0463_101370576.jpg 0 0 1 1 0 0 0 0 0 0 0 0 0 0 1 0 0 0 0 0 0
images/arctic/0217_947711137.jpg 0 1 0 1 0 0 1 0 0 0 0 0 0 0 1 1 0 0 0 1 0
images/mare/0564_511283022.jpg 0 0 0 1 0 0 1 0 1 0 0 0 0 1 1 0 0 0 0 1 0
images/running/0418_1010875698.jpg 0 0 0 0 0 0 0 0 0 1 0 0 1 0 0 0 0 0 1 0 1
images/range/0210_1599231377.jpg 0 0 0 0 0 0 1 1 0 0 0 0 1 1 1 1 0 0 0 0 0
images/clouds/0214_521121727.jpg 0 0 0 1 0 0 1 0 0 0 0 1 0 0 1 0 0 0 0 1 0
images/road_block/0481_9504471.jpg 0 0 0 0 0 0 0 0 0 0 0 0 1 0 1 0 0 0 0 0 1
images/pond/0562_2304165278.jpg 0 0 0 1 0 0 1 0 0 0 0 1 0 0 1 0 0 0 0 1 0
images/pagoda/0416_540463568.jpg 0 0 0 1 0 0 0 0 0 0 1 0 0 0 0 0 0 0 0 0 0
images/polar/0424_2713919991.jpg 0 0 1 1 0 0 1 0 0 0 0 1 0 0 1 0 0 0 0 1 1
images/locomotive/0454_2579136316.jpg 0 0 0 0 0 0 0 0 0 0 0 0 0 0 0 0 0 0 1 0 1
images/leopard/0414_2091161494.jpg 1 0 0 0 0 0 0 0 0 0 0 0 0 0 0 0 0 0 0 0 0
images/highway/0379_487175315.jpg 0 0 0 1 0 1 0 0 0 0 1 0 1 0 1 0 0 0 0 0 0
images/beach/0093_1071623728.jpg 0 1 0 0 0 0 0 0 1 1 0 0 0 0 0 0 0 0 0 1 0
images/cooling_tower/0224_505727039.jpg 0 0 0 1 0 0 0 0 0 0 0 0 0 0 1 0 0 0 0 0 0
images/apartment_complex/0039_281241087.jpg 0 0 0 0 0 0 0 0 0 0 0 0 0 0 0 0 0 0 0 0 1
images/railroad/0341_2403829779.jpg 0 0 0 0 0 1 0 0 0 0 1 0 0 0 1 0 0 0 0 0 0
images/golf/0232_2216869051.jpg 0 1 0 1 0 0 1 0 1 0 0 0 0 0 1 0 1 0 0 1 0
images/mountain/0507_133364703.jpg 0 0 0 0 0 0 0 1 0 0 0 0 0 0 1 0 0 0 0 1 0
images/grassland/0413_114421432.jpg 0 0 0 1 0 1 0 0 0 0 1 0 0 0 1 0 0 1 0 0 0
images/parking_lot/0061_64851699.jpg 0 0 0 0 0 0 0 0 0 0 0 0 1 0 0 0 0 0 1 0 1
images/camera/0050_99742000.jpg 0 0 0 1 0 0 0 0 0 0 0 0 0 0 1 0 1 0 0 0 0
images/suburban/0452_238768472.jpg 0 0 0 0 0 0 0 0 1 0 0 0 0 0 0 0 0 0 0 1 0
images/lake/0023_381671928.jpg 0 0 0 1 0 0 1 1 0 0 0 1 0 0 1 0 0 1 0 1 0
images/trail/0298_2049248340.jpg 0 0 0 0 0 0 0 0 0 0 1 0 0 0 0 0 0 0 0 0 0
images/barge/0303_2599258106.jpg 0 0 0 1 0 1 1 0 0 0 0 1 0 0 0 0 0 0 0 1 0
images/court/0361_1459150181.jpg 0 0 0 0 0 1 0 0 0 0 0 0 0 0 1 0 0 1 0 0 0
images/suburban/0428_2721524052.jpg 1 0 0 0 0 1 0 0 0 0 0 0 0 0 0 0 0 0 0 0 0
images/grass/0588_583704395.jpg 1 0 0 0 0 1 0 0 0 0 1 0 0 0 0 0 0 0 0 0 0
images/protesters/0053_127335928.jpg 0 0 0 0 0 1 0 0 0 0 0 0 0 0 1 0 0 0 0 0 0
images/petals/0434_553928289.jpg 1 0 0 0 1 0 0 0 0 0 1 0 0 0 0 0 0 0 0 0 0
images/guest/0664_280492313.jpg 0 0 0 0 0 0 0 0 0 1 0 0 0 0 0 0 0 0 0 0 0
images/cheering/0225_2440550239.jpg 0 0 0 1 0 0 0 1 0 0 0 0 0 0 1 0 0 0 0 0 0
images/dunes/0466_2080321152.jpg 0 0 0 1 0 0 0 0 0 0 1 0 0 0 1 1 1 0 0 0 0
images/rodent/0269_2530873349.jpg 1 0 0 0 0 0 0 0 0 0 0 0 0 0 0 0 0 0 0 0 0
images/capital/0513_709912463.jpg 0 0 0 1 0 0 0 1 0 0 0 0 0 0 1 1 0 0 0 0 0
images/log/0383_2480852281.jpg 0 0 0 0 0 0 0 0 0 0 1 0 0 0 0 0 0 0 0 0 0
images/bicycles/0011_148120776.jpg 0 0 0 0 0 0 0 0 0 1 0 0 1 0 0 0 0 0 0 0 0
images/wall/0235_62574114.jpg 0 0 0 1 0 0 0 0 0 1 0 0 0 0 1 0 0 0 0 0 0
images/river/0492_371766566.jpg 0 0 0 1 0 0 1 0 0 0 0 1 0 0 1 0 1 0 0 1 0
images/row/0470_2159756240.jpg 0 0 0 0 0 1 0 0 0 0 1 0 0 0 1 0 0 1 0 0 0
images/windows/0563_298037428.jpg 0 0 0 1 0 0 0 0 0 0 0 0 0 0 1 0 0 0 0 0 0
images/volcano/0322_780442808.jpg 0 0 0 0 0 0 1 0 1 0 0 0 0 0 1 0 0 0 0 1 0
images/orchid/0352_104794421.jpg 0 0 0 0 1 0 0 0 0 0 1 0 0 0 0 0 0 0 0 0 0
images/village/0474_1401520948.jpg 0 0 0 1 0 1 0 0 0 0 1 0 0 0 0 0 0 1 0 0 0
images/people/0442_1776058207.jpg 0 0 0 0 0 0 0 0 0 0 0 0 1 0 0 0 0 0 0 0 0
images/buildings/0207_442125236.jpg 0 0 1 0 0 0 1 0 0 0 0 1 0 0 0 0 0 0 0 1 0
images/smoke_stack/0510_2616346957.jpg 0 0 1 1 0 0 0 0 0 0 0 0 0 0 1 0 0 0 0 0 0
images/hills/0580_2467608714.jpg 0 0 0 1 0 1 0 1 0 0 0 0 0 0 1 0 0 0 0 0 0
images/cactus/0036_1385814918.jpg 0 0 0 0 1 0 0 0 0 0 1 0 0 0 0 0 0 0 0 0 0
images/kauai/0388_2445909240.jpg 0 1 0 1 0 1 0 0 1 0 0 0 0 0 1 0 0 0 0 1 0
images/stems/0382_616924526.jpg 0 0 0 1 0 0 0 0 0 0 0 0 0 0 1 0 0 0 0 0 0
images/water_tower/0283_110199491.jpg 0 0 1 1 0 0 0 0 0 0 0 0 0 0 1 0 0 0 0 0 0
images/business_people/0322_2756419489.jpg 0 0 0 0 0 0 0 0 0 1 0 0 0 0 0 0 0 0 0 0 0
images/herd/0065_29602615.jpg 1 0 0 0 0 1 0 0 0 0 0 0 0 0 0 0 0 0 0 0 0
images/umbrella/0423_2344520377.jpg 0 1 0 0 0 0 0 0 0 0 0 0 0 0 0 0 0 0 0 0 0
images/cottage/0213_75642670.jpg 0 0 0 1 0 0 1 0 0 0 0 1 0 0 0 0 0 0 0 0 0
images/observation_tower/0217_2586853346.jpg 0 0 0 1 0 0 0 0 0 0 0 0 0 0 1 0 0 0 0 0 0
images/cockpit/0328_2627854712.jpg 0 0 0 0 0 0 0 0 0 1 0 0 0 0 0 0 0 0 0 0 0
images/monument/0318_2370895945.jpg 0 0 0 0 1 0 0 0 0 0 1 1 0 0 1 0 0 0 0 1 0
images/dogs/0396_129289209.jpg 1 0 0 1 0 1 0 0 0 0 0 0 0 0 1 0 0 0 0 0 0
images/house_of_worship/0553_2379411548.jpg 0 0 0 1 0 0 0 0 0 0 0 0 0 0 0 0 0 0 0 0 1
images/cooling_tower/0472_2068389872.jpg 0 0 0 1 0 1 0 0 0 0 0 0 0 0 1 0 0 0 0 0 0
images/palace/0338_280871309.jpg 0 0 1 0 0 0 0 1 0 0 1 0 0 0 1 0 0 0 0 0 0
images/golf/0317_553307183.jpg 0 0 0 1 0 1 0 0 0 0 1 0 0 0 1 0 0 0 0 0 0
images/path/0445_2328922481.jpg 0 0 0 1 0 0 0 0 0 0 1 0 1 0 1 0 0 0 0 0 0
images/elk/0022_2527900974.jpg 1 0 0 1 0 0 0 1 0 0 0 0 0 0 1 0 0 0 0 0 0
images/light/0505_452918756.jpg 0 0 0 0 0 0 0 0 0 1 0 0 0 0 0 0 0 0 0 0 0
images/cabin/0201_1440392282.jpg 0 0 1 0 0 1 0 0 0 0 0 0 0 0 1 0 0 0 0 0 0
images/building/0535_2557089266.jpg 0 0 1 0 0 0 0 0 0 0 0 0 0 0 1 0 0 0 1 0 0
images/swimmers/0422_2677630377.jpg 0 1 0 0 0 0 0 0 0 1 0 0 0 0 0 0 0 0 0 1 0
images/clock_tower/0011_62839847.jpg 0 0 0 0 0 0 0 0 0 0 0 0 0 0 0 1 0 0 0 0 0
images/ditch/0558_2138437982.jpg 0 0 0 1 0 0 0 0 0 0 0 0 1 0 1 0 0 0 0 0 0
images/snow/0263_316014230.jpg 0 0 0 1 0 0 0 1 0 0 0 0 0 0 1 1 0 0 0 0 0
images/islands/0336_2159460089.jpg 0 1 0 1 0 0 1 0 1 0 0 1 0 0 1 0 1 0 0 0 0
images/pond/0458_2384261201.jpg 0 0 0 1 0 0 1 0 0 0 0 1 0 0 1 0 0 0 0 1 0
images/whales/0593_287233062.jpg 0 0 0 1 0 0 1 0 1 0 0 0 0 0 1 0 1 0 0 1 0
images/head/0228_2604325858.jpg 0 1 0 0 0 0 0 0 1 0 0 0 0 0 1 0 0 0 0 1 0
images/kauai/0340_1341683782.jpg 0 1 0 1 0 0 0 0 1 0 0 0 0 0 1 0 0 0 0 1 0
images/plain/0038_547812413.jpg 0 0 0 1 0 1 0 1 0 0 1 0 0 0 1 0 0 1 0 0 0
images/aqueduct/0554_2051312401.jpg 0 0 1 1 0 0 0 0 0 0 0 0 0 0 0 0 0 0 0 0 0
images/riot/0224_130216920.jpg 0 0 0 0 0 0 0 0 0 1 0 0 0 0 0 0 0 0 0 0 0
images/forest/0413_571257382.jpg 0 0 0 0 0 0 0 0 0 0 0 0 0 0 0 0 0 1 0 0 0
images/gate/0314_353865579.jpg 0 0 0 1 0 0 0 0 0 0 0 0 0 0 1 0 0 0 0 0 0
images/pyramid/0393_2123738045.jpg 0 0 0 0 0 0 1 1 0 0 0 1 0 1 1 0 0 0 0 0 0
images/fountain/0401_423666284.jpg 0 0 0 1 0 0 1 0 0 0 0 0 0 0 1 0 0 0 0 1 0
images/prop/0403_2700174865.jpg 0 0 0 1 0 0 0 0 0 0 0 0 0 0 1 0 0 0 0 0 0
images/park/0595_2128882764.jpg 0 0 0 1 0 0 0 0 0 0 0 0 0 0 1 0 1 0 0 0 0
images/coast/0359_1249525769.jpg 0 1 0 1 0 0 0 0 0 0 0 0 0 0 1 0 0 0 0 1 0
images/reefs/0408_1561864542.jpg 0 1 0 1 0 0 0 0 1 0 0 0 0 0 1 0 0 0 0 1 0
images/church/0225_269738798.jpg 0 0 0 1 0 0 1 0 0 0 0 0 0 0 1 0 0 0 0 1 0
images/ships/0548_2056909441.jpg 0 1 0 1 0 0 1 0 1 0 0 0 0 0 1 0 0 0 1 1 0
images/aerial/0307_1348365739.jpg 0 0 1 0 0 0 0 0 1 0 0 0 0 0 0 0 0 0 0 1 0
images/cloverleaf/0211_372005508.jpg 0 0 1 0 0 0 0 0 0 0 0 0 1 0 1 0 0 0 0 0 0
images/giraffe/0212_1016430853.jpg 1 0 0 1 0 0 0 0 0 0 0 0 0 0 0 0 0 0 0 0 0
images/castle/0208_524628568.jpg 0 0 0 1 0 1 0 0 0 0 0 1 0 1 1 0 0 0 0 1 0
images/jeep/0468_404611445.jpg 0 0 0 0 0 0 0 0 0 1 0 0 0 0 0 0 0 0 1 0 0
images/cow/0348_397516258.jpg 1 0 0 0 0 0 0 0 0 0 0 0 0 0 0 1 0 0 0 0 0
images/fox/0210_2703846796.jpg 1 0 0 0 0 0 0 0 0 0 0 0 0 0 0 0 0 0 0 0 0
images/vines/0469_1261183651.jpg 0 0 0 0 1 0 0 0 0 0 1 0 0 0 0 0 0 0 0 0 0
images/storms/0535_217250278.jpg 0 0 0 1 0 0 1 0 1 0 0 0 0 0 1 0 0 0 0 0 0
images/albatross/0468_496184963.jpg 1 0 0 0 0 0 0 0 1 0 0 0 0 0 0 0 0 0 0 1 0
images/islands/0405_100021640.jpg 0 0 0 0 0 0 0 1 1 0 0 0 0 1 0 0 1 0 0 1 0
images/golf/0546_161247314.jpg 0 0 0 0 0 1 0 0 0 0 0 0 1 0 1 0 1 0 0 0 0
images/factory/0278_206390819.jpg 0 0 0 0 0 1 0 0 0 0 0 0 0 0 0 0 0 0 0 0 0
images/frost/0004_5766842.jpg 0 0 0 0 0 1 1 0 0 0 0 0 0 0 1 1 0 0 0 1 0
images/raft/0386_2242302515.jpg 0 0 0 1 0 0 1 0 0 1 0 1 0 0 1 0 0 0 0 1 0
images/lawyer/0321_374121073.jpg 0 0 0 0 0 0 0 0 0 1 0 0 0 0 0 0 0 0 0 0 0
images/chrysanthemums/0478_107854951.jpg 0 0 0 0 1 0 0 0 0 0 0 0 0 0 0 0 0 0 0 0 0
images/volcano/0574_90964724.jpg 0 0 0 1 0 0 1 1 1 0 0 0 0 0 1 1 0 0 0 1 0
images/whales/0522_631174855.jpg 1 0 0 0 0 0 0 0 0 0 0 0 0 0 0 0 0 0 0 1 0
images/path/0232_148104122.jpg 0 0 0 0 0 1 0 0 0 0 0 0 0 0 1 0 1 0 0 0 0
images/swimming_pools/0543_283151717.jpg 0 0 0 1 0 1 0 0 0 0 0 0 0 0 1 0 0 0 0 1 0
images/diver/0068_35879557.jpg 1 0 0 0 0 0 0 0 0 0 0 0 0 0 0 0 0 0 0 0 0
images/albatross/0564_2341449482.jpg 1 0 0 0 0 0 1 0 1 0 0 0 0 0 0 1 0 0 0 1 0
images/firefighter/0354_19902269.jpg 0 0 0 0 0 0 0 0 0 0 0 0 0 0 1 0 0 0 0 0 0
images/caribou/0239_2312296922.jpg 1 0 0 0 0 0 0 0 0 0 0 0 0 0 0 0 0 0 0 0 0
images/aerial/0558_91168447.jpg 0 0 0 0 0 0 1 1 0 0 0 0 0 1 1 1 0 0 0 1 0
images/pickup_truck/0294_2726012948.jpg 0 0 0 0 0 0 0 0 0 1 0 0 0 0 0 0 0 0 0 0 0
images/sailboats/0323_253728380.jpg 0 0 0 1 0 0 1 0 1 0 0 0 0 0 1 0 0 0 0 1 0
images/swimming/0684_2454150252.jpg 1 0 0 0 0 0 0 0 0 0 0 1 0 0 0 0 0 0 0 1 0
images/saguaro/0286_1393617400.jpg 0 0 0 1 0 0 0 1 0 0 0 0 0 0 1 0 0 0 0 0 0
images/highway/0408_103920554.jpg 0 0 0 1 0 0 0 0 0 0 0 0 0 0 1 0 0 0 0 0 0
images/adult/0549_2674227824.jpg 1 0 0 0 0 0 0 0 0 0 0 0 0 0 1 0 0 0 0 0 0
images/boeing/0330_841314321.jpg 0 0 0 1 0 0 0 0 0 0 0 0 0 0 1 0 1 0 1 0 0
images/backpackers/0387_2483593059.jpg 0 0 0 1 0 0 0 0 0 0 0 0 1 0 0 0 0 0 0 0 0
images/golf_player/0032_2530042489.jpg 0 0 0 0 0 1 0 0 0 0 0 0 0 0 1 0 0 1 0 0 0
images/wood/0556_435556486.jpg 0 0 0 0 0 0 0 0 0 0 1 0 0 0 1 0 0 1 0 0 0
images/suburban/0413_2654552497.jpg 0 0 0 1 0 0 0 0 0 1 0 0 0 0 1 0 0 0 0 0 0
images/shrubs/0277_876469995.jpg 0 0 0 0 1 1 0 0 0 0 0 0 0 0 0 0 0 0 0 0 0
images/monument/0507_500243524.jpg 0 0 1 1 1 0 0 0 0 0 0 0 0 0 1 0 0 0 0 0 0
images/gate/0327_2249965888.jpg 0 1 0 1 0 0 1 0 1 0 0 0 0 1 0 0 1 0 0 1 0
images/clock_tower/0303_197528344.jpg 0 0 1 0 0 0 0 0 0 0 0 0 0 0 1 0 0 0 0 0 0
images/avalanche/0342_2448450552.jpg 0 0 0 0 0 0 0 1 0 0 0 0 0 1 0 0 0 0 0 0 0
images/tanks/0555_2614850996.jpg 0 0 0 0 0 0 0 0 0 0 0 0 0 0 0 0 0 0 1 0 1
images/chrysanthemums/0046_2112508549.jpg 0 0 0 0 1 0 0 0 0 0 1 0 0 0 0 0 0 0 0 0 0
images/tundra/0658_2041704996.jpg 1 0 0 0 0 0 0 0 0 0 0 0 0 0 0 0 0 0 0 0 0
images/canal/0598_2606667932.jpg 0 0 0 0 1 0 0 0 0 0 1 0 0 0 0 0 0 0 0 0 0
images/firefighter/0262_454403598.jpg 0 0 0 0 0 0 0 0 0 0 0 0 1 0 0 0 0 0 0 0 0
images/horizon/0428_1183111271.jpg 0 0 0 1 0 0 1 0 1 0 0 0 0 0 1 0 0 0 0 1 0
images/land/0024_142700606.jpg 0 1 1 1 0 0 0 0 0 0 1 0 0 0 1 0 0 0 0 0 0
images/dresses/0585_2272739714.jpg 0 0 0 0 0 0 0 0 0 1 0 0 0 0 0 0 0 0 0 0 0
images/valleys/0536_106287434.jpg 0 0 0 1 0 0 1 0 0 0 0 0 0 0 0 0 0 0 0 1 0
images/walking/0486_1238321162.jpg 0 0 0 0 0 0 0 0 0 0 0 0 0 0 0 0 0 0 0 1 0
images/aerial/0515_2479377816.jpg 0 0 0 0 0 0 0 0 1 0 0 0 0 0 0 0 0 0 0 1 0
images/insect/0464_547331232.jpg 1 0 0 0 1 0 0 0 0 0 0 0 0 0 0 0 0 0 0 0 0
images/albatross/0056_2417244296.jpg 1 0 0 0 0 0 1 0 0 0 0 0 0 0 1 0 0 0 0 0 0
images/cave/0272_476676781.jpg 0 0 0 0 0 0 0 0 0 0 0 0 0 1 1 0 0 0 0 0 0
images/bench/0310_1452816593.jpg 0 0 0 0 0 0 0 0 0 0 0 0 0 0 0 0 0 1 0 0 0
images/car_crash/0210_403501321.jpg 0 0 0 1 0 0 0 0 0 0 0 0 0 0 0 0 0 0 1 0 0
images/pebbles/0069_1249578956.jpg 0 0 0 1 0 1 0 0 0 0 0 0 0 1 1 0 0 1 0 1 0
images/lighthouse/0042_334976968.jpg 0 0 0 1 0 0 0 0 0 0 0 0 0 0 1 0 1 0 0 0 0
images/stream/0278_310446696.jpg 0 0 0 0 0 0 0 0 0 0 0 0 0 1 0 0 0 0 0 1 0
images/soldiers/0045_391627690.jpg 0 0 0 0 0 0 0 0 0 1 0 0 0 0 0 0 0 1 0 0 0
images/snow/0365_161541596.jpg 0 0 0 0 0 0 0 1 0 0 0 0 0 0 1 1 0 0 0 0 0
images/reefs/0032_1118317942.jpg 0 0 0 1 0 0 1 0 1 0 0 0 0 0 1 0 0 0 0 1 0
images/house_of_worship/0221_77681284.jpg 0 0 1 0 0 0 0 0 0 0 0 0 0 0 0 0 0 0 0 0 1
images/art/0281_2114699177.jpg 0 0 0 1 0 0 0 0 0 0 0 0 0 1 1 0 0 0 0 0 0
images/maui/0337_706419171.jpg 0 1 0 0 0 0 1 0 1 0 0 0 0 0 1 0 1 0 0 0 0
images/seals/0331_350493315.jpg 0 1 0 0 0 0 0 0 0 0 0 0 0 0 0 0 0 0 0 1 0
images/officers/0053_2502097992.jpg 0 0 0 0 0 0 0 0 0 1 0 0 1 0 0 0 0 0 0 0 0
images/rowboat/0388_2203670446.jpg 0 0 0 0 0 0 0 0 0 1 0 0 0 0 1 0 0 0 0 0 0
images/bridges/0252_86526660.jpg 0 0 0 0 0 0 1 0 0 0 0 1 0 0 1 0 1 0 0 1 0
images/head/0444_2179211678.jpg 0 0 0 0 0 0 1 0 1 0 0 0 0 0 0 0 0 0 0 1 0
images/runway/0089_2193689373.jpg 0 0 0 1 0 0 0 0 0 0 0 0 1 0 1 0 0 0 0 0 0
images/car_crash/0067_2671144016.jpg 0 1 0 1 0 0 1 0 0 1 0 0 0 0 1 0 0 0 1 0 0
images/nets/0260_2129585747.jpg 0 1 0 0 0 0 1 0 0 1 0 0 0 0 0 0 1 0 0 0 0
images/individual/0643_1003450715.jpg 0 0 0 0 0 0 0 0 0 1 0 0 0 0 0 0 0 0 0 0 0
images/cottage/0339_1457872763.jpg 0 0 1 1 0 1 0 0 0 0 0 0 0 0 0 0 0 0 0 0 1
images/pyramid/0369_883861571.jpg 0 0 0 1 0 0 0 0 0 0 0 1 0 0 1 0 0 0 0 1 1
images/fountain/0304_138915154.jpg 0 0 0 1 0 0 1 0 0 0 0 0 0 0 1 0 1 0 0 1 0
images/foals/0492_2186918064.jpg 1 0 0 0 0 0 0 0 0 0 0 0 0 0 0 0 0 0 0 0 0
images/lakes/0251_2049870918.jpg 0 0 0 0 0 0 1 0 0 0 0 1 0 0 1 0 0 0 0 1 0
images/shrine/0523_540334460.jpg 0 0 0 1 0 0 0 0 0 1 0 0 0 0 1 0 0 0 0 0 0
images/frost/0268_2137518159.jpg 0 0 0 1 0 0 0 0 0 0 1 0 0 0 1 0 0 0 0 0 0
images/foals/0039_270486522.jpg 1 0 0 0 0 0 0 0 0 0 0 0 0 0 0 0 0 0 0 0 0
images/glacier/0086_184180758.jpg 0 0 0 0 0 0 0 0 0 0 0 0 0 0 1 1 0 0 0 0 0
images/gas_station/0445_2290028899.jpg 0 0 1 0 0 0 0 0 0 0 0 0 0 0 1 0 0 0 0 0 0
images/machine_guns/0326_2549552548.jpg 0 0 0 0 0 0 0 0 0 1 0 0 0 0 0 0 0 0 1 0 0
images/hillside/0341_366912641.jpg 0 0 1 0 0 0 0 0 0 0 0 0 0 0 0 0 0 0 0 0 1
images/petals/0418_771066059.jpg 0 0 0 0 0 0 0 0 0 0 1 0 0 0 0 0 0 0 0 0 0
images/house/0483_114695729.jpg 0 0 0 0 0 0 0 0 0 0 0 0 0 0 1 0 0 0 0 0 0
images/mule/0044_84427083.jpg 0 0 0 1 0 0 0 1 1 0 0 0 0 1 1 0 0 0 0 1 0
images/horizon/0482_2404738029.jpg 0 0 0 1 0 0 1 0 1 0 0 0 0 0 1 0 0 0 0 1 0
images/ice/0518_2265705430.jpg 0 1 0 1 0 0 1 0 1 0 0 0 0 0 1 0 1 0 0 1 0
images/mountain/0330_890126622.jpg 0 0 0 0 0 0 0 1 0 0 0 0 0 0 1 0 0 0 0 0 0
images/dall/0621_206642372.jpg 1 0 0 1 0 1 0 0 0 0 0 0 0 0 0 0 0 0 0 0 0
images/reptile/0087_2098996974.jpg 1 0 0 1 0 0 0 0 0 0 0 0 0 0 1 0 0 0 0 0 0
images/umbrella/0349_2361387982.jpg 0 0 0 0 0 0 0 0 0 1 0 0 0 0 0 1 0 0 0 0 0
images/monastery/0497_270363022.jpg 0 0 0 1 0 1 0 1 0 0 0 0 0 1 1 0 0 0 0 1 0
images/clock_tower/0432_2102614303.jpg 0 0 1 0 0 0 0 1 0 0 0 0 0 0 1 0 0 0 0 0 0
images/maui/0431_535613931.jpg 1 0 0 0 0 0 0 0 1 0 0 0 0 0 0 0 0 0 0 1 0
images/fall/0364_280887261.jpg 0 0 0 1 0 0 0 0 0 0 0 1 0 0 1 0 1 0 0 1 0
images/police/0421_829801426.jpg 0 0 0 0 0 0 0 0 0 1 0 0 0 0 0 0 0 0 1 0 1
images/houseboat/0636_152670463.jpg 0 0 1 0 0 0 1 0 0 0 0 1 0 0 1 0 0 0 0 1 1
images/path/0508_2526978595.jpg 0 0 0 1 0 1 0 0 0 0 1 0 1 0 1 0 0 0 0 0 0
images/vegetation/0466_2629532702.jpg 0 0 0 0 1 0 0 0 0 0 1 0 0 0 0 0 0 0 0 0 0
images/moss/0358_2098112402.jpg 0 0 0 0 0 1 0 0 0 0 0 0 0 0 0 0 0 0 0 0 0
images/formation/0053_2128992021.jpg 0 0 0 1 0 1 1 0 0 0 0 0 0 0 1 0 0 0 0 1 0
images/moose/0387_1205995639.jpg 1 0 0 0 0 1 0 0 0 0 0 1 0 0 0 0 0 0 0 0 0
images/courthouse/0241_208383970.jpg 0 0 0 0 0 0 0 0 0 0 1 0 1 0 0 0 0 0 0 0 0
images/meadow/0560_2458808516.jpg 0 0 0 0 1 1 0 0 0 0 1 0 0 0 0 0 0 0 0 0 0
images/rocks/0255_521307759.jpg 0 1 0 1 0 0 1 0 0 0 0 0 0 1 1 0 0 0 0 0 0
images/castle/0340_2262251148.jpg 0 0 0 0 0 0 0 0 0 0 0 0 0 0 0 0 0 0 0 0 1
images/tornado/0479_2538064780.jpg 0 0 0 1 0 0 0 0 0 0 0 0 0 0 1 0 0 0 1 0 1
images/hawk/0021_461431347.jpg 0 0 0 1 0 0 0 0 0 0 0 0 0 0 1 0 0 0 0 0 0
images/sails/0095_1543764438.jpg 0 0 0 0 0 0 0 1 1 0 0 0 0 1 1 0 0 0 1 1 0
images/hut/0411_2594716687.jpg 0 0 0 1 0 0 0 0 0 0 0 0 0 0 1 0 0 0 0 0 1
images/hillside/0429_158913528.jpg 0 0 0 0 0 0 0 0 0 0 0 0 0 0 0 0 0 0 0 0 1
images/cars/0543_475442609.jpg 0 0 1 0 0 0 0 0 0 0 0 0 1 0 0 0 0 0 0 0 0
images/military_base/0372_857263375.jpg 0 0 0 1 0 0 1 0 0 0 0 0 0 1 1 0 0 0 0 1 0
images/bench/0376_2668199352.jpg 0 0 0 0 0 1 0 0 0 0 0 0 0 0 0 0 0 0 0 0 0
images/cul-de-sac/0358_91354120.jpg 0 0 0 0 0 0 0 0 0 0 0 0 1 0 0 0 0 0 0 0 1
images/elephant/0575_2515308593.jpg 0 0 0 0 0 0 0 0 0 0 0 0 0 0 0 0 0 0 0 1 0
images/guard/0033_2389754119.jpg 0 0 0 0 0 0 1 0 0 0 0 1 0 0 0 0 0 0 0 1 0
images/tanker/0666_270088654.jpg 0 0 0 1 0 0 0 1 0 0 0 0 0 0 1 0 0 0 0 0 0
images/cave/0397_203602082.jpg 0 0 1 1 0 0 0 0 0 0 0 0 0 1 0 0 0 0 0 1 1
images/coast/0420_225532750.jpg 0 1 0 1 0 0 1 0 1 0 0 1 0 0 1 0 0 0 0 1 0
images/white_house/0509_2080695887.jpg 0 0 0 0 0 0 0 0 0 1 1 0 1 0 0 0 0 0 0 0 0
images/walking/0324_2680048341.jpg 0 0 0 1 0 0 0 0 1 0 0 0 0 0 0 0 0 0 0 0 0
images/vendor/0227_1150838772.jpg 0 0 0 0 0 0 0 0 0 1 0 0 1 0 0 0 0 0 0 0 0
images/clouds/0554_494470613.jpg 0 0 0 1 0 0 1 0 1 0 0 0 0 0 1 0 0 0 0 1 0
images/boats/0554_2129708413.jpg 0 0 0 1 0 0 0 0 0 0 0 1 0 0 1 0 1 0 0 1 0
images/harbor/0354_242023428.jpg 0 0 0 1 0 0 1 0 1 0 0 0 0 0 1 0 0 0 0 1 0
images/plane/0548_429200253.jpg 0 1 0 1 0 0 0 0 1 0 0 0 0 1 1 0 0 0 0 0 0
images/dresses/0209_2606627920.jpg 0 0 0 0 0 0 0 0 0 0 0 1 0 0 0 0 0 0 0 0 0
images/pups/0069_2684539075.jpg 1 0 0 0 0 0 0 0 0 0 0 0 0 0 0 0 0 0 0 0 0
images/frozen/0354_2245681522.jpg 0 0 0 0 0 0 1 0 0 0 0 0 0 0 0 1 0 0 0 1 0
images/stream/0487_152907928.jpg 0 0 0 1 0 1 1 1 0 0 1 0 0 0 1 0 0 0 0 1 0
images/orchid/0428_2710118842.jpg 0 0 0 0 1 0 0 0 0 0 1 0 0 0 0 0 0 0 0 0 0
images/guest/0451_2424037407.jpg 1 0 0 0 1 0 0 0 0 0 1 0 0 0 0 0 0 0 0 0 0
images/harvest/0250_254416036.jpg 0 0 0 1 0 0 0 0 0 0 0 0 0 0 1 0 0 0 0 0 0
images/stone/0514_154214214.jpg 0 0 0 0 0 0 0 1 0 0 0 0 0 0 1 0 0 0 0 0 0
images/camels/0575_398023177.jpg 0 1 0 1 0 0 0 0 0 0 0 0 0 0 0 0 0 0 0 1 0
images/tanker/0500_344683243.jpg 0 0 1 1 0 0 1 0 1 0 0 0 0 0 1 0 0 0 1 1 0
images/needles/0572_2565179881.jpg 0 0 0 0 0 0 0 0 0 1 0 0 1 0 0 0 0 0 0 0 0
images/bench/0389_141827580.jpg 0 0 0 1 0 0 0 0 0 0 1 0 0 0 1 1 0 1 0 0 0
images/boats/0504_2645943014.jpg 0 0 0 1 0 0 0 0 0 0 0 1 0 0 1 0 1 0 0 1 0
images/indian/0429_2252051318.jpg 0 0 0 0 0 0 0 0 0 0 1 0 0 0 0 0 0 0 0 1 0
images/soccer/0475_463002869.jpg 0 0 0 0 0 0 0 0 0 1 0 0 1 0 0 0 0 0 0 0 0
images/barracks/0037_2052691086.jpg 0 0 0 0 0 0 0 0 0 0 0 0 0 0 1 0 0 0 0 0 1
images/soldiers/0634_1183835832.jpg 0 0 0 1 0 0 0 1 0 1 0 0 0 0 1 0 0 1 0 0 0
images/lily/0421_1286992330.jpg 0 0 0 0 1 0 0 0 0 0 1 0 0 0 0 0 0 0 0 0 0
images/lighthouse/0441_769506866.jpg 0 0 0 1 0 0 0 0 0 0 1 0 0 0 1 0 0 0 0 0 0
images/dogs/0423_95627157.jpg 1 1 0 0 0 0 0 0 0 0 0 0 0 0 1 0 0 0 0 0 0
images/balcony/0349_2677560828.jpg 0 0 0 0 0 0 0 0 0 0 0 0 0 0 0 0 0 0 0 0 1
images/mushrooms/0402_437617824.jpg 0 0 0 0 0 0 0 0 0 0 1 0 0 0 0 0 0 0 0 0 0
images/valley/0592_253781503.jpg 0 0 0 1 0 0 0 1 0 0 1 0 0 0 1 1 0 0 0 0 0
images/deer/0097_406269475.jpg 1 0 0 0 0 0 0 0 0 0 0 0 0 0 0 1 0 0 0 0 0
images/shrine/0369_2462769045.jpg 0 0 1 0 0 0 1 0 0 0 0 1 0 0 1 0 0 0 0 1 0
images/palace/0420_39885902.jpg 0 0 0 1 0 0 0 0 0 0 0 0 0 0 1 0 0 0 0 0 1
images/animals/0278_184299204.jpg 1 0 0 0 0 0 0 0 0 0 0 0 0 0 0 0 0 0 0 0 0
images/sand/0413_2150904743.jpg 0 0 0 1 0 0 1 0 1 0 0 0 0 1 1 0 0 0 0 1 0
images/swimmers/0555_34792615.jpg 0 0 0 0 0 0 0 0 0 1 0 0 0 0 0 0 0 0 0 1 0
images/peaks/0208_382819361.jpg 0 0 0 0 0 0 0 1 0 0 1 0 0 1 1 1 0 1 0 0 0
images/path/0592_2100092839.jpg 0 0 0 0 0 0 0 0 0 0 0 0 0 0 0 0 0 1 0 0 0
images/barracks/0202_772249418.jpg 0 0 0 0 0 0 0 0 0 1 0 0 0 0 0 0 0 0 0 0 0
images/sailboat/0409_2674289734.jpg 0 0 0 1 0 0 0 0 0 0 0 1 0 0 1 0 0 0 1 1 0
images/mist/0326_1759077427.jpg 0 0 0 0 0 0 0 0 0 0 1 0 1 0 1 0 1 0 0 0 0
images/gas_station/0688_251911889.jpg 1 0 0 1 0 1 0 0 0 0 0 0 0 0 0 0 0 0 0 0 0
images/bank/0472_1242563164.jpg 0 0 1 1 0 0 0 0 0 0 0 0 1 0 1 0 0 0 0 0 0
images/horizon/0593_2664538439.jpg 0 1 0 1 0 0 1 0 1 0 0 0 0 0 1 0 0 0 0 1 0
images/bank/0415_366131163.jpg 0 0 1 1 0 0 0 0 0 0 0 0 1 0 1 0 0 0 0 0 1
images/tanker/0529_2399745362.jpg 0 0 0 1 0 0 0 0 1 0 0 0 0 0 1 0 0 0 0 0 0
images/canal/0430_78836709.jpg 0 0 0 0 0 0 0 0 0 0 0 0 0 0 1 0 0 1 0 1 0
images/avalanche/0538_152965857.jpg 0 0 0 0 0 0 0 0 0 0 0 0 0 1 0 0 0 0 0 0 0
images/toll_booth/0515_1896186827.jpg 0 0 0 0 0 1 1 0 0 0 0 0 0 0 1 0 0 0 0 0 0
images/tanks/0666_2579701695.jpg 0 0 0 1 0 0 1 0 0 0 0 0 0 0 1 0 0 0 0 1 0
images/sailboat/0391_2225592362.jpg 0 0 0 0 0 0 1 0 1 0 0 0 0 0 1 0 1 0 0 1 0
images/weather/0406_498251915.jpg 0 0 1 1 0 1 0 0 0 0 0 0 0 0 1 0 0 0 0 0 0
images/oil_field/0299_2365034242.jpg 0 0 0 1 0 0 0 0 1 0 0 0 0 0 0 0 0 0 0 0 0
images/cactus/0582_499149391.jpg 0 0 0 1 0 0 0 0 0 0 1 0 0 1 0 0 1 0 0 0 0
images/rocket_launching/0010_2637361901.jpg 0 0 0 0 0 0 0 0 0 1 0 0 0 0 0 0 0 0 0 0 0
images/ground_crew/0473_1409805281.jpg 0 0 0 1 0 0 0 0 0 0 0 0 1 0 1 0 0 0 0 0 1
images/cubs/0261_423505999.jpg 1 0 0 0 0 0 0 0 0 0 0 0 0 0 0 1 0 0 0 0 0
images/goat/0082_124998429.jpg 1 0 0 0 1 0 0 0 0 0 0 0 0 0 0 0 0 0 0 0 0
images/cars/0304_2578021496.jpg 0 0 0 1 0 0 0 0 0 0 0 0 1 0 1 0 1 0 0 0 0
images/helicopter/0219_2249241629.jpg 0 0 0 1 0 0 0 0 0 0 0 0 1 0 1 0 1 0 0 0 0
images/rapids/0052_254165898.jpg 0 0 0 0 0 0 1 0 0 0 0 0 0 0 0 0 0 0 0 1 0
images/mountain/0381_759253017.jpg 0 0 0 0 0 0 0 1 0 0 0 0 0 0 1 0 0 0 0 0 0
images/road_block/0293_436378163.jpg 0 0 1 0 0 0 0 0 0 0 0 0 1 0 0 0 0 0 0 0 0
images/skiing/0359_2152127689.jpg 0 0 0 0 0 0 0 0 0 1 0 0 0 0 0 0 0 0 0 0 0
images/pool/0480_2286494524.jpg 0 0 0 0 0 0 0 0 0 0 0 0 0 0 0 0 0 0 0 1 0
images/military/0547_530029400.jpg 0 0 0 1 0 1 0 0 0 0 0 0 0 0 1 0 0 0 1 0 0
images/highway/0344_2069522927.jpg 0 0 0 0 0 0 0 0 0 0 0 0 1 0 0 0 0 0 0 0 0
images/pack/0239_2570209680.jpg 0 0 0 1 0 0 1 0 0 1 0 0 0 0 1 0 1 0 0 0 0
images/sponges/0028_2367161352.jpg 0 0 0 0 0 0 0 0 1 0 0 0 0 0 0 0 0 0 0 0 0
images/arctic/0226_2255036004.jpg 0 0 0 1 0 0 0 0 1 0 0 0 0 0 0 0 0 0 1 0 0
images/apartment_complex/0340_746055266.jpg 0 0 0 1 0 0 0 0 0 0 0 0 0 0 1 0 0 0 0 0 0
images/canal/0227_330189713.jpg 0 0 0 0 0 0 0 0 0 0 0 0 0 0 1 0 0 0 0 1 0
images/scotland/0548_2195381045.jpg 0 0 0 0 0 0 1 1 0 0 0 0 0 0 0 0 0 0 0 1 0
images/lawn/0419_33532964.jpg 0 0 0 0 0 1 0 0 0 0 0 0 0 0 0 0 0 0 0 0 0
images/sailboats/0022_1289442386.jpg 0 0 0 1 0 0 1 0 1 0 0 0 0 0 1 0 1 0 0 1 0
images/dock/0291_2028157762.jpg 0 0 1 0 0 0 1 0 0 0 0 1 0 0 0 0 0 1 0 1 0
images/art/0205_142222402.jpg 0 0 0 0 0 1 0 0 0 0 0 0 0 1 1 0 0 0 0 0 0
images/tanker/0504_566779751.jpg 0 0 0 1 0 0 0 0 0 0 0 0 1 0 1 0 0 0 1 0 0
images/computers/0433_2319127301.jpg 0 0 0 0 0 0 0 0 0 0 0 0 0 1 0 0 0 0 0 0 0
images/mule/0271_2510829918.jpg 1 0 0 0 0 0 0 0 0 0 0 0 0 0 0 0 0 0 0 0 0
images/cloverleaf/0456_2370212858.jpg 0 0 0 1 0 0 0 0 0 0 0 0 0 0 1 0 0 0 0 0 0
images/jeep/0303_428962714.jpg 0 0 0 0 0 0 0 0 0 0 0 0 1 1 1 0 0 0 0 0 0
images/pole/0224_123603314.jpg 0 0 0 0 0 0 0 0 0 0 0 0 0 0 1 0 0 0 0 0 0
images/antenna/0535_247788345.jpg 0 0 0 1 0 1 0 0 0 0 0 0 0 0 1 0 1 0 0 0 0
images/formula/0508_1173967871.jpg 0 0 0 0 0 0 0 0 0 0 0 0 0 0 0 0 0 0 1 0 0
images/snow/0369_310648977.jpg 0 0 1 0 0 0 0 0 0 0 1 0 0 0 1 1 0 1 0 0 0
images/cabin/0563_270065589.jpg 0 0 0 0 0 1 1 0 0 0 0 0 0 0 0 0 0 0 0 1 0
images/backpack/0594_235687806.jpg 0 0 0 1 0 1 0 1 0 0 0 0 0 1 1 1 0 0 0 0 0
images/tanker/0083_2405186255.jpg 0 0 0 1 0 0 0 0 0 0 0 0 0 0 1 0 0 0 1 1 0
images/valley/0236_337076891.jpg 0 0 0 1 0 1 1 1 0 0 0 0 0 0 1 0 0 0 0 1 0
images/parking_lot/0347_2605790396.jpg 0 0 0 0 0 0 0 0 0 0 0 0 1 0 1 0 0 0 0 0 0
images/road_block/0393_2709106079.jpg 0 0 0 0 0 0 0 0 0 1 0 0 0 0 0 0 0 0 0 0 0
images/perch/0016_195720804.jpg 1 0 0 0 0 0 0 0 0 0 0 0 0 0 0 0 0 0 0 0 0
images/cruise_liner/0040_130869983.jpg 0 0 0 1 0 1 0 0 0 0 0 0 0 0 1 0 0 0 0 0 0
images/art/0357_465085559.jpg 0 0 1 1 0 0 0 0 0 1 0 0 1 0 0 0 0 0 0 0 0
images/frozen/0094_905407122.jpg 0 0 0 0 0 0 0 1 0 0 0 0 0 0 0 1 0 0 0 0 0
images/row/0531_2318601127.jpg 0 0 0 0 0 0 0 0 0 0 1 1 0 0 0 0 0 1 0 1 0
images/golf_course/0094_1615823787.jpg 0 0 0 1 0 1 1 0 0 0 1 1 0 0 1 0 0 0 0 1 0
images/telephones/0212_1242748155.jpg 0 0 0 0 0 0 0 0 0 0 0 0 0 0 1 0 0 0 1 0 1
images/insect/0178_2556279106.jpg 1 0 0 0 1 0 0 0 0 0 0 0 0 0 0 0 0 0 0 0 0
images/antenna/0391_54082119.jpg 0 0 0 1 0 0 0 0 0 0 0 0 0 0 1 0 1 0 0 0 0
images/rapids/0327_2245088335.jpg 0 0 0 0 0 0 0 0 0 0 1 0 0 0 1 1 0 1 0 0 0
images/construction_site/0364_88787147.jpg 0 0 0 0 0 0 0 0 0 0 0 0 0 0 0 0 0 0 0 0 1
images/pups/0460_289211420.jpg 1 0 0 0 0 1 0 0 0 0 0 0 0 0 0 0 0 0 0 0 0
images/tanker/0265_716564802.jpg 0 0 0 0 0 0 0 0 1 0 0 0 0 0 1 0 0 0 0 0 0
images/bank/0403_971884534.jpg 0 0 0 1 0 1 0 0 0 0 0 0 0 1 1 0 0 0 0 0 0
images/stadium/0353_1276229378.jpg 0 0 0 0 0 0 0 0 0 1 0 0 0 0 0 0 0 0 1 0 0
images/penguin/0364_586534488.jpg 0 1 0 0 0 0 0 0 0 0 0 0 0 0 0 0 0 0 0 0 0
images/tanker/0324_2061200276.jpg 0 0 0 1 0 0 0 0 0 0 0 0 1 0 1 1 0 1 0 0 0
images/fields/0075_210657398.jpg 0 0 0 0 0 1 0 0 0 0 1 0 0 0 1 0 0 0 0 0 0
images/rockface/0429_1555895777.jpg 0 0 0 0 0 0 0 1 0 0 0 0 0 1 1 1 0 0 0 0 0
images/car/0401_2605717885.jpg 0 0 0 1 0 0 0 0 0 0 0 0 1 0 1 0 1 0 1 0 0
images/marsh/0479_2175560599.jpg 0 0 0 0 0 0 0 0 0 0 0 0 0 0 0 1 0 0 0 0 0
images/carvings/0073_1018515462.jpg 0 0 0 0 0 0 0 0 0 0 0 0 0 1 1 0 0 0 0 0 0
images/group/0495_2517494492.jpg 0 0 0 1 0 0 1 0 0 0 0 1 0 0 1 0 0 0 0 0 0
images/donkeys/0055_2460028418.jpg 1 1 0 0 0 0 0 0 0 0 0 0 0 0 0 0 0 0 0 0 0
images/rose/0240_58244081.jpg 0 0 0 0 1 0 0 0 0 0 1 0 0 0 0 0 0 0 0 0 0
images/embassy/0457_118411231.jpg 0 0 1 0 0 0 0 0 0 0 0 0 0 0 1 0 0 0 0 0 1
images/rockface/0346_45091576.jpg 0 0 0 1 0 0 0 0 0 0 0 0 0 0 1 0 0 0 0 0 0
images/boeing/0432_1876781707.jpg 0 0 0 1 0 0 0 0 0 0 0 0 0 0 1 0 0 0 0 0 0
images/park/0302_261743385.jpg 0 0 0 0 0 1 0 0 0 0 1 0 0 0 1 0 0 1 0 1 0
images/submarine/0280_521110824.jpg 0 0 0 0 0 0 0 0 1 0 0 0 0 0 0 0 0 0 1 1 0
images/glacier/0512_1603320950.jpg 0 0 0 1 0 0 0 1 0 0 0 0 0 0 1 1 1 0 0 0 0
images/costume/0395_1808488433.jpg 1 0 0 0 0 0 0 0 0 0 0 0 0 0 0 0 0 0 0 0 0
images/seals/0502_1962509376.jpg 0 0 0 0 0 0 0 0 0 0 0 0 0 1 0 0 0 0 0 1 0
images/perch/0313_199054167.jpg 1 0 0 1 0 0 0 0 0 0 0 0 0 0 1 0 0 1 0 0 0
images/lake/0243_2222979186.jpg 0 0 0 1 0 0 1 0 0 0 0 1 0 0 1 0 0 0 0 1 0
images/lakes/0059_53595438.jpg 0 0 0 0 0 1 1 1 0 0 1 1 0 0 1 0 0 0 0 1 0
images/porcupine/0520_1797717706.jpg 1 0 0 0 0 1 0 0 0 0 0 0 0 0 0 0 0 0 0 0 0
images/penguin/0551_2707081450.jpg 1 0 0 0 0 0 0 0 0 0 0 0 0 0 0 0 0 0 0 0 0
images/dock/0598_109603533.jpg 0 0 0 1 0 0 0 0 0 0 0 0 0 0 1 0 1 0 0 0 0
images/leopard/0334_2544569705.jpg 1 0 0 0 0 0 0 0 0 0 0 0 0 0 0 0 0 0 0 0 0
images/prototype/0081_80166264.jpg 0 0 0 0 0 1 0 0 0 0 0 0 0 0 0 0 0 0 1 0 0
images/night/0454_320308046.jpg 0 0 1 0 0 0 0 0 0 0 0 0 1 0 0 0 0 0 0 0 0
images/golf/0591_350251158.jpg 0 0 0 0 1 0 0 0 0 0 1 0 0 0 0 0 0 0 0 0 0
images/tanks/0308_232464786.jpg 0 0 0 1 0 1 0 0 0 0 0 0 1 0 1 0 0 0 1 0 0
images/shadows/0589_2538474939.jpg 0 0 0 0 0 1 0 0 0 0 0 0 0 0 0 0 0 1 0 0 0
images/outdoor/0308_1231189206.jpg 0 1 0 1 0 0 0 0 1 0 0 1 0 0 1 0 1 0 0 1 0
images/meadow/0479_2671417427.jpg 0 0 0 0 1 0 0 0 0 0 1 0 0 0 0 0 0 0 0 0 0
images/outdoor/0427_1071052632.jpg 0 1 0 1 0 0 0 0 1 0 0 1 0 0 0 0 1 0 0 1 0
images/flood/0352_2510129947.jpg 0 0 0 1 0 0 1 0 0 0 0 1 0 0 1 0 1 0 0 1 0
images/nighttime/0401_263632936.jpg 0 1 0 1 0 0 1 0 0 0 0 0 0 0 1 0 0 0 0 1 0
images/marine/0329_1403442712.jpg 1 0 0 0 0 0 0 0 0 0 0 0 0 0 0 0 0 0 0 0 0
images/athlete/0250_2273383285.jpg 0 0 0 0 0 1 0 0 0 1 0 0 0 0 0 0 0 0 0 0 0
images/oil_field/0659_2235884903.jpg 0 0 0 1 0 0 0 0 0 0 0 0 0 0 1 0 0 0 0 0 0
images/aerial/0014_54801298.jpg 0 1 0 0 0 0 1 0 1 0 0 0 0 0 0 0 0 0 0 1 0
images/sailboats/0535_2498793269.jpg 0 0 0 1 0 0 0 0 0 0 0 1 0 0 1 0 1 0 0 1 0
images/range/0493_1137228820.jpg 0 1 0 1 0 0 1 0 1 0 0 0 0 1 1 0 0 0 0 1 0
images/fish/0490_2415835637.jpg 0 0 0 1 0 0 0 0 0 0 0 1 0 0 0 0 0 0 0 1 0
images/zebra/0344_2278121896.jpg 1 0 0 0 0 0 0 0 0 0 0 0 0 0 0 0 0 0 0 0 0
images/smoke/0580_12109851.jpg 0 0 0 1 0 0 1 0 0 0 0 0 0 0 1 0 0 0 0 0 0
images/moss/0391_93333613.jpg 0 0 0 0 0 1 0 0 0 0 1 0 0 0 0 0 0 0 0 0 0
images/shrubs/0436_1525753561.jpg 0 0 0 1 0 0 0 0 0 0 1 0 0 0 1 0 0 0 0 0 0
images/chrysanthemums/0345_494709808.jpg 0 0 0 0 1 0 0 0 0 0 0 0 0 0 0 0 0 0 0 0 0
images/prototype/0555_2594800157.jpg 0 0 0 0 0 0 0 0 0 0 0 0 1 0 1 0 0 0 1 0 1
images/cottage/0016_985041546.jpg 0 0 0 0 0 0 1 0 0 1 0 0 0 0 0 0 0 0 0 1 0
images/graveyard/0082_2093640803.jpg 0 0 0 1 0 0 0 0 0 0 1 0 0 0 1 0 0 1 0 0 0
images/lichen/0074_874615092.jpg 0 0 0 0 0 0 1 0 0 0 0 0 0 1 0 0 0 0 0 0 0
images/close-up/0010_440926454.jpg 1 0 0 0 0 0 0 0 0 0 0 0 0 0 0 0 0 0 0 0 0
images/golf_course/0086_55130965.jpg 0 0 0 0 0 0 0 0 0 0 0 0 0 0 0 0 0 0 0 1 0
images/valley/0329_2607777181.jpg 0 0 0 0 0 1 0 1 0 0 1 0 0 0 1 0 1 0 0 0 0
images/frigate/0091_169864128.jpg 0 0 0 1 0 0 0 0 0 0 0 0 0 0 1 0 0 0 1 1 0
images/television_tower/0620_59116225.jpg 0 0 1 0 0 1 0 0 0 0 0 0 0 0 1 0 0 0 0 0 1
images/town/0558_207087294.jpg 0 0 0 0 0 0 0 0 0 0 0 0 0 0 0 0 0 0 0 0 1
images/coral/0445_778083433.jpg 1 0 0 0 0 0 0 0 0 0 0 0 0 0 0 0 0 0 0 1 0
images/beach/0292_317104960.jpg 0 1 0 1 0 0 1 0 0 0 0 0 0 0 1 0 0 0 0 0 0
images/flood/0297_1595285505.jpg 0 0 0 0 0 0 0 0 0 0 1 0 0 0 0 0 0 0 0 0 0
images/frost/0573_1650686164.jpg 0 0 0 0 0 1 0 0 0 0 1 0 0 0 1 0 0 1 0 0 0
images/flood/0476_2050916162.jpg 0 0 0 1 0 0 1 0 0 0 0 0 0 0 0 0 1 0 0 1 0
images/bulls/0360_1471265612.jpg 0 0 0 0 0 0 0 0 1 1 0 0 0 0 0 0 0 0 0 1 0
images/sunny/0512_2478051632.jpg 0 0 0 0 1 0 0 0 0 0 1 0 0 0 0 0 0 0 0 0 0
images/rose/0351_374349871.jpg 0 0 0 0 1 0 0 0 0 0 1 0 0 0 0 0 0 0 0 0 0
images/garden/0337_1444268669.jpg 0 0 0 0 1 0 0 0 0 0 1 0 0 0 0 0 0 0 0 0 0
images/race/0325_2328865875.jpg 0 0 0 0 0 0 0 0 1 0 0 0 0 0 0 0 0 0 0 0 0
images/texture/0036_136184752.jpg 0 0 0 0 0 1 0 0 0 0 0 0 0 0 0 0 0 1 0 0 0
images/lakes/0370_481736998.jpg 0 0 0 0 0 0 0 1 0 0 0 0 0 1 1 0 0 0 0 0 0
images/smoke_stack/0365_2130214816.jpg 0 0 0 0 0 0 0 0 0 0 0 0 0 0 1 0 0 0 0 0 0
images/throwing/0015_143804636.jpg 0 0 0 1 0 0 0 0 1 1 0 0 0 0 1 0 0 0 0 1 0
images/seals/0483_393282827.jpg 1 0 0 1 0 0 1 0 0 0 0 0 0 1 1 0 0 0 0 1 0
images/saguaro/0594_2189538215.jpg 0 0 1 1 0 0 0 0 0 0 0 0 0 0 1 0 0 0 0 0 0
images/storms/0210_102621337.jpg 0 0 0 1 0 0 1 0 0 0 0 0 0 0 1 0 1 0 0 1 0
images/greenhouse/0024_525638237.jpg 0 0 1 0 0 0 0 0 0 0 0 0 0 0 1 0 1 0 0 0 0
images/bay/0388_672068606.jpg 0 1 0 1 0 0 0 0 0 0 0 0 0 0 1 0 0 0 0 1 0
images/power_plant/0215_2124913095.jpg 0 0 1 0 0 0 0 0 0 0 0 1 0 0 1 0 0 0 0 0 0
images/lakes/0278_118840969.jpg 0 0 0 1 0 0 1 1 0 0 0 1 1 1 1 0 0 0 0 1 0
images/reefs/0609_416652579.jpg 0 1 0 1 0 0 0 0 1 1 0 0 0 0 1 0 0 0 0 1 0
images/mosque/0456_86935021.jpg 0 0 1 1 0 0 0 0 0 0 0 0 0 0 1 0 0 0 0 0 0
images/tortoise/0073_45085053.jpg 1 0 0 0 0 0 0 0 0 0 0 0 0 0 0 0 0 0 0 1 0
images/backpack/0223_372508330.jpg 0 0 0 1 0 0 0 1 0 0 0 0 0 0 1 1 0 0 0 0 0
images/house/0443_2629056774.jpg 0 0 1 1 0 0 0 0 0 0 0 0 0 0 1 0 0 0 0 0 0
images/field/0228_423003430.jpg 0 0 0 1 0 1 0 1 0 0 0 0 0 0 1 0 1 0 0 0 0
images/harbor/0256_1416854773.jpg 0 0 0 1 0 0 1 0 1 0 0 0 0 0 1 0 1 0 0 1 0
images/path/0311_2051181716.jpg 0 0 0 0 0 1 0 0 0 0 0 0 0 0 0 0 0 1 0 0 0
images/hill/0433_2440593074.jpg 0 0 0 1 0 0 1 1 0 0 0 1 0 0 1 0 1 0 0 1 0
images/perch/0374_2345282863.jpg 0 1 0 0 0 0 0 0 0 0 0 0 0 1 1 0 0 0 0 1 0
images/road_block/0268_2513805298.jpg 0 0 1 0 0 0 0 0 0 1 0 0 1 0 0 0 0 0 0 0 0
images/glacier/0358_124655703.jpg 0 0 0 1 0 0 0 0 1 0 0 0 0 0 1 0 0 0 0 0 0
images/stock_market/0483_2565499951.jpg 0 0 0 0 0 0 0 0 0 0 0 0 0 0 0 0 0 0 0 0 1
images/beach/0307_515692395.jpg 1 0 0 1 0 0 0 0 0 0 0 1 0 0 1 0 1 0 0 1 0
images/row/0567_253219078.jpg 0 0 0 0 1 0 0 0 0 0 1 0 0 0 0 0 0 0 0 0 0
images/golf_course/0580_141449654.jpg 0 0 0 1 0 1 1 0 0 0 1 0 0 0 0 0 0 0 0 0 0
images/school/0322_2394828617.jpg 0 0 0 0 0 0 0 0 0 1 0 0 0 0 0 0 0 0 0 0 0
images/street/0492_2408933142.jpg 0 0 0 0 0 0 0 0 0 1 0 0 0 0 0 0 0 0 0 0 0
images/car_crash/0255_2321673237.jpg 0 0 0 1 0 0 0 0 0 0 0 0 0 0 1 0 0 0 0 0 0
images/tornado/0666_2718808685.jpg 0 0 0 1 0 0 0 0 0 0 0 0 0 0 1 0 0 0 1 0 0
images/reflection/0373_2424755411.jpg 0 0 0 0 0 0 0 0 0 0 0 1 0 0 0 0 0 0 0 0 0
images/highway/0465_852147142.jpg 0 0 0 1 0 0 1 0 1 0 0 0 0 1 1 0 0 0 0 1 0
images/locomotive/0365_171461059.jpg 0 0 0 0 0 0 0 0 0 0 0 0 0 0 0 0 0 0 1 0 1
images/oceans/0570_533883396.jpg 0 0 0 0 0 0 1 0 1 0 0 0 0 0 0 0 0 0 0 1 0
images/cougar/0574_87238723.jpg 0 0 0 1 0 1 0 0 0 0 0 0 1 0 1 0 0 0 1 0 0
images/court/0011_1349986624.jpg 0 0 0 0 0 0 0 0 0 1 0 0 0 0 1 0 0 0 0 0 0
images/post/0234_422715481.jpg 1 0 0 1 0 0 0 0 0 0 0 0 0 0 1 0 0 0 0 0 0
images/grouper/0071_159322743.jpg 1 0 0 0 0 0 0 0 0 0 0 0 0 0 1 0 0 0 0 1 0
images/orchid/0577_2292450547.jpg 0 0 0 0 1 0 0 0 0 0 1 0 0 0 0 0 0 0 0 0 0
images/airplane/0342_24102165.jpg 0 0 0 1 0 0 0 0 0 0 0 0 0 0 1 0 0 0 0 0 0
images/mast/0281_1584077501.jpg 0 0 0 1 0 0 1 0 1 0 0 1 0 0 1 0 0 0 0 1 0
images/formation/0429_2316227690.jpg 0 0 0 0 0 0 0 1 0 0 0 0 0 1 1 1 0 0 0 0 0
images/balloons/0569_390179036.jpg 0 0 0 0 0 0 1 0 1 0 0 1 0 0 1 0 0 0 0 1 0
images/hangar/0571_60046366.jpg 0 0 0 0 0 0 0 0 0 0 0 0 0 0 1 0 0 0 0 0 0
images/farms/0561_1324739004.jpg 0 0 0 0 0 1 1 0 0 0 0 1 0 0 1 0 0 0 0 1 0
images/lake/0556_127847608.jpg 0 0 0 0 0 0 1 0 0 0 1 1 0 0 1 0 1 0 0 0 0
images/mist/0394_43854869.jpg 0 0 0 0 0 0 0 0 0 0 0 0 0 0 1 1 0 0 0 0 0
images/pair/0095_244904065.jpg 0 0 0 1 0 0 1 0 0 0 0 1 0 0 1 0 0 0 0 1 0
images/car/0052_715997764.jpg 0 0 0 1 0 0 0 0 0 0 0 0 1 0 0 0 0 0 0 0 0
images/steel/0554_897451044.jpg 0 0 0 0 0 0 1 0 1 0 0 0 0 0 0 0 0 0 0 1 0
images/shade/0600_2453472711.jpg 0 0 0 0 1 0 0 0 0 0 1 0 0 0 0 0 0 0 0 0 0
images/wall/0500_1104560071.jpg 0 0 0 0 0 0 0 0 0 0 0 0 0 0 0 0 0 1 0 0 0
images/hill/0464_735568652.jpg 0 0 0 0 0 0 0 0 0 0 0 0 1 0 1 0 0 0 0 0 0
images/roof/0391_2009847306.jpg 0 0 0 0 0 0 0 0 0 0 0 1 0 0 1 0 1 1 0 1 0
images/sunrise/0216_317088573.jpg 0 1 0 0 0 0 0 0 0 0 0 0 0 0 0 0 1 0 0 1 0
images/chairs/0082_2531013118.jpg 0 0 1 1 0 0 0 0 0 1 0 0 1 0 0 0 0 0 0 0 0
images/television_tower/0662_59064384.jpg 0 0 0 1 0 0 0 0 0 0 0 0 1 0 1 0 0 0 0 0 0
images/horse/0533_2169861561.jpg 1 0 0 1 0 0 0 0 0 0 0 0 0 0 1 0 1 0 0 0 0
images/waterfalls/0383_2488685501.jpg 0 0 0 1 0 0 1 0 1 0 0 0 0 0 1 0 0 0 0 1 0
images/island/0488_571010842.jpg 0 0 1 0 0 0 1 0 0 0 0 1 0 0 0 0 0 0 0 1 1
images/blossoms/0428_2570666947.jpg 0 0 0 0 1 0 0 0 0 0 0 0 0 0 0 0 0 0 0 0 0
images/porches/0573_2544085746.jpg 0 0 0 1 0 1 0 0 0 0 0 0 0 0 1 0 0 0 0 0 0
images/cow/0224_2552307562.jpg 1 0 0 1 0 0 0 0 0 0 1 0 0 0 1 0 0 0 0 0 0
images/african/0558_520520554.jpg 0 0 0 1 0 1 0 0 0 1 0 0 0 0 1 0 0 0 0 0 0
images/tundra/0272_451303731.jpg 0 0 0 1 0 1 0 1 0 0 0 0 0 0 1 0 0 0 0 0 0
images/antenna/0032_361781382.jpg 1 0 0 0 0 0 0 0 0 0 0 0 0 0 0 0 0 0 0 0 0
images/moss/0465_344240967.jpg 0 0 0 0 0 0 0 0 0 0 0 0 0 1 0 0 0 0 0 1 0
images/branch/0412_418607587.jpg 0 0 0 0 0 0 0 0 0 0 0 0 0 0 0 1 0 1 0 0 0
images/coral/0462_478816934.jpg 0 1 0 0 0 0 0 0 0 0 0 0 0 0 0 0 0 0 0 1 0
images/oceans/0231_2362093109.jpg 0 1 0 0 0 0 1 0 0 0 0 0 0 1 0 0 0 0 0 1 0
images/boats/0426_2313123800.jpg 0 1 0 1 0 0 1 0 1 0 0 0 0 0 1 0 1 0 0 1 0
images/observation_tower/0495_1810806448.jpg 0 0 1 0 0 0 0 0 0 0 0 0 0 0 1 0 0 0 0 0 1
images/arctic/0090_2449113584.jpg 0 0 0 1 0 0 0 0 1 0 0 0 1 1 1 1 0 0 0 0 0
images/chrysanthemums/0236_1807234794.jpg 0 0 0 0 1 0 0 0 0 0 0 0 0 0 0 0 0 0 0 0 0
images/bridge/0428_2272994494.jpg 0 0 1 1 0 0 0 0 0 0 1 1 0 0 1 0 0 0 0 1 0
images/spider/0096_2279864464.jpg 0 1 0 0 0 0 1 0 0 0 0 1 0 0 1 0 0 0 1 1 0
images/chapel/0407_1367379020.jpg 0 0 0 0 0 1 0 1 0 0 0 0 0 1 1 0 0 0 0 0 0
images/barn/0254_238326953.jpg 0 0 0 0 0 1 0 1 0 0 0 0 0 0 0 0 0 0 0 0 0
images/adult/0317_46292767.jpg 0 1 0 0 0 0 0 0 1 0 0 0 0 0 0 0 0 0 0 1 0
images/oceans/0092_133766721.jpg 0 1 0 1 0 0 0 0 0 0 0 0 0 0 1 0 0 0 0 1 0
images/hill/0056_169375039.jpg 0 0 0 1 0 1 0 0 0 0 1 0 0 0 1 0 0 0 0 0 0
images/drum/0252_2340163216.jpg 0 1 0 1 0 0 0 0 0 0 0 0 0 0 1 0 0 0 0 0 0
images/fountain/0077_838148820.jpg 0 0 1 0 0 0 0 0 0 0 0 0 0 0 0 0 0 0 0 1 0
images/formation/0075_43707772.jpg 0 0 0 1 0 0 0 0 0 0 0 0 0 0 1 0 1 0 0 0 0
images/military/0566_280947159.jpg 0 0 0 0 0 0 0 0 0 1 0 0 0 0 0 0 0 0 0 0 0
images/marine/0486_2489158519.jpg 0 0 0 0 0 0 0 0 0 0 0 1 0 0 1 0 0 0 1 1 0
images/monument/0362_1730726549.jpg 0 0 0 0 0 0 0 0 0 0 1 1 0 0 1 0 0 0 0 1 0
images/sand/0584_2329073442.jpg 0 1 1 1 0 0 0 0 1 0 0 0 0 0 1 0 0 0 0 1 0
images/fog/0202_250756838.jpg 0 0 0 1 0 0 0 0 0 0 0 0 0 0 1 0 1 0 0 0 0
images/sunny/0509_1249815471.jpg 0 1 0 1 0 0 0 0 1 0 0 0 0 0 0 0 0 0 0 0 0
images/branch/0581_135116313.jpg 0 0 0 1 0 1 1 0 0 0 0 1 0 0 1 0 1 1 0 1 0
images/sand/0396_401398094.jpg 0 1 0 1 0 0 0 0 1 0 0 0 0 0 1 0 0 0 0 1 0
images/camera/0419_2700959158.jpg 0 0 0 1 0 0 0 0 0 0 0 0 0 1 1 0 0 0 0 0 0
images/boats/0088_52085140.jpg 0 1 0 0 0 0 1 0 1 0 0 0 0 0 0 0 0 0 0 1 0
images/sailboats/0283_2085256319.jpg 0 0 0 1 0 0 0 0 1 0 0 1 0 0 1 0 0 0 1 1 0
images/swimming_pools/0409_2454955200.jpg 1 0 0 0 0 0 0 0 0 0 0 0 0 0 0 0 0 0 0 0 0
images/paintings/0573_767490497.jpg 0 0 0 0 0 0 0 0 0 0 1 0 0 0 0 0 0 0 0 0 0
images/carvings/0329_2618195499.jpg 0 0 0 0 0 0 1 0 0 0 0 0 0 0 0 0 0 0 0 0 0
images/islands/0591_58512385.jpg 0 0 1 0 0 0 1 1 0 0 0 1 0 0 1 0 0 0 0 1 0
images/peaks/0520_22604411.jpg 0 0 0 1 0 0 0 1 0 0 1 0 0 1 1 0 0 0 0 0 0
images/costume/0433_527502058.jpg 0 0 0 0 0 0 0 0 0 1 0 0 0 0 0 0 0 0 1 0 1
images/frost/0542_2166790792.jpg 0 0 0 0 0 0 0 0 0 0 1 0 1 0 1 1 0 0 0 0 0
images/grizzly/0359_912838277.jpg 0 0 0 1 0 0 1 0 1 0 0 0 0 0 1 0 0 0 0 1 0
images/grass/0578_324213354.jpg 0 0 0 0 0 1 0 0 0 0 1 0 0 0 0 0 0 0 0 0 0
images/frigate/0466_384943675.jpg 0 0 0 0 0 0 0 0 1 1 0 0 0 0 1 0 0 0 0 1 0
images/sunglasses/0355_2489237647.jpg 1 0 0 0 1 1 0 0 0 0 0 0 0 0 0 0 0 0 0 0 0
images/sailboats/0021_1558787991.jpg 0 0 0 1 0 0 1 0 0 0 0 1 0 0 1 0 0 0 0 1 0
images/blooms/0286_196630872.jpg 0 0 0 0 1 0 0 0 0 0 0 1 0 0 0 0 0 0 0 1 0
images/giraffe/0355_1172798751.jpg 1 0 0 0 0 1 0 0 0 0 0 0 0 0 1 0 0 0 0 0 0
images/elephants/0536_2197397655.jpg 1 0 0 1 0 1 0 0 0 0 0 0 0 0 1 0 0 0 0 0 0
images/shops/0216_216232480.jpg 0 0 0 0 0 0 0 0 0 0 0 0 0 0 0 0 0 0 0 0 1
images/bench/0224_915056275.jpg 0 0 0 0 1 0 0 0 0 0 0 0 0 0 0 0 0 0 0 0 0
images/islands/0329_2108659782.jpg 0 0 0 0 0 0 0 0 0 0 0 0 0 1 0 0 0 0 0 0 0
images/rose/0501_47685255.jpg 0 0 0 0 1 0 0 0 0 0 1 0 0 0 0 0 0 0 0 1 0
images/fence/0462_1811884648.jpg 0 0 0 0 0 0 0 0 0 0 0 0 0 0 0 0 0 1 0 0 0
images/antlers/0260_1475095080.jpg 1 0 0 0 0 1 0 0 0 0 0 0 0 0 0 0 0 0 0 0 0
images/congressman/0524_852876058.jpg 0 0 0 0 0 0 0 0 0 1 0 0 0 0 0 0 0 0 0 0 0
images/marsh/0569_2343108172.jpg 0 0 0 0 0 0 0 0 0 0 1 0 1 0 1 0 0 0 0 1 0
images/grassland/0456_133922434.jpg 0 0 0 0 0 1 0 0 0 0 0 0 0 0 0 0 0 0 0 0 0
images/capital/0099_512124494.jpg 0 0 0 1 0 0 0 0 0 0 0 0 1 0 1 0 1 0 0 0 0
images/flood/0343_776030558.jpg 0 0 0 1 0 0 0 0 0 0 0 0 0 0 1 0 0 0 0 1 0
images/rapids/0496_94190842.jpg 0 0 0 0 0 0 0 0 0 0 0 0 0 0 1 1 0 0 0 0 0
images/court/0225_106973561.jpg 0 0 0 1 0 0 0 0 0 0 0 0 0 0 1 0 0 0 0 0 1
images/police/0454_194168763.jpg 0 0 0 0 0 0 0 0 0 1 0 0 0 0 0 0 0 0 0 0 0
images/foals/0457_2734983406.jpg 0 0 0 0 0 0 0 0 0 1 0 0 0 0 0 0 0 0 0 0 0
images/barge/0416_2198845796.jpg 0 0 0 1 0 0 1 0 0 0 0 0 0 0 1 0 0 0 0 1 0
images/boeing/0056_2349143731.jpg 0 0 0 1 0 0 0 0 0 0 0 0 0 0 1 0 0 0 0 0 0
images/microwave_tower/0004_2345373519.jpg 0 0 1 1 0 0 0 0 0 0 0 0 0 0 0 0 0 0 0 0 0
images/tanker/0447_1585244226.jpg 0 0 0 0 0 0 0 0 0 0 0 0 0 0 0 0 0 0 1 0 0
images/car/0427_2340612492.jpg 0 0 0 1 0 0 0 0 0 0 0 0 0 0 0 0 0 0 1 0 0
images/swimming_pools/0405_280398619.jpg 0 0 0 0 0 0 0 0 1 1 0 0 0 0 0 0 0 0 0 1 0
images/fire_station/0379_416972723.jpg 0 0 1 1 0 0 0 0 0 0 0 0 0 0 1 0 0 0 0 0 1
images/coral/0008_373092812.jpg 1 0 0 0 0 0 0 0 0 0 0 0 0 0 0 0 0 0 0 1 0
images/grassland/0215_2518157007.jpg 0 0 0 0 1 1 0 0 0 0 1 0 0 0 0 0 0 0 0 0 0
images/meadow/0353_372837197.jpg 0 0 0 1 0 0 0 1 0 0 1 0 0 1 1 0 0 1 0 0 0
images/kauai/0294_1404674878.jpg 0 0 0 0 0 1 0 1 0 0 0 0 0 1 0 0 0 0 0 0 0
images/shell/0549_566537293.jpg 1 1 0 0 0 0 0 0 0 0 0 0 0 0 0 0 0 0 0 1 0
images/emergency_vehicles/0233_2170448276.jpg 0 0 0 1 0 0 0 0 0 0 0 0 1 0 0 0 0 0 1 0 0
images/vehicle/0307_1222233781.jpg 0 0 0 0 0 0 0 0 0 0 0 0 0 0 0 0 0 0 1 0 0
images/waves/0594_2168810758.jpg 0 0 0 1 0 0 1 0 1 0 0 0 1 1 1 0 0 0 0 1 0
images/path/0415_308350043.jpg 0 0 0 1 0 0 0 0 0 0 0 0 1 0 1 0 0 1 0 0 0
images/elephant/0309_2432854239.jpg 1 0 0 0 0 1 0 1 0 0 0 0 0 0 1 0 0 0 0 0 0
images/coast/0323_466839125.jpg 0 1 0 1 0 0 1 1 1 0 0 0 0 1 1 0 0 0 0 1 0
images/deer/0346_560772207.jpg 1 0 0 1 0 1 0 0 0 0 0 0 0 0 1 0 0 0 0 0 0
images/swimming_pools/0297_268990812.jpg 0 0 0 1 0 0 0 0 1 0 0 0 0 0 1 0 0 0 0 1 0
images/glacier/0344_2587843523.jpg 0 0 0 1 0 0 0 0 1 0 0 1 0 0 1 1 0 0 0 1 0
images/balcony/0051_2362987279.jpg 0 0 1 1 0 0 0 0 0 0 0 0 0 1 1 0 0 0 0 0 1
images/water_tower/0360_2267437926.jpg 0 0 0 0 0 0 0 0 0 0 0 0 0 0 1 0 0 0 0 0 0
images/shrine/0499_2478548332.jpg 0 0 0 1 0 0 1 0 0 0 0 0 0 0 1 0 0 1 0 1 0
images/singing/0302_2122335506.jpg 0 0 0 1 0 0 0 0 0 0 0 0 0 0 1 0 1 0 0 0 0
images/glass/0536_1159512917.jpg 0 0 0 0 0 0 0 0 0 1 0 0 0 0 0 0 0 0 0 0 0
images/farms/0473_2401375439.jpg 0 0 1 0 0 1 0 0 0 0 0 0 0 0 1 0 0 0 0 0 0
images/cooling_tower/0580_559163817.jpg 0 0 1 1 0 0 0 0 1 0 0 0 0 0 1 0 0 0 0 0 0
images/dust/0224_762530974.jpg 0 0 0 0 0 0 0 0 0 1 0 0 0 0 0 0 1 0 0 1 0
images/mural/0332_2201137518.jpg 0 0 0 0 0 0 0 0 0 0 0 0 0 0 0 0 0 0 0 0 1
images/machine_guns/0282_478078805.jpg 0 0 0 0 0 1 0 0 0 1 0 0 0 0 0 0 0 0 0 0 0
images/vehicle/0319_174713999.jpg 0 0 0 0 0 0 0 0 0 0 0 0 1 0 0 0 0 0 1 0 1
images/church/0534_104120722.jpg 0 0 0 0 0 0 0 0 0 0 0 0 0 0 1 1 0 0 0 0 0
images/porches/0558_1531875891.jpg 0 0 1 0 0 0 0 0 0 0 0 0 0 0 1 0 0 0 0 0 1
images/waves/0316_160041377.jpg 0 0 0 0 0 0 0 0 1 0 0 0 0 0 1 0 0 0 0 1 0
images/ship/0487_2254872384.jpg 0 0 0 0 0 0 1 1 1 0 0 0 0 0 1 0 0 0 0 1 0
images/storm/0585_375439164.jpg 1 0 0 1 0 0 0 0 0 0 0 0 0 0 1 0 1 0 0 0 0
images/mare/0460_1103097654.jpg 0 0 0 0 0 0 1 0 1 0 0 0 0 1 1 0 0 0 0 1 0
images/waterways/0454_2066510579.jpg 0 0 1 1 0 0 1 0 0 0 0 1 0 0 1 0 0 0 1 1 1
images/porches/0666_2520599871.jpg 0 0 0 0 0 0 0 0 0 1 0 0 0 0 0 0 0 0 1 0 0
images/head_of_state/0009_34912718.jpg 0 0 0 0 0 0 0 0 0 0 0 0 0 0 1 0 0 0 0 0 0
images/waterways/0342_2135867607.jpg 0 0 0 1 0 0 1 0 0 0 0 1 0 0 1 0 0 0 0 1 0
images/sheep/0065_775521097.jpg 1 0 0 1 0 1 0 0 0 0 0 0 0 0 1 0 0 0 0 0 0
images/hawaii/0221_202446613.jpg 0 1 0 1 0 0 1 0 1 0 0 0 0 0 1 0 0 0 0 1 0
images/coast/0459_1804098607.jpg 0 0 0 1 0 0 1 0 1 0 0 0 0 1 1 0 1 0 0 1 0
images/construction_site/0441_444734812.jpg 0 0 0 0 0 0 0 0 0 0 0 0 0 0 0 1 0 0 0 0 0
images/sphinx/0233_2681984743.jpg 0 0 0 1 0 0 0 0 0 0 0 0 0 0 1 0 0 0 0 0 0
images/sand/0450_515984781.jpg 0 1 0 1 0 0 1 0 0 0 0 0 0 0 1 0 0 0 0 1 0
images/maui/0272_2269937718.jpg 0 0 0 1 0 0 0 0 0 0 1 0 0 0 1 0 1 0 0 0 0
images/field/0452_455394314.jpg 0 0 0 1 0 0 0 0 0 0 1 0 0 0 1 0 0 0 0 0 0
images/zebra/0365_895259791.jpg 1 0 0 0 0 0 0 0 0 0 0 0 0 0 0 0 0 0 0 0 0
images/snow/0355_2228440875.jpg 0 0 0 1 0 0 0 0 1 0 0 0 0 0 1 1 0 0 1 0 0
images/cow/0538_375751066.jpg 1 0 0 0 0 1 0 0 0 0 0 0 0 0 0 0 0 0 0 0 0
images/capital/0015_2223331323.jpg 0 0 1 1 0 0 0 0 0 0 0 1 0 0 0 0 0 0 0 1 0
images/plaza/0463_14399878.jpg 0 0 0 1 0 0 0 0 0 0 0 0 0 0 1 0 0 0 0 0 0
images/peaks/0372_311202944.jpg 0 0 0 1 0 0 0 1 0 0 0 0 0 0 1 0 0 0 0 1 0
images/horizon/0389_2552371250.jpg 0 1 0 1 0 0 0 0 1 0 0 0 0 0 0 0 0 0 0 1 0
images/post/0429_525313046.jpg 0 0 0 0 0 0 0 0 0 0 0 0 0 0 0 0 0 0 0 1 0
images/skyline/0525_418748406.jpg 0 0 0 0 0 0 0 0 1 0 0 0 0 0 1 0 0 0 0 1 0
images/jet/0331_2694357025.jpg 0 0 0 0 0 0 0 0 0 0 0 0 0 0 0 0 0 1 0 0 0
images/diver/0280_2110653878.jpg 0 0 0 0 0 0 0 0 0 1 0 0 0 0 0 0 0 0 0 1 0
images/pope/0672_771943326.jpg 0 0 0 1 0 1 0 1 0 0 1 0 0 0 1 0 0 0 0 0 0
images/greeting/0295_55704035.jpg 0 0 0 0 1 0 0 0 0 0 0 0 0 0 0 0 0 0 0 0 0
images/indian/0318_1774017445.jpg 1 0 0 0 0 0 0 0 0 0 0 0 0 0 0 0 0 0 0 0 0
images/rice/0093_1389460755.jpg 0 0 0 1 0 0 0 0 0 0 1 0 0 0 1 0 0 0 0 0 0
images/urban_scenes/0321_2084829287.jpg 0 0 1 0 0 0 0 0 0 0 0 0 0 0 1 0 0 0 0 0 0
images/needles/0064_2692862354.jpg 0 0 0 0 0 0 0 0 0 0 1 0 0 0 1 0 0 1 0 0 0
images/mist/0567_2040221325.jpg 0 0 0 0 0 0 0 0 0 0 0 0 0 0 0 0 0 1 0 0 0
images/rainbow/0335_89948280.jpg 0 0 0 1 0 1 0 0 0 0 1 0 0 0 1 0 0 0 0 1 0
images/sailboats/0203_1162302192.jpg 0 0 0 1 0 0 1 0 0 0 0 1 0 0 1 0 0 0 0 1 0
images/cactus/0355_2413492485.jpg 0 0 0 0 1 1 0 0 0 0 0 0 0 0 0 0 0 0 0 0 0
images/sidewalk/0413_866049215.jpg 0 1 0 0 0 0 0 0 0 0 0 0 0 0 0 0 0 0 0 0 0
images/battleship/0486_359974130.jpg 0 0 0 0 0 0 0 0 0 0 0 0 0 0 0 0 0 0 0 1 0
images/oceans/0389_2547986335.jpg 0 0 0 1 0 0 0 0 1 0 0 0 0 0 1 0 0 0 0 1 0
images/islands/0348_2290568263.jpg 0 1 0 1 0 0 1 0 1 0 0 0 0 0 1 0 1 0 0 1 0
images/meeting/0014_317811025.jpg 0 1 0 0 0 0 0 0 0 0 0 0 0 0 1 0 1 0 0 1 0
images/column/0337_2195270718.jpg 0 0 1 1 0 1 0 0 0 0 0 0 1 0 1 1 0 0 0 1 1
images/moose/0466_126328391.jpg 0 0 0 0 0 0 0 0 0 0 0 0 0 0 0 0 0 0 1 0 0
images/volcano/0212_489092597.jpg 0 0 0 1 0 0 1 1 1 0 0 1 0 0 1 0 0 0 0 1 0
images/tony_blair/0445_124397108.jpg 0 0 0 0 0 0 0 0 0 1 0 0 1 0 0 0 0 0 0 0 0
images/beach/0295_494505581.jpg 0 1 0 1 0 0 1 0 1 0 0 0 0 0 1 0 1 0 0 1 0
images/swimmers/0085_2468761929.jpg 0 1 0 0 0 0 1 0 1 1 0 0 0 0 0 0 0 0 0 1 0
images/cityscape/0520_2250654530.jpg 0 0 0 1 0 0 1 0 0 0 0 1 0 0 1 1 0 0 0 1 0
images/single_person/0598_2410965366.jpg 0 0 0 0 0 0 0 0 0 0 0 0 0 0 0 1 0 0 0 0 0
images/snake/0241_2360435689.jpg 1 0 0 0 0 0 0 0 0 0 0 0 0 0 0 0 0 0 0 0 0
images/umbrella/0303_2285133426.jpg 0 0 0 0 0 0 0 0 0 1 0 0 0 0 0 1 0 0 0 0 0
images/grass/0600_2676266639.jpg 0 0 1 0 0 1 0 0 0 0 0 0 0 0 1 0 0 0 0 0 0
images/grain_elevator/0520_83201302.jpg 0 0 0 0 0 0 0 0 0 0 0 0 0 0 0 0 0 0 0 0 1
images/police_station/0548_455039182.jpg 0 0 1 1 0 0 0 0 0 0 0 0 0 0 1 0 0 0 0 0 0
images/porches/0588_131012868.jpg 0 0 1 0 0 0 0 0 0 0 0 0 0 0 0 0 0 0 0 0 1
images/emergency_room/0468_825115783.jpg 0 0 0 0 0 0 0 0 0 1 0 0 0 0 0 0 0 0 0 0 0
images/goat/0225_399519279.jpg 1 0 0 0 0 0 0 0 0 0 0 0 0 0 0 0 0 0 0 0 0
images/tunnel/0549_2338410382.jpg 0 0 0 0 0 0 0 0 0 0 1 0 0 0 0 0 0 1 0 0 0
images/sports/0509_1546538888.jpg 0 0 0 0 0 0 0 0 0 0 0 0 1 0 1 0 0 0 1 0 0
images/glacier/0251_420821295.jpg 0 0 0 0 0 0 1 1 0 0 0 0 0 1 1 1 0 0 0 0 0
images/castle/0083_1557981.jpg 0 0 1 1 0 1 0 0 0 0 0 0 0 0 1 0 0 0 0 1 0
images/highway/0585_2206824972.jpg 0 0 0 1 0 1 0 0 0 0 0 0 0 0 1 0 0 0 0 0 0
images/helicopter/0305_2331513920.jpg 0 0 0 0 0 0 0 0 0 0 0 0 0 0 0 0 0 0 1 0 1
images/autumn/0413_297600043.jpg 0 0 0 0 0 0 0 0 0 0 0 0 0 0 0 0 0 1 0 0 0
images/house/0569_408281486.jpg 0 0 1 1 0 0 0 0 0 0 0 0 0 0 1 1 0 0 0 0 1
images/town/0362_45523924.jpg 0 0 0 1 0 0 0 0 0 0 0 0 0 0 1 0 0 0 0 1 0
images/colin_powell/0149_2292503666.jpg 0 0 0 0 0 0 0 0 0 1 0 0 0 0 0 0 0 0 0 0 1
images/shrubs/0276_437425494.jpg 0 0 0 0 0 0 0 0 0 0 1 0 0 0 0 0 0 1 0 0 0
images/booby/0591_2160404744.jpg 1 0 0 0 0 0 0 0 0 0 0 0 0 0 0 0 0 0 0 1 0
images/donkeys/0497_2550981617.jpg 1 0 0 0 0 1 0 0 0 0 1 0 0 0 0 0 0 0 0 0 0
images/horse/0228_445299648.jpg 1 0 0 0 0 1 0 0 0 0 0 0 0 0 0 0 0 0 0 0 0
images/cow/0386_136409681.jpg 1 0 0 0 0 1 0 0 1 0 0 0 0 0 1 0 0 0 0 0 0
images/nets/0076_2301854712.jpg 0 0 0 1 0 0 0 0 1 0 0 0 0 0 1 0 1 0 0 0 0
images/reefs/0571_2539833428.jpg 0 0 1 0 0 0 0 0 0 0 0 0 0 0 0 0 0 0 1 0 1
images/valley/0309_359845458.jpg 0 0 0 0 0 1 0 0 0 0 0 0 0 0 1 0 1 1 0 0 0
images/cougar/0091_1804884385.jpg 1 0 0 0 0 1 0 0 0 0 0 1 0 0 0 0 0 0 0 1 0
images/motorcycle/0321_779956846.jpg 0 0 0 0 0 0 0 0 0 0 0 0 1 0 0 0 0 0 0 0 0
images/theater/0332_2048008059.jpg 0 0 1 0 0 0 0 0 0 0 0 1 0 0 1 0 0 0 0 1 0
images/houseboat/0226_2246394456.jpg 0 0 0 0 0 0 0 0 0 0 0 0 0 0 0 1 0 0 0 1 1
images/sailboats/0394_2648120267.jpg 0 0 0 1 0 0 1 0 1 0 0 1 0 0 1 0 0 0 0 1 0
images/computers/0205_12241420.jpg 0 0 0 0 0 0 0 0 0 0 0 0 1 0 0 0 0 0 0 0 1
images/firefighter/0368_2635173141.jpg 0 0 0 1 0 0 0 0 0 0 0 0 1 0 1 0 0 0 0 0 0
images/barge/0540_2097573374.jpg 0 1 1 1 0 0 0 0 0 0 0 1 0 0 1 0 0 0 0 1 0
images/cafe/0263_2714442142.jpg 0 0 0 0 1 0 0 0 0 0 0 0 0 0 0 0 0 0 0 0 0
images/anemone/0440_465696205.jpg 0 0 0 0 1 0 0 0 0 0 0 0 0 0 0 0 0 0 0 0 0
images/cougar/0336_486625841.jpg 0 0 0 1 0 0 0 0 0 0 0 0 0 0 1 0 0 0 1 0 1
images/sign/0021_1505923754.jpg 0 0 1 1 0 0 0 0 0 0 0 0 0 0 1 0 0 0 0 0 1
images/trunk/0278_2066468079.jpg 0 0 0 0 0 0 0 0 0 0 1 0 0 0 1 0 0 1 0 0 0
images/outside/0100_456116414.jpg 1 0 0 0 1 0 0 0 0 0 1 0 0 0 0 0 0 0 0 0 0
images/rowboat/0296_57961840.jpg 0 0 0 0 0 0 0 0 0 1 0 1 0 0 0 0 0 0 0 0 0
images/shadows/0536_427952382.jpg 0 0 0 1 0 0 0 0 0 0 0 0 0 0 1 0 1 0 0 0 0
images/maui/0094_175223555.jpg 0 0 0 1 0 0 0 0 0 0 0 0 0 0 1 0 0 0 0 0 0
images/branch/0546_2536395616.jpg 0 0 1 0 0 0 0 0 0 0 0 0 0 0 0 0 0 0 0 0 1
images/muslims/0292_323066361.jpg 0 0 1 0 0 0 0 0 0 0 0 0 0 0 1 1 0 0 0 0 1
images/aqueduct/0286_2390913551.jpg 1 0 0 0 0 0 0 0 0 1 0 0 0 0 0 0 0 0 0 0 0
images/arctic/0578_2225144044.jpg 1 0 0 0 0 0 0 0 0 0 0 0 0 0 0 1 0 0 0 0 0
images/desert/0356_798227534.jpg 0 0 0 1 0 1 0 0 0 0 0 0 0 1 1 0 1 0 0 0 0
images/truck/0290_144756778.jpg 0 0 0 0 0 0 0 0 0 0 0 0 0 0 1 0 0 0 1 0 1
images/golf_course/0494_370504742.jpg 0 0 0 1 0 0 0 0 0 0 0 0 0 0 1 0 1 1 0 0 0
images/fire_station/0054_2271816727.jpg 0 0 0 0 0 0 0 0 0 0 0 0 1 0 1 0 0 0 0 0 1
images/ships/0571_2605568132.jpg 0 0 0 1 0 0 0 0 0 0 0 0 0 0 1 0 0 0 1 0 0
images/pool/0598_2349868847.jpg 0 0 0 0 0 0 0 0 0 0 0 1 0 0 0 0 0 1 0 1 0
images/snow/0003_2696108622.jpg 0 0 0 1 0 0 0 0 0 0 0 0 0 1 1 1 0 0 0 1 0
images/shrubs/0539_2146726529.jpg 0 0 0 0 1 0 0 0 0 0 0 0 0 0 0 0 0 0 0 0 0
images/lawn/0452_2494586268.jpg 0 0 0 0 1 1 0 0 0 0 1 0 0 0 0 0 0 0 0 0 0
images/lake/0211_254324436.jpg 0 0 0 1 0 0 1 0 1 0 0 1 0 0 1 0 0 0 0 1 0
images/fountain/0244_2246998254.jpg 0 0 1 0 0 0 0 0 0 0 0 0 0 0 1 0 0 0 0 0 1
images/avalanche/0453_360204177.jpg 0 0 0 0 0 0 0 1 0 0 0 0 0 1 1 1 0 0 0 0 0
images/garden/0579_375540361.jpg 0 0 0 0 1 0 0 0 0 0 1 0 0 0 0 0 0 0 0 0 0
images/night/0207_127861419.jpg 0 0 1 1 0 0 0 0 0 0 0 1 0 0 1 0 0 0 0 0 0
images/dock/0445_2596959687.jpg 0 0 0 0 0 0 0 0 0 0 0 1 0 0 1 0 1 0 0 1 0
images/stream/0443_2710224422.jpg 0 0 0 0 0 0 0 1 0 0 0 0 0 1 0 0 0 0 0 1 0
images/carvings/0070_2562832171.jpg 0 0 0 0 0 1 0 0 0 0 1 0 0 0 1 0 0 1 0 0 0
images/mushrooms/0374_1319923191.jpg 0 0 0 1 0 1 0 0 0 0 1 0 0 0 0 0 0 0 0 0 0
images/anemone/0294_2370860958.jpg 0 0 0 0 1 0 0 0 0 0 1 0 0 0 0 0 0 0 0 0 0
images/lighthouse/0343_147476351.jpg 0 0 0 1 0 0 0 0 0 0 0 0 0 0 1 0 0 0 0 1 0
images/raft/0047_182563569.jpg 0 0 0 1 0 0 1 0 1 1 0 0 0 0 1 0 0 0 0 1 0
images/houseboat/0603_1876879305.jpg 0 0 0 0 0 0 0 0 0 0 0 1 0 0 0 0 0 0 1 1 0
images/mare/0454_138536693.jpg 0 1 0 1 0 0 0 0 0 0 0 0 0 0 1 0 0 0 0 1 0
images/pond/0499_2347441290.jpg 0 0 0 0 0 0 1 0 0 0 0 0 0 0 1 0 1 0 0 1 0
images/dogs/0294_2405284578.jpg 1 0 1 1 0 0 0 0 0 0 0 0 0 0 1 0 0 0 0 0 0
images/glacier/0559_2387013670.jpg 0 0 0 1 0 0 0 0 0 0 0 0 0 1 1 0 0 0 0 0 0
images/beach/0078_2161386173.jpg 0 1 0 1 0 0 0 0 1 0 0 1 0 1 0 0 1 0 0 1 0
images/skyline/0255_2114450940.jpg 0 0 1 1 0 0 0 0 0 0 0 0 1 0 0 0 0 0 0 0 0
images/fawn/0535_2534286825.jpg 1 0 0 0 0 0 0 0 0 0 1 0 0 0 0 0 0 0 0 0 0
images/capital/0263_509920751.jpg 0 0 1 0 0 0 0 0 0 0 0 1 0 0 1 0 0 0 0 0 0
images/ships/0333_876750686.jpg 0 0 0 1 0 0 0 0 0 0 0 1 0 0 1 0 0 0 0 1 0
images/reporters/0646_114186172.jpg 0 0 0 0 0 0 0 0 0 0 0 0 0 0 0 1 0 0 1 0 1
images/interior/0501_1419082699.jpg 0 0 0 0 0 0 0 0 0 0 0 0 0 0 0 0 0 0 0 0 1
images/cutter/0098_2474255236.jpg 0 0 0 1 0 1 0 0 0 1 0 0 0 0 1 0 0 0 0 0 0
images/peaks/0309_166563313.jpg 0 0 0 1 0 0 0 1 0 0 0 0 0 0 1 1 0 0 0 0 0
images/arctic/0489_104085491.jpg 0 1 0 1 0 0 1 1 1 0 0 0 0 0 1 0 0 0 0 1 0
images/glacier/0038_875184069.jpg 0 0 0 1 0 1 1 1 0 0 0 1 0 1 1 0 0 0 0 1 0
images/facade/0597_1392264596.jpg 0 0 0 0 0 0 0 0 0 0 0 0 0 0 0 0 0 0 0 0 1
images/lakes/0372_796628454.jpg 0 0 0 1 0 0 1 0 0 0 0 1 0 0 1 0 1 0 0 1 0
images/skiing/0411_382913322.jpg 0 0 0 0 0 0 0 0 0 0 0 0 0 0 1 1 0 0 0 0 0
images/fog/0299_136218190.jpg 0 0 0 0 0 1 0 0 0 0 1 1 0 0 0 0 0 0 0 0 0
images/lynx/0017_1295507576.jpg 0 0 0 0 1 0 0 0 0 0 0 0 0 0 0 0 0 0 0 0 0
images/tower/0374_2114378019.jpg 0 0 1 1 0 0 0 0 0 0 0 0 0 0 1 0 0 0 0 0 0
images/pickup_truck/0467_400394859.jpg 0 0 0 1 0 0 0 0 0 0 0 0 1 0 0 0 0 0 0 0 0
images/greenhouse/0002_452189020.jpg 0 0 1 0 0 0 0 0 0 0 1 0 0 0 1 0 0 0 0 0 0
images/tanker/0018_2703240751.jpg 0 1 0 1 0 0 1 0 1 0 0 0 0 0 1 0 0 0 0 1 0
images/mule/0325_2328830649.jpg 1 0 0 1 0 0 0 0 0 0 0 0 0 0 0 0 0 0 0 0 0
images/cottage/0577_2184274404.jpg 0 0 0 0 0 0 0 0 0 0 0 0 0 0 1 1 0 0 0 0 0
images/mosques/0009_50728774.jpg 0 0 1 1 0 0 0 0 0 0 0 0 0 0 1 0 0 0 0 1 1
images/lakes/0053_489873766.jpg 0 0 0 1 0 0 1 1 0 0 0 1 0 1 1 0 0 0 0 1 0
images/suits/0651_2428128382.jpg 0 0 0 0 0 0 0 0 0 0 0 0 0 0 0 0 0 0 0 0 1
images/birds/0203_371125596.jpg 1 0 0 1 0 1 0 0 0 0 0 0 0 0 1 0 1 0 0 0 0
images/sailboats/0315_534534055.jpg 0 0 0 0 0 0 0 0 0 0 0 1 0 0 0 0 0 0 0 1 0
images/canyon/0012_730257298.jpg 0 0 0 1 0 0 1 1 0 0 0 1 0 0 1 0 0 0 0 1 0
images/hillside/0488_2374331216.jpg 0 0 0 1 0 0 0 0 0 0 0 0 0 0 1 0 0 0 0 0 0
images/vineyard/0044_2550432846.jpg 0 0 0 1 0 1 0 0 0 0 0 0 0 0 1 0 1 0 0 0 0
images/gas_station/0540_442444934.jpg 0 0 0 1 0 0 0 0 0 0 0 0 1 0 1 0 0 0 0 0 0
images/cow/0495_1174405753.jpg 1 0 0 1 0 0 0 0 0 0 0 0 0 0 1 0 0 0 0 0 0
images/dock/0276_390316179.jpg 0 0 0 1 0 0 0 0 0 0 0 0 0 0 1 0 1 0 0 1 1
images/palace/0052_2349099751.jpg 0 0 0 0 1 0 0 0 0 0 1 0 0 0 0 0 0 0 0 0 0
images/fields/0094_491091681.jpg 0 0 0 0 0 1 0 0 0 0 0 0 0 1 1 0 0 0 0 0 0
images/fountain/0283_2441987973.jpg 0 0 1 1 0 0 0 0 0 0 0 0 0 0 1 0 0 0 0 0 0
images/courtyard/0509_716667506.jpg 0 0 0 0 1 0 0 0 0 0 1 0 0 0 0 0 0 0 0 0 0
images/basketball/0353_1416730681.jpg 0 0 0 0 0 0 0 0 1 0 0 0 0 0 0 0 0 0 0 0 0
images/host/0028_284957492.jpg 1 0 0 0 0 0 0 0 0 0 1 0 0 0 0 0 0 0 0 0 0
images/avalanche/0076_2519864986.jpg 0 0 0 1 0 0 1 1 0 0 0 0 0 0 0 0 0 0 0 0 0
images/cutter/0030_2697952952.jpg 0 0 0 0 0 0 0 0 1 0 0 0 0 0 1 0 0 0 1 1 0
images/boeing/0572_2196379218.jpg 0 0 0 0 0 0 0 0 0 0 0 0 0 0 0 0 0 0 1 0 0
images/autumn/0067_527319666.jpg 0 0 0 0 0 0 0 0 0 0 0 1 0 1 0 0 0 0 0 1 0
images/buildings/0508_1158593761.jpg 0 0 0 1 0 0 1 0 1 0 0 0 0 1 1 0 1 0 0 1 0
images/dock/0427_2441060955.jpg 0 1 0 1 0 0 1 0 1 0 0 0 0 0 1 0 0 0 0 1 0
images/tusks/0633_1385163949.jpg 1 0 0 0 0 0 0 0 0 0 0 0 0 0 0 0 0 0 0 0 0
images/officers/0217_303309423.jpg 0 0 0 0 0 0 0 0 0 1 0 0 1 0 0 0 0 0 1 0 1
images/dock/0243_2361415975.jpg 0 0 0 1 0 0 1 0 1 0 0 0 0 0 1 0 0 0 0 1 0
images/moss/0055_845254450.jpg 0 1 0 0 0 0 0 0 1 0 0 0 0 0 1 0 0 0 0 1 0
images/anemone/0308_2370520259.jpg 0 0 0 0 1 0 0 0 0 0 0 0 0 0 0 0 0 0 0 0 0
images/group/0095_2588298152.jpg 0 0 0 0 0 0 0 0 0 1 0 0 0 0 0 0 0 0 0 0 0
images/rapids/0356_74410965.jpg 0 0 0 0 0 0 1 0 0 0 0 0 0 0 0 0 0 0 0 1 0
images/basket/0008_76010595.jpg 1 0 0 0 0 0 0 0 0 0 0 0 0 0 0 0 0 0 0 0 0
images/island/0292_384779350.jpg 0 0 0 1 0 0 0 0 0 0 0 0 0 0 1 0 1 0 0 0 0
images/tortoise/0290_448068603.jpg 1 0 0 0 0 0 0 0 0 0 0 0 0 0 0 0 0 0 0 0 0
images/hill/0449_2225532418.jpg 0 0 0 0 0 0 0 0 0 0 0 0 0 0 1 0 0 1 0 0 0
images/dall/0220_756338285.jpg 1 0 0 0 0 0 0 1 0 0 0 0 0 0 0 0 0 0 0 0 0
images/formation/0297_627115025.jpg 0 0 0 1 0 0 0 0 0 0 0 0 0 0 1 0 1 0 0 0 1
images/cows/0576_1351573818.jpg 1 0 0 0 0 1 0 0 0 0 0 1 0 0 0 0 0 0 0 1 0
images/forest/0287_501142404.jpg 0 0 0 0 0 0 0 0 0 0 0 0 0 0 0 0 0 1 0 0 0
images/shade/0459_241572283.jpg 0 0 0 1 0 0 0 0 0 0 0 0 0 0 1 0 1 0 0 1 0
images/clearing/0068_2705794950.jpg 0 0 0 1 0 1 0 1 0 0 1 0 0 1 1 0 0 0 0 0 0
images/boats/0345_538710688.jpg 0 0 0 1 0 0 1 0 0 0 0 0 0 0 1 0 0 0 0 1 0
images/glacier/0097_140176526.jpg 0 0 0 0 0 0 0 0 0 0 0 0 0 1 1 1 0 0 0 1 0
images/kauai/0455_95434136.jpg 0 0 0 1 0 0 1 1 1 0 0 0 0 0 1 0 0 0 0 1 0
images/harvest/0307_1459471290.jpg 0 0 0 1 0 0 0 0 0 0 0 0 0 0 1 0 0 0 0 0 0
images/cactus/0534_1501384906.jpg 0 0 0 0 1 0 0 0 0 0 0 0 0 0 0 0 0 0 0 0 0
images/rainbow/0600_766764101.jpg 0 0 0 1 0 0 0 0 0 0 0 0 0 0 1 0 0 0 0 0 0
images/hunter/0076_1410029216.jpg 0 0 0 0 0 0 0 0 0 0 0 0 0 0 0 0 0 0 0 0 1
images/butterfly/0600_17422452.jpg 1 0 0 0 0 0 0 0 0 0 0 0 0 0 0 0 0 0 0 0 0
images/weather/0462_2227041770.jpg 0 0 0 1 0 0 1 1 1 0 0 1 0 1 1 1 0 0 0 1 0
images/indian/0397_287658479.jpg 0 0 1 1 0 0 0 0 0 0 0 1 0 0 1 0 1 0 0 1 0
images/valleys/0028_123152343.jpg 0 0 0 0 0 0 0 0 0 0 0 0 0 0 1 0 0 0 0 0 1
images/reefs/0482_5097081.jpg 0 0 0 1 0 0 0 0 1 0 0 0 0 0 0 0 0 0 1 1 0
images/architecture/0011_112624185.jpg 0 0 0 1 0 0 0 0 0 0 0 0 0 0 1 0 0 0 0 0 0
images/fish/0261_2077760966.jpg 1 0 0 0 0 0 0 0 1 0 0 0 0 0 1 0 0 0 0 1 0
images/avalanche/0583_110676716.jpg 1 0 0 0 0 0 0 0 0 0 0 0 0 0 0 1 0 0 0 0 0
images/needles/0036_2276614948.jpg 0 0 0 0 0 0 0 1 0 0 0 0 0 1 1 0 1 0 0 0 0
images/rainbow/0360_2484474380.jpg 0 0 0 1 0 1 0 0 0 0 0 0 0 0 1 0 0 0 0 0 0
images/tundra/0239_2293124323.jpg 0 0 0 1 0 1 1 0 0 0 1 0 0 0 1 0 0 0 0 0 0
images/shrubs/0392_860353332.jpg 0 0 0 0 1 0 0 0 0 0 1 0 0 0 0 0 0 0 0 0 0
images/bridges/0369_316936328.jpg 0 0 0 1 0 0 1 0 0 0 0 1 0 0 1 0 0 0 0 1 0
images/powerlines/0255_302612258.jpg 0 0 0 1 0 0 0 0 0 0 0 0 0 0 1 0 1 0 0 0 0
images/prisoner/0278_2351180913.jpg 0 0 1 0 0 0 0 0 0 0 0 0 0 0 1 0 0 1 0 0 1
images/tanker/0662_477916569.jpg 0 0 0 0 0 0 0 0 0 0 0 0 1 0 0 0 0 0 0 0 0
images/cutter/0207_40695237.jpg 0 0 0 1 0 0 1 0 1 0 0 0 0 0 1 0 0 0 0 1 0
images/white-tailed/0608_1466432638.jpg 1 0 0 0 0 0 0 0 0 0 0 0 0 0 0 0 0 0 0 0 0
images/car/0220_373674698.jpg 0 0 0 0 0 0 0 0 0 0 0 0 1 0 0 0 0 0 0 0 0
images/lizard/0236_1370613385.jpg 1 0 0 0 0 0 0 0 0 0 0 0 0 0 0 0 0 0 0 0 0
images/log/0043_378384769.jpg 0 0 0 0 0 0 0 0 0 0 1 0 0 0 0 1 0 0 0 0 0
images/stone/0215_273140706.jpg 0 1 0 1 0 0 1 0 1 0 0 0 0 0 1 0 0 0 0 1 0
images/pebbles/0037_194816609.jpg 0 1 0 1 0 0 0 0 1 0 0 0 0 0 1 0 0 0 0 1 0
images/aerial/0564_483195510.jpg 0 0 0 0 0 0 0 1 0 0 0 0 0 0 1 1 0 0 0 0 0
images/airplane/0563_433228539.jpg 0 0 0 1 0 0 0 0 0 0 0 0 0 0 1 0 0 0 1 0 0
images/car_racing/0564_141758371.jpg 0 0 0 0 0 1 0 0 0 0 0 0 1 0 0 0 0 0 0 0 1
images/car_crash/0254_273219234.jpg 0 0 0 0 0 0 0 0 0 0 0 0 1 0 0 0 0 0 1 0 0
images/photographers/0208_208088048.jpg 1 1 0 0 0 0 0 0 0 1 0 0 0 0 0 0 0 0 0 0 0
images/flowers/0577_364324338.jpg 1 0 0 1 1 0 0 0 0 0 0 0 0 0 1 0 0 0 0 0 0
images/cow/0482_512221591.jpg 0 0 0 1 0 1 0 1 0 0 0 0 0 0 1 0 0 1 0 0 0
images/airplane_crash/0018_198528753.jpg 0 0 0 0 0 0 0 0 0 0 0 0 0 1 0 0 0 0 0 0 0
images/night/0531_54130278.jpg 0 0 0 1 0 0 1 0 0 0 0 1 0 0 1 0 0 0 0 1 1
images/rocks/0305_432436422.jpg 0 1 0 1 0 0 1 0 0 0 0 0 1 1 1 0 0 1 0 1 0
images/slope/0378_248585297.jpg 0 0 0 1 0 0 0 0 0 1 0 0 1 0 1 0 0 0 0 0 0
images/hillside/0460_202852996.jpg 0 0 0 1 0 0 0 0 0 0 0 0 0 0 1 0 1 0 0 0 0
images/door/0337_287114178.jpg 0 0 0 0 0 0 0 0 0 1 0 0 0 0 0 0 0 0 0 0 0
images/leopard/0206_2707169669.jpg 1 0 0 0 0 0 0 0 0 0 0 0 0 0 0 0 0 0 0 0 0
images/military/0242_237790717.jpg 0 0 1 0 0 0 0 1 0 0 0 0 0 0 1 0 0 0 0 0 0
images/cruise_liner/0236_1415314558.jpg 0 0 0 1 0 0 1 0 0 0 0 0 0 0 1 0 0 0 0 1 0
images/locomotive/0523_2200078870.jpg 0 0 0 1 0 0 0 0 0 0 0 0 0 0 1 0 0 0 0 0 1
images/pond/0081_435445232.jpg 0 0 0 0 0 0 1 0 0 0 1 1 0 0 0 0 1 1 0 1 0
images/bus/0572_315671255.jpg 0 0 0 1 0 1 0 0 0 0 0 0 0 0 1 0 0 1 0 0 0
images/dock/0059_328086121.jpg 0 0 1 1 0 0 0 0 0 0 0 1 0 0 1 0 0 0 0 1 0
images/bridge/0100_2049662206.jpg 0 1 0 1 0 0 0 0 1 0 0 0 0 0 0 0 0 0 0 1 0
images/crowd/0359_2410752384.jpg 0 0 0 0 0 0 0 0 0 1 0 0 0 0 1 0 0 0 0 0 0
images/cruise_liner/0057_483767348.jpg 0 0 0 0 0 0 0 0 0 0 0 0 0 0 1 0 0 0 1 1 0
images/shrubs/0417_90813821.jpg 0 0 0 0 0 1 0 0 0 0 1 0 0 0 1 0 0 1 0 0 0
images/row/0078_1988523915.jpg 0 0 0 0 0 0 0 0 0 0 0 0 0 0 0 0 0 0 1 0 1
images/steeple/0260_1550239125.jpg 0 0 0 1 0 0 1 0 0 0 0 0 0 0 0 0 0 0 0 0 0
images/entertainment/0260_342248556.jpg 0 0 0 0 0 0 0 0 0 0 0 0 0 0 0 0 0 0 0 1 0
images/car_crash/0204_121113473.jpg 0 0 0 1 0 0 0 0 0 0 0 0 0 0 1 0 0 0 0 0 1
images/stems/0522_129146199.jpg 0 0 0 0 1 0 0 0 0 0 1 0 0 0 0 0 0 0 0 0 0
images/plane/0100_1549526204.jpg 0 0 0 0 0 0 0 1 0 0 0 0 0 1 0 1 0 0 0 0 0
images/throwing/0361_14448996.jpg 0 0 0 1 0 0 0 0 0 0 0 0 0 0 1 0 0 0 0 0 0
images/grassland/0221_297270915.jpg 0 0 0 1 0 1 0 0 0 0 1 0 0 0 1 0 0 0 0 1 0
images/blooms/0011_1206586486.jpg 0 0 0 0 1 0 0 0 0 0 0 0 0 0 0 0 0 0 0 0 0
images/land/0595_81539873.jpg 0 0 0 0 0 0 0 0 0 1 0 0 1 0 0 0 0 0 0 0 0
images/deer/0567_348845430.jpg 1 0 0 0 0 1 0 0 0 0 0 0 0 0 0 0 0 0 0 0 0
images/calf/0433_36037755.jpg 0 0 0 0 0 1 0 0 0 0 0 0 0 0 0 0 0 0 0 0 0
images/stream/0257_1403004923.jpg 0 0 0 1 0 1 0 0 0 0 1 1 0 0 1 0 0 0 0 1 0
images/cul-de-sac/0318_2612071370.jpg 0 0 0 1 0 1 0 0 0 0 0 0 0 0 1 0 0 0 0 0 0
images/slope/0374_263338837.jpg 0 0 0 1 0 0 0 0 0 1 0 0 0 0 1 1 0 0 0 0 0
images/lawyer/0580_107565522.jpg 0 0 0 0 0 0 0 0 0 1 0 0 0 0 0 0 0 0 0 0 0
images/elephant/0459_1512411866.jpg 1 0 0 0 0 0 0 0 0 0 0 0 0 0 1 0 0 0 0 0 0
images/soldiers/0411_2314284706.jpg 0 0 0 0 0 0 0 0 0 1 0 0 0 0 0 0 0 0 0 0 0
images/lakes/0503_489857198.jpg 0 0 0 0 0 1 1 0 0 0 0 1 0 0 1 0 0 0 0 1 0
images/canoe/0375_452204122.jpg 0 0 0 1 0 0 1 0 0 0 0 1 0 1 0 0 0 0 0 1 0
images/freighter/0439_19552388.jpg 0 0 0 0 0 0 0 0 0 0 0 0 0 0 1 0 0 0 1 1 0
images/palace/0454_787896015.jpg 0 0 1 1 0 0 0 0 0 0 0 0 0 1 1 0 0 0 0 0 0
images/un_building/0287_848532442.jpg 0 0 1 0 0 0 0 0 0 1 0 0 1 0 1 0 0 0 1 0 0
images/police/0351_520032759.jpg 0 0 0 0 0 0 0 0 0 1 0 0 1 0 0 0 0 0 0 0 0
images/straightaway/0055_363081426.jpg 0 0 0 0 0 0 0 0 0 1 0 0 0 0 0 0 0 0 1 0 0
images/squirrel/0578_513080840.jpg 1 0 0 0 0 0 0 0 0 0 0 0 0 0 0 0 0 0 0 0 0
images/oahu/0485_1198912193.jpg 0 0 0 1 0 0 0 0 0 0 1 0 0 0 0 0 1 0 0 1 0
images/petals/0327_2219284045.jpg 0 0 0 0 1 0 0 0 0 0 1 0 0 0 0 0 0 0 0 0 0
images/cloverleaf/0506_2318450857.jpg 0 0 0 1 0 0 0 0 0 0 1 0 0 0 1 0 0 0 0 1 0
images/aircraft_carrier/0536_2305739932.jpg 0 1 0 1 0 0 1 0 1 0 0 0 0 0 1 0 1 0 0 1 0
images/cloverleaf/0425_136061859.jpg 0 0 1 1 0 0 0 0 0 0 0 0 0 0 1 0 0 0 0 0 0
images/beach/0088_264949467.jpg 0 1 0 1 0 0 0 0 1 0 0 0 0 0 0 0 0 0 0 1 0
images/pavilions/0585_2716018005.jpg 0 0 1 1 0 1 0 0 0 0 0 0 0 0 0 0 0 0 0 0 0
images/harvest/0206_1438674957.jpg 0 0 0 0 0 0 0 0 0 0 0 0 0 0 1 0 0 0 0 0 0
images/indian/0372_1534141010.jpg 0 1 0 1 0 0 0 0 1 0 0 0 0 0 1 0 0 0 0 1 0
images/hill/0532_2345256310.jpg 0 0 0 1 0 0 0 0 0 0 0 0 1 0 1 1 0 0 0 0 0
images/barn/0443_267869248.jpg 0 0 0 0 0 1 0 1 0 0 0 0 0 0 1 0 0 0 0 0 0
images/shopping_mall/0667_382263674.jpg 0 0 1 0 0 0 0 0 0 0 0 0 0 0 0 0 0 0 0 0 0
images/fish/0087_517688018.jpg 0 0 0 0 0 0 1 0 0 0 0 0 0 0 1 0 0 0 0 1 0
images/urban_scenes/0522_2603218710.jpg 0 0 0 0 0 0 0 0 0 1 0 0 1 0 0 0 0 0 0 0 0
images/group/0360_1625708565.jpg 0 1 0 1 0 0 0 0 1 0 0 0 0 0 1 0 1 0 0 1 0
images/doorway/0293_31773261.jpg 0 0 0 0 0 0 0 0 0 1 0 0 0 0 0 0 0 0 0 0 0
images/cabin/0033_2103073077.jpg 0 0 0 1 0 0 0 1 0 0 0 0 0 1 1 1 0 0 0 0 0
images/houseboat/0493_537207727.jpg 0 0 1 0 0 0 1 0 1 0 0 0 0 0 1 0 0 0 0 1 0
images/car/0431_98567431.jpg 0 0 0 0 0 1 0 1 0 0 0 0 0 0 1 0 0 0 0 0 0
images/freighter/0039_471442238.jpg 0 0 0 1 0 0 1 0 1 0 0 0 0 0 1 0 0 0 1 1 0
images/windows/0101_1797731827.jpg 0 0 0 1 0 0 0 0 0 0 0 0 0 0 0 0 0 0 0 0 0
images/row/0535_294012001.jpg 0 0 0 0 0 0 0 0 0 0 0 0 1 0 0 0 0 0 0 0 0
images/shops/0291_2744737338.jpg 0 0 1 0 0 0 0 0 0 0 0 0 0 0 0 0 0 0 0 0 0
images/athlete/0298_97453403.jpg 0 1 0 0 0 0 1 0 1 0 0 0 0 0 0 0 0 0 0 0 0
images/runway/0088_2233322717.jpg 0 0 0 1 0 0 0 0 0 0 0 0 1 0 1 0 0 0 0 0 0
images/grass/0346_491037072.jpg 0 0 0 0 0 1 0 0 0 0 1 0 1 0 0 0 0 1 0 0 0
images/glasses/0246_412614283.jpg 1 0 0 0 0 0 0 0 0 0 0 0 0 0 0 0 0 0 0 0 0
images/tanker/0695_2557505490.jpg 0 0 0 0 0 0 0 0 0 0 0 0 0 0 1 0 0 0 1 0 0
images/glass/0263_344357439.jpg 0 0 1 0 0 0 0 0 0 0 0 0 0 0 0 0 0 0 0 0 1
images/glacier/0416_360481854.jpg 0 0 0 0 0 0 0 1 0 0 0 0 0 1 1 0 0 0 0 0 0
images/bridges/0401_2143543727.jpg 0 1 0 1 0 0 0 0 1 0 0 0 0 0 1 0 1 0 0 1 0
images/soldiers/0069_2695167673.jpg 0 0 0 1 0 0 0 0 0 0 0 0 0 0 1 0 0 0 0 0 0
images/arctic/0273_2712800283.jpg 0 0 0 1 0 0 0 0 0 0 0 0 0 1 1 0 0 0 0 0 0
images/prototype/0060_166510610.jpg 0 0 0 0 0 1 0 0 0 0 0 0 0 0 0 0 0 0 1 0 0
images/capital/0056_2522678084.jpg 0 0 0 1 0 0 0 0 1 0 0 0 0 0 1 0 1 0 0 1 0
images/rainy/0092_2419437451.jpg 0 0 0 0 0 0 0 0 0 0 0 0 1 0 0 0 0 0 0 0 0
images/ice/0542_2332729709.jpg 0 1 0 1 0 0 1 0 1 0 0 1 0 0 1 0 1 0 0 1 0
images/power_plant/0059_96193370.jpg 0 0 0 1 0 0 0 0 0 0 1 0 0 0 1 0 0 0 0 0 0
images/mast/0598_3409951.jpg 0 0 0 0 0 0 0 0 1 0 0 0 0 0 1 0 0 0 0 1 0
images/arch/0079_2198704782.jpg 0 0 0 0 0 1 0 0 0 0 0 1 0 0 0 0 0 0 0 1 0
images/tundra/0531_2363693486.jpg 0 0 0 0 0 0 0 0 0 1 0 0 0 0 0 1 0 0 0 0 0
images/umbrella/0377_177961152.jpg 0 0 0 0 0 0 0 0 0 0 0 0 0 0 0 0 0 0 0 0 1
images/ditch/0042_2251848566.jpg 0 0 0 1 0 0 0 0 0 0 0 0 0 0 1 0 1 0 0 0 0
images/herd/0350_1694904285.jpg 1 0 0 0 0 1 1 0 0 0 1 0 0 0 0 0 0 0 0 1 0
images/foxhole/0339_2503561541.jpg 0 0 0 0 0 0 0 0 0 0 0 0 0 1 0 0 0 0 0 0 0
images/trunk/0424_1139033094.jpg 0 0 0 1 0 0 0 0 0 0 1 0 0 1 1 0 0 1 0 0 0
images/waterways/0213_19099516.jpg 0 0 1 1 0 0 0 0 0 1 1 0 0 0 1 0 0 0 0 1 0
images/cruise_liner/0665_236182742.jpg 0 0 1 1 0 0 0 0 0 0 0 0 0 0 1 0 0 0 1 0 0
images/weather/0328_1014550970.jpg 0 0 0 1 0 0 0 0 0 0 1 0 0 0 1 0 0 0 0 0 0
images/poppies/0274_2477245905.jpg 0 0 0 1 1 1 0 0 0 0 0 0 0 0 1 0 0 0 0 0 0
images/tundra/0493_257613269.jpg 0 0 0 0 0 0 0 1 0 0 0 0 0 1 1 1 0 0 0 0 0
images/harbors/0203_16993170.jpg 0 0 0 1 0 0 1 0 0 0 0 1 0 0 1 0 0 0 0 1 1
images/urban_scenes/0474_2653006174.jpg 0 0 1 0 0 0 0 0 0 0 0 0 1 0 1 0 0 0 1 0 1
images/clouds/0328_2105389183.jpg 0 0 0 1 0 0 1 0 1 0 0 0 0 0 1 0 1 0 0 1 0
images/rowboat/0022_2255638255.jpg 0 0 0 1 0 0 1 0 0 0 0 0 0 0 1 0 1 0 0 1 0
images/tanker/0003_1543787874.jpg 0 0 0 0 0 0 0 0 0 0 0 0 0 0 0 0 0 0 1 0 1
images/outdoor/0388_63333345.jpg 0 1 0 0 0 0 0 0 1 1 0 0 0 0 0 0 0 0 0 1 0
images/waves/0470_739317335.jpg 0 1 0 1 0 0 1 0 1 0 0 0 1 0 0 0 1 0 0 1 0
images/road/0557_369309386.jpg 0 0 0 0 0 0 0 0 0 0 1 0 1 0 1 0 1 1 0 0 0
images/urban_park/0476_2336224890.jpg 1 0 0 0 0 0 0 0 0 0 0 0 0 0 0 0 0 0 0 1 0
images/windy/0066_449358793.jpg 0 0 0 1 0 0 1 0 0 0 0 0 0 0 0 0 0 0 0 1 0
images/pickup_truck/0246_203443509.jpg 0 0 0 0 0 0 0 0 0 0 0 0 0 0 0 0 0 0 1 0 0
images/grizzly/0263_2610122769.jpg 1 0 0 0 0 0 0 0 0 0 0 0 0 0 0 0 0 0 0 0 0
images/conference_room/0064_214909761.jpg 0 0 0 0 0 0 0 0 0 0 0 0 0 0 1 0 0 1 0 0 0
images/oceans/0218_2188568880.jpg 0 0 0 1 0 0 1 0 1 0 0 0 0 0 1 0 1 0 0 1 0
images/roofs/0041_2348669799.jpg 0 0 1 1 0 0 0 0 0 0 0 0 0 0 1 0 0 0 0 0 0
images/graveyard/0208_54378019.jpg 0 0 0 1 0 0 0 0 0 0 0 0 0 0 1 0 0 0 0 0 0
images/emergency_vehicles/0061_2650469243.jpg 0 0 0 0 0 0 0 0 0 0 1 0 0 0 0 0 0 0 1 0 1
images/tundra/0022_2041491626.jpg 0 0 0 1 0 1 0 1 0 0 1 0 0 0 0 1 0 0 0 0 0
images/sailboats/0024_1095405193.jpg 0 0 0 1 0 0 1 0 1 0 0 0 0 0 1 0 0 0 0 1 0
images/cruise_liner/0621_996388612.jpg 0 0 0 0 0 0 0 0 0 0 0 0 0 0 1 0 0 0 1 0 0
images/tundra/0420_753189764.jpg 0 0 0 1 0 1 0 1 0 0 1 0 0 0 0 0 0 0 0 0 0
images/alley/0373_2614833497.jpg 0 0 1 0 0 0 0 0 0 1 0 0 1 0 0 0 0 0 0 0 0
images/river/0452_379067067.jpg 0 1 0 1 0 0 1 0 1 0 0 0 0 0 1 0 0 0 0 1 0
images/formula/0550_79461505.jpg 0 0 0 0 0 0 0 0 0 0 0 0 1 0 0 0 0 0 0 0 0
images/rapids/0079_2466991425.jpg 0 0 0 0 0 0 0 0 0 0 0 0 0 1 0 0 0 0 0 1 0
images/indian/0466_2162710834.jpg 0 0 0 1 0 0 0 1 0 0 0 0 0 0 1 1 0 0 0 0 0
images/sunrise/0069_227999398.jpg 0 1 0 1 0 0 0 0 1 0 0 0 0 0 1 0 1 0 0 1 0
images/parking_lot/0203_316539227.jpg 0 0 0 1 0 0 0 0 0 0 0 0 1 0 1 0 0 0 0 0 0
images/glacier/0411_1321131593.jpg 0 0 0 1 0 0 1 0 0 0 0 0 0 1 1 1 0 0 0 1 0
images/john_edwards/0527_88472150.jpg 0 0 0 0 0 0 0 0 0 1 0 0 0 0 0 0 0 0 0 0 0
images/tusks/0326_2477486634.jpg 0 0 0 0 0 0 1 0 0 0 0 0 0 0 0 0 0 0 0 1 0
images/mast/0488_2469845961.jpg 0 0 0 0 0 0 0 0 0 0 0 1 0 0 0 0 0 0 0 1 0
images/sailboats/0587_145957514.jpg 0 0 0 0 0 0 0 0 0 1 0 1 0 0 0 0 0 0 0 1 0
images/pebbles/0242_155477563.jpg 0 0 0 0 0 0 0 0 0 0 0 0 0 1 1 0 0 0 0 0 0
images/flood/0274_420229382.jpg 0 0 0 1 0 0 1 0 0 0 0 1 0 0 1 0 1 0 0 0 0
images/cliff/0098_1289869717.jpg 0 0 0 1 0 0 1 0 1 0 0 0 0 0 1 0 1 0 0 1 0
images/ships/0253_348270513.jpg 0 0 1 1 0 0 0 0 0 0 0 1 0 0 1 0 1 0 0 1 0
images/buildings/0603_2624062968.jpg 0 0 0 1 0 0 1 0 1 0 0 1 0 0 1 0 1 0 0 1 0
images/tundra/0336_248221368.jpg 0 0 0 1 0 0 0 0 0 0 0 0 0 0 1 0 0 0 0 0 0
images/officers/0615_230997875.jpg 0 0 1 0 0 0 0 0 0 1 0 0 1 0 0 0 0 0 0 0 0
images/rose/0017_1573088726.jpg 0 0 0 0 1 0 0 0 0 0 1 0 0 0 0 0 0 0 0 0 0
images/library/0207_352757427.jpg 0 0 1 0 0 0 0 0 0 0 0 0 0 0 1 0 0 0 0 0 0
images/crystals/0354_109010596.jpg 0 0 0 0 0 0 0 0 0 0 0 0 0 0 0 1 0 0 0 0 1
images/locomotive/0443_2705332367.jpg 0 0 0 0 0 0 0 0 0 0 0 0 0 0 1 0 0 0 1 0 0
images/congressman/0473_826712206.jpg 0 0 0 0 0 0 0 0 0 1 0 0 0 0 0 0 0 0 0 0 0
images/mountain/0291_542285387.jpg 0 0 0 1 0 0 0 1 0 0 0 0 0 0 1 0 0 0 0 0 0
images/windmills/0409_183671620.jpg 0 0 0 1 0 0 0 0 0 0 0 0 0 0 1 0 0 0 0 0 0
images/leopard/0574_373736108.jpg 1 0 0 0 0 0 0 0 0 0 0 0 0 0 0 0 0 0 0 0 0
images/lakes/0569_2047948833.jpg 0 0 0 1 0 0 1 1 0 0 0 1 0 1 1 1 0 0 0 1 0
images/wolf/0575_2538090662.jpg 1 0 0 0 0 0 0 0 0 0 0 0 0 0 0 1 0 0 0 0 0
images/caribou/0390_254845000.jpg 0 0 0 0 0 1 0 1 0 0 1 0 0 0 0 0 0 0 0 0 0
images/shore/0463_2675581416.jpg 0 1 0 0 0 0 0 0 0 0 0 0 0 0 0 0 0 0 0 0 0
images/forest/0694_2483862062.jpg 0 0 0 1 0 0 1 0 0 0 0 1 0 0 1 0 0 1 0 1 0
images/dog/0012_514439499.jpg 1 0 0 0 0 0 0 0 0 0 0 0 0 0 0 1 0 0 0 0 0
images/vendor/0367_403181074.jpg 1 0 0 0 0 0 0 0 0 0 0 0 0 0 0 0 0 0 0 0 0
images/guard/0475_2181605635.jpg 0 0 1 1 0 0 0 0 0 0 0 0 0 0 1 0 0 0 0 0 1
images/african/0582_2138786392.jpg 1 0 0 0 0 0 0 0 0 0 0 0 0 0 0 0 0 0 0 0 0
images/buildings/0537_501444315.jpg 0 0 1 0 0 0 0 0 0 0 0 0 0 0 1 0 0 0 0 0 0
images/shrubs/0079_1811800287.jpg 0 0 0 0 0 0 0 0 0 0 1 0 0 0 0 0 0 0 0 0 0
images/festival/0516_1449772060.jpg 0 1 0 1 0 0 0 0 0 1 0 0 0 0 1 0 1 0 0 1 0
images/horse/0443_1084867042.jpg 1 0 0 0 0 0 0 0 0 0 0 1 0 0 0 0 0 0 0 1 0
images/rockface/0231_1681755402.jpg 0 0 0 1 0 0 1 1 0 0 0 0 0 1 1 0 0 0 0 0 0
images/mare/0346_216728809.jpg 0 0 0 1 0 0 1 0 1 0 0 0 0 0 1 1 0 0 0 1 0
images/swimming_pools/0612_475512824.jpg 0 1 0 0 0 0 1 0 1 0 0 0 0 0 0 0 0 0 0 1 0
images/soldiers/0476_17187235.jpg 0 1 0 0 0 0 0 0 0 0 0 0 0 0 0 0 0 0 0 1 0
images/saguaro/0052_432546869.jpg 0 0 0 1 0 0 0 0 0 0 0 0 0 0 1 0 1 0 0 0 0
images/fountain/0441_1267591757.jpg 0 0 0 0 1 0 0 0 0 0 0 0 0 0 0 0 0 0 0 0 0
images/bicycle/0255_1961716986.jpg 0 0 0 0 0 1 0 0 0 0 0 0 0 0 0 0 0 1 0 0 0
images/pebbles/0426_2744668454.jpg 0 0 0 1 0 1 1 1 0 0 0 1 0 1 1 0 0 0 0 1 0
images/tugboat/0441_1802259434.jpg 0 1 0 1 0 0 1 0 1 0 0 0 0 0 1 0 0 0 0 1 0
images/pillar/0289_88433247.jpg 0 1 0 1 0 0 1 0 1 0 0 1 0 0 1 0 1 0 0 1 0
images/forest/0546_2603105907.jpg 0 0 0 0 0 1 1 1 0 0 0 1 0 0 0 0 0 1 0 1 0
images/bride/0271_1197435596.jpg 0 0 0 1 0 0 1 0 0 1 0 0 1 0 1 0 0 0 0 1 0
images/shrubs/0289_2362595047.jpg 0 0 0 0 1 0 0 0 0 0 1 0 0 0 0 0 0 0 0 0 0
images/trail/0431_1351149208.jpg 0 0 0 0 0 0 0 0 0 0 0 1 0 0 0 0 0 1 0 1 0
images/hangar/0384_437473832.jpg 0 0 0 0 0 1 0 0 0 1 0 0 0 0 0 0 0 0 1 0 0
images/houseboat/0675_200555848.jpg 0 0 1 1 0 0 0 0 0 0 0 0 0 0 1 0 0 0 1 1 0
images/buildings/0369_475145049.jpg 0 0 1 1 0 0 0 0 0 0 0 0 1 0 0 0 0 0 0 0 1
images/aerial/0571_357415718.jpg 0 0 0 0 0 0 0 1 0 0 0 0 0 0 0 1 0 0 0 0 0
images/farms/0026_384519767.jpg 0 0 0 1 0 1 0 0 0 0 0 0 0 0 1 0 0 1 0 0 0
images/tent/0340_393825216.jpg 0 0 0 1 0 0 0 0 0 0 0 0 0 0 0 0 0 0 0 0 0
images/fields/0313_769643523.jpg 0 0 0 1 0 0 0 0 0 0 0 0 1 0 1 0 0 0 0 0 0
images/stream/0476_43154356.jpg 0 0 0 0 0 0 0 0 0 0 1 0 0 0 0 0 0 0 0 1 0
images/snow/0274_2166843026.jpg 0 0 0 1 0 0 0 1 0 0 0 0 0 0 1 1 0 0 0 0 0
images/office_building/0575_2320428.jpg 0 0 0 0 0 0 0 0 0 0 0 0 0 0 1 0 0 0 0 0 0
images/airplane/0253_1454276497.jpg 0 0 0 1 0 0 0 0 0 0 0 0 0 0 1 0 1 1 0 0 0
images/forest/0565_75327889.jpg 0 0 0 0 0 0 0 0 0 0 0 0 1 0 0 0 0 1 0 0 0
images/truck/0424_1661126195.jpg 0 0 0 0 0 0 0 0 0 0 0 0 0 0 0 0 0 0 1 0 1
images/construction_worker/0409_177336792.jpg 0 0 0 1 0 0 0 0 0 0 0 0 0 0 0 0 0 0 1 0 0
images/shrubs/0515_2129221454.jpg 0 0 0 1 0 1 0 0 0 0 1 0 0 0 1 0 0 1 0 0 0
images/snow/0473_462782708.jpg 0 0 0 0 0 0 0 0 0 0 0 0 0 0 1 1 0 0 0 0 0
images/dancing/0321_81635267.jpg 0 1 0 1 0 0 0 0 1 0 0 1 0 0 1 0 0 0 0 1 0
images/backpack/0056_625719754.jpg 0 0 1 0 0 1 0 0 0 0 0 0 0 0 0 0 0 0 0 0 0
images/barge/0003_2065207145.jpg 0 0 0 0 0 1 1 1 0 0 0 1 0 0 1 0 0 0 0 1 0
images/hut/0519_2723119966.jpg 0 0 0 0 0 1 0 0 0 0 0 0 0 0 1 0 0 0 0 0 0
images/coast/0294_78968969.jpg 0 1 0 1 0 0 0 0 0 0 0 0 0 1 1 0 0 0 0 1 0
images/pipes/0396_2427769248.jpg 0 0 0 1 0 0 0 0 0 0 0 0 0 0 1 0 0 0 0 0 0
images/cooling_tower/0645_244223214.jpg 1 0 0 0 0 0 0 0 1 0 0 0 0 0 1 0 0 0 0 1 0
images/capital/0560_2328367342.jpg 0 0 1 1 0 0 0 0 0 0 0 0 0 0 1 0 0 0 0 0 1
images/forest/0399_77178746.jpg 0 0 0 0 0 0 0 0 0 0 0 0 0 0 1 1 0 1 0 0 0
images/smoke/0352_636221410.jpg 0 0 0 1 0 0 1 1 0 0 0 0 0 0 1 0 1 0 0 0 0
images/coast/0525_568570262.jpg 0 1 0 0 0 0 1 0 0 0 0 1 0 1 0 0 0 0 0 1 0
images/plaza/0225_2185145860.jpg 0 0 1 0 0 0 0 0 0 0 0 0 0 0 1 0 0 0 0 0 0
images/dog/0293_370094366.jpg 1 0 0 0 0 0 0 0 0 0 0 0 0 0 0 0 0 0 0 0 0
images/cat/0026_5895836.jpg 1 0 0 0 0 0 0 0 0 0 0 0 0 0 0 0 0 0 0 0 0
images/glacier/0220_363671019.jpg 0 0 0 0 0 0 0 1 0 0 0 0 0 1 0 1 0 0 0 0 0
images/car_racing/0591_1374696578.jpg 0 0 0 0 0 0 0 0 0 0 0 0 1 0 0 0 0 0 0 0 1
images/gas_station/0694_444407438.jpg 0 0 1 1 0 0 0 0 0 0 0 0 0 0 1 0 0 0 0 0 0
images/perch/0450_1631432475.jpg 1 0 0 0 0 0 0 0 0 0 0 0 0 0 0 0 0 0 0 0 0
images/sports/0041_1569305219.jpg 0 0 0 1 0 0 0 0 0 1 0 0 0 0 1 0 1 0 0 0 0
images/river_bank/0042_2255691664.jpg 0 0 0 0 0 0 1 0 1 0 0 0 0 0 0 1 0 0 0 1 0
images/island/0503_2645813691.jpg 0 0 0 1 0 0 0 1 1 0 0 0 0 0 0 0 1 0 0 0 0
images/dock/0305_2065266614.jpg 0 0 0 1 0 0 0 0 0 0 0 0 0 0 1 0 1 0 0 0 0
images/cliff/0324_407674643.jpg 0 1 0 0 0 0 0 0 0 0 0 0 0 1 1 0 0 0 0 0 0
images/theater/0544_2280291023.jpg 0 0 1 1 0 0 0 0 0 0 0 0 0 0 1 0 0 0 1 0 1
images/oceans/0041_1114064866.jpg 0 0 0 1 0 0 1 0 1 0 0 0 0 0 1 0 0 0 0 1 0
images/rapids/0488_876954791.jpg 0 0 0 1 0 0 1 0 0 1 0 0 1 1 1 0 0 0 0 1 0
images/amusement_park/0500_1343438278.jpg 0 0 0 1 0 0 0 0 0 0 0 0 0 0 1 0 0 0 0 0 0
images/smoke/0636_76512772.jpg 0 0 0 0 0 0 0 0 0 1 0 0 1 0 0 0 0 0 0 0 0
images/post/0586_2442126626.jpg 0 0 0 1 0 0 0 1 0 0 0 0 0 0 1 1 0 0 0 0 0
images/chrysanthemums/0291_1522590936.jpg 0 0 0 0 1 0 0 0 0 0 0 0 0 0 0 0 0 0 0 0 0
images/water_tower/0590_175554002.jpg 0 0 1 1 0 0 0 0 0 0 0 0 0 0 0 0 0 1 0 0 1
images/canoe/0494_285455283.jpg 0 0 0 1 0 0 1 0 0 0 0 1 0 0 1 0 1 0 0 1 0
images/military_base/0616_409438914.jpg 0 0 0 1 0 1 0 0 0 0 1 0 0 0 1 0 0 1 0 0 0
images/moose/0688_2425603693.jpg 1 0 0 0 0 0 0 1 0 0 0 0 0 0 0 0 0 0 0 0 0
images/infants/0512_2212979176.jpg 0 0 0 0 0 0 0 0 0 1 0 0 0 0 0 0 0 0 0 0 0
images/shore/0541_1689298063.jpg 0 1 0 0 0 0 0 0 1 0 0 0 0 1 0 0 0 0 0 1 0
images/shore/0480_2383781340.jpg 0 1 0 1 0 0 0 0 1 0 0 0 0 0 1 0 0 0 0 0 0
images/pair/0373_375187594.jpg 0 0 0 0 1 0 0 0 0 0 1 0 0 0 0 0 0 0 0 0 0
images/cityscape/0414_2304533383.jpg 0 0 1 1 0 0 0 0 0 0 0 1 0 0 1 0 0 0 0 1 0
images/freighter/0492_1037153029.jpg 0 0 0 1 0 1 1 0 1 0 0 0 0 1 1 0 0 0 0 1 0
images/backpackers/0066_542718776.jpg 0 0 0 1 0 1 0 0 0 0 0 0 0 0 0 0 0 0 0 1 0
images/skiing/0057_2292907939.jpg 0 0 0 1 0 0 0 1 0 0 0 0 0 0 1 1 0 0 0 0 0
images/chrysanthemums/0065_356618098.jpg 0 0 0 0 1 0 0 0 0 0 0 0 0 0 0 0 0 0 0 0 0
images/standing/0437_1170236053.jpg 1 0 0 0 0 1 0 0 0 0 0 0 0 0 0 0 0 1 0 0 0
images/ice_skating/0318_2093098498.jpg 0 0 0 0 0 0 0 0 0 0 0 0 0 0 0 1 1 0 0 0 0
images/road/0408_532378275.jpg 0 0 0 1 0 1 0 1 0 0 1 0 1 1 1 0 0 1 0 0 0
images/waterfalls/0490_2489684259.jpg 0 0 0 0 0 1 0 0 0 0 1 0 0 0 1 0 0 0 0 1 0
images/glass/0270_52875899.jpg 0 0 0 1 0 0 0 0 0 0 0 0 0 0 0 0 0 0 0 1 1
images/ocean/0525_212775692.jpg 0 1 0 1 0 0 1 0 1 0 0 0 0 0 1 0 0 0 0 1 0
images/sails/0322_1674735989.jpg 0 0 0 0 0 0 0 0 0 0 0 0 0 0 0 0 0 0 0 0 1
images/white_house/0095_475530709.jpg 0 0 0 0 1 1 0 0 0 0 0 0 0 0 0 0 0 0 0 0 0
images/hills/0261_2090980367.jpg 0 0 0 1 0 0 0 1 0 0 0 0 0 0 1 1 0 1 0 0 0
images/hotel/0492_361836059.jpg 0 0 0 0 0 0 0 0 1 0 0 0 0 0 0 0 0 0 0 0 0
images/flight/0482_2114668089.jpg 1 0 0 0 0 0 0 0 0 0 0 0 0 0 1 0 0 0 0 0 0
images/pots/0035_1267221050.jpg 0 0 1 1 0 0 0 0 0 0 0 0 0 1 1 0 0 0 0 0 0
images/frozen/0250_2079272504.jpg 0 0 0 0 0 0 0 0 0 0 0 0 0 0 0 0 0 1 0 0 0
images/ice_skating/0488_93970423.jpg 0 0 0 0 0 0 0 0 0 1 0 0 0 0 0 0 0 0 0 0 0
images/dunes/0243_2496796420.jpg 0 0 0 1 0 0 0 1 1 0 0 0 0 0 1 0 0 0 0 1 0
images/castle/0549_305637975.jpg 0 0 1 0 0 0 0 0 0 0 0 1 0 0 0 0 0 0 0 1 1
images/pebbles/0230_1452541996.jpg 0 1 0 0 0 0 1 0 0 0 0 0 0 0 1 0 1 0 0 0 0
images/antelope/0097_74001500.jpg 0 1 0 1 0 0 1 0 1 0 0 0 0 0 1 0 1 0 0 1 0
images/rocks/0500_304644395.jpg 0 0 0 1 0 0 0 0 0 0 0 0 0 1 0 0 0 0 0 1 0
images/beach/0244_242109916.jpg 0 1 0 0 0 0 1 0 1 0 0 0 0 0 0 0 0 0 0 1 0
images/oceans/0086_477217593.jpg 0 0 0 1 0 0 0 0 0 0 0 0 0 1 1 0 0 0 0 1 1
images/beach/0028_251133988.jpg 0 1 0 0 0 0 0 0 1 0 0 0 0 0 1 0 1 0 0 1 0
images/ruins/0597_1394757949.jpg 0 0 0 1 0 0 1 1 1 0 0 0 0 0 1 0 0 0 0 1 0
images/crystals/0530_1403187989.jpg 0 0 0 0 1 0 0 0 0 0 0 0 0 0 0 0 0 0 0 0 0
images/refugees/0538_2144135175.jpg 0 0 0 0 0 0 0 0 0 1 0 0 0 0 0 0 0 0 0 0 0
images/range/0514_204531018.jpg 0 0 0 1 0 0 0 1 0 0 0 0 0 1 1 1 0 0 0 0 0
images/press_conference/0568_2675985118.jpg 0 0 0 0 0 0 0 0 0 1 0 0 0 0 0 0 0 0 0 0 0
images/poppies/0356_2523076897.jpg 0 0 0 0 0 1 0 0 0 0 1 0 0 0 0 0 0 0 0 0 0
images/skiing/0462_2226911964.jpg 0 0 0 1 0 0 0 1 0 0 0 0 0 0 1 1 0 0 0 0 0
images/microphones/0661_68194868.jpg 0 0 0 0 0 0 0 0 0 0 0 0 0 0 1 0 0 0 0 0 0
images/row/0333_471589750.jpg 0 0 0 0 0 0 1 0 0 0 0 1 0 0 0 0 0 0 0 1 0
images/white_house/0496_2356484273.jpg 0 0 0 0 0 0 0 0 0 0 0 1 0 0 0 0 0 0 0 0 0
images/oahu/0563_281276527.jpg 0 0 0 0 0 0 1 0 1 0 0 0 0 0 1 0 0 0 0 1 0
images/court/0070_2254630227.jpg 0 0 1 0 0 0 0 0 0 1 0 0 1 0 0 0 0 0 0 0 0
images/land/0067_86407378.jpg 0 0 0 1 0 0 1 0 1 0 0 1 0 0 1 0 0 1 0 1 0
images/cliff/0299_2268905983.jpg 0 0 0 1 0 0 0 0 0 0 0 0 0 1 1 0 0 0 0 0 0
images/car_crash/0411_2522520042.jpg 0 0 0 0 0 1 0 0 0 1 0 0 1 0 0 0 0 0 0 0 0
images/caribou/0037_2360139286.jpg 1 0 0 0 0 0 0 0 0 0 0 0 0 0 0 1 0 0 0 0 0
images/wings/0383_2083769511.jpg 0 0 0 0 1 0 0 0 0 0 0 0 0 0 0 0 0 0 0 0 0
images/bench/0381_2155928104.jpg 0 1 0 1 0 0 1 0 1 0 0 0 0 0 1 0 1 0 0 1 0
images/arch/0370_2020793818.jpg 0 0 0 1 0 0 0 0 0 0 0 0 0 1 1 0 0 0 0 0 0
images/cheese/0572_127970050.jpg 0 1 0 0 0 0 0 0 0 0 0 0 0 0 0 0 0 0 0 0 0
images/bulls/0480_1235285188.jpg 0 0 0 1 0 0 0 1 1 0 0 0 0 1 1 0 0 0 0 1 0
images/chairs/0491_355855072.jpg 0 0 0 0 0 0 0 0 1 0 0 0 0 0 1 0 0 0 0 1 0
images/politicians/0503_1783853494.jpg 0 0 0 0 0 0 0 0 0 0 0 0 0 0 0 0 0 0 1 0 1
images/detail/0327_2330347111.jpg 0 0 0 1 0 0 1 0 1 0 0 0 0 0 1 0 1 0 0 1 0
images/bicycle/0464_1804990073.jpg 0 0 1 0 0 0 0 0 0 0 1 0 0 0 0 0 0 0 0 0 0
images/butterfly/0352_346557058.jpg 1 0 0 0 1 0 0 0 0 0 0 0 0 0 0 0 0 0 0 0 0
images/mare/0571_2293949288.jpg 0 0 0 1 0 0 0 1 0 1 0 0 0 0 1 0 0 0 0 0 0
images/grassland/0410_176444293.jpg 0 0 0 0 0 1 0 0 0 0 1 0 0 0 1 0 0 0 0 0 0
images/scientists/0600_997772328.jpg 0 0 0 0 0 0 0 0 0 1 0 0 0 0 0 0 0 0 0 0 0
images/formation/0487_2294032044.jpg 0 0 0 1 0 0 0 0 1 0 0 0 0 0 1 0 1 0 0 1 0
images/cliff/0231_2666744601.jpg 0 0 0 0 0 0 1 0 0 0 0 0 0 1 0 0 0 0 0 1 0
images/canoe/0255_811999430.jpg 0 0 0 0 0 0 1 1 0 0 1 1 0 1 0 0 0 0 0 1 0
images/grassland/0598_211922794.jpg 0 0 0 0 1 0 0 0 0 0 1 0 0 0 1 0 0 0 0 0 0
images/flags/0353_1841616588.jpg 0 1 0 1 0 0 0 0 0 0 0 0 0 0 1 0 0 0 0 0 0
images/rockface/0223_1425548184.jpg 0 0 0 0 0 0 1 0 0 0 0 0 0 1 0 1 0 0 0 0 0
images/school/0463_2121278314.jpg 0 0 0 0 0 0 0 0 0 0 0 0 0 0 0 1 0 0 0 0 0
images/courthouse/0357_185967758.jpg 0 0 0 0 0 0 0 0 0 1 0 0 0 0 0 0 0 0 0 0 0
images/lakes/0033_540562830.jpg 0 0 0 1 0 0 0 0 0 0 0 1 0 1 1 0 0 0 0 1 0
images/cockpit/0076_283303201.jpg 0 0 0 0 0 0 0 0 0 0 0 0 0 0 0 0 0 0 0 0 1
images/glacier/0595_1436481062.jpg 0 0 0 1 0 0 1 1 0 0 0 1 0 1 1 0 0 0 0 1 0
images/waves/0232_38389140.jpg 0 0 0 0 0 0 0 0 1 1 0 0 0 0 0 0 0 0 0 1 0
images/bank/0546_508082264.jpg 0 0 1 1 0 0 0 0 0 0 0 0 0 0 1 0 0 0 0 0 0
images/caribou/0484_347416372.jpg 0 0 0 0 0 0 0 0 0 0 0 0 0 0 1 1 0 0 0 0 0
images/animals/0515_2393462110.jpg 1 0 0 0 0 0 0 0 0 0 0 0 0 0 0 0 0 0 0 0 0
images/oceans/0045_2399106932.jpg 0 0 0 0 0 0 0 1 0 0 0 0 0 1 1 0 0 0 0 1 0
images/clearing/0388_45692837.jpg 0 0 0 0 0 1 0 0 0 0 0 0 0 0 1 0 0 1 0 0 0
images/sunglasses/0261_475404411.jpg 1 0 0 0 0 0 0 0 0 0 0 0 0 0 0 0 0 0 0 0 0
images/group/0315_2110326784.jpg 0 0 0 1 0 0 1 0 0 1 0 0 0 0 1 0 0 0 0 1 0
images/palm/0492_1312335053.jpg 0 1 0 1 0 0 1 0 1 0 0 0 0 0 1 0 0 0 0 1 0
images/police/0307_2441467412.jpg 0 0 1 0 0 0 0 0 0 1 0 0 1 0 0 0 0 0 1 0 1
images/path/0564_2051174560.jpg 0 0 0 0 0 1 0 0 0 0 1 0 0 0 1 0 0 1 0 0 0
images/gas_station/0320_401492756.jpg 0 0 1 1 0 0 0 0 0 0 0 1 1 0 1 0 0 0 0 1 0
images/texture/0256_540620593.jpg 0 0 0 0 0 0 0 0 0 0 1 0 0 0 0 0 0 0 0 0 0
images/scotland/0503_1486212454.jpg 0 0 0 0 0 1 1 1 0 0 0 0 0 0 1 0 0 0 0 1 0
images/golf_course/0307_369647910.jpg 0 0 0 0 0 0 0 0 0 0 0 0 0 0 1 0 1 1 0 0 0
images/detail/0249_2259882310.jpg 0 0 0 1 1 0 0 0 0 0 0 0 0 0 0 0 0 0 0 0 0
images/frozen/0409_672515981.jpg 0 0 0 0 0 0 1 0 0 0 0 0 0 0 0 0 0 0 0 1 0
images/aqueduct/0472_242454919.jpg 0 0 0 1 0 0 0 0 0 0 0 0 0 0 1 1 0 0 0 0 0
images/plain/0525_1240973032.jpg 0 0 0 0 0 0 0 1 0 0 0 0 0 0 0 0 0 0 0 0 0
images/truck/0271_2085794797.jpg 0 0 0 0 0 1 0 0 0 0 0 0 0 0 0 0 0 0 1 0 1
images/costume/0037_2347661506.jpg 0 0 0 0 0 0 0 0 0 1 0 0 0 0 0 0 0 0 0 0 0
images/log/0582_312456075.jpg 0 1 0 1 0 0 0 0 0 0 0 0 0 0 1 0 0 0 0 1 0
images/driver/0051_76740723.jpg 0 0 0 1 0 0 0 0 0 0 0 0 0 0 1 0 0 0 0 0 1
images/submarine/0535_402621078.jpg 0 0 0 0 0 0 1 0 1 0 0 0 0 0 1 0 0 0 0 1 0
images/seals/0406_2146358445.jpg 1 0 0 0 0 0 0 0 0 0 0 0 0 0 0 0 0 0 0 0 0
images/road_block/0221_516557236.jpg 0 0 0 1 0 0 0 0 0 0 1 0 0 0 1 0 0 0 0 0 0
images/soldiers/0279_810469460.jpg 0 0 0 1 0 1 0 0 0 0 1 0 0 0 1 0 0 0 0 0 0
images/house_of_worship/0510_75765258.jpg 0 0 1 1 0 0 0 0 0 0 0 0 0 0 1 0 0 0 0 0 0
images/windows/0389_102672820.jpg 0 0 1 0 0 0 0 0 0 0 0 0 0 0 0 0 0 0 0 0 1
images/fields/0509_2533652177.jpg 0 0 0 1 1 0 0 0 0 0 0 0 0 0 1 0 0 0 0 0 0
images/river_bank/0563_384234823.jpg 0 0 0 0 0 0 0 0 0 0 0 0 1 0 0 0 0 0 0 1 0
images/autumn/0575_1439784468.jpg 0 0 0 0 0 0 1 0 0 0 0 0 0 0 0 0 0 0 0 1 0
images/rockface/0224_59555315.jpg 0 0 0 0 0 0 0 0 0 0 1 0 0 1 0 0 0 0 0 0 0
images/flag/0515_2055436939.jpg 0 0 0 0 0 0 0 0 0 0 0 0 1 0 0 0 0 0 0 0 0
images/hills/0328_1221111794.jpg 0 0 1 0 0 0 0 0 0 0 0 0 0 0 0 0 0 0 0 0 1
images/peaks/0246_2719070569.jpg 0 0 1 1 0 0 1 1 0 0 0 0 0 0 1 0 0 0 0 1 0
images/freighter/0231_493973959.jpg 0 1 0 1 0 1 0 0 1 0 0 0 0 0 1 0 1 0 0 1 0
images/pope/0418_565863587.jpg 0 0 0 0 0 0 0 0 0 0 0 0 0 0 1 0 0 0 0 0 0
images/canoe/0382_1781824467.jpg 0 0 0 1 0 0 1 0 1 0 0 1 0 0 1 0 1 0 0 1 0
images/shrubs/0210_607109544.jpg 1 0 0 0 0 0 0 0 0 0 1 0 0 0 0 0 0 0 0 0 0
images/building/0260_503236871.jpg 0 0 1 0 0 0 0 0 0 0 0 0 0 0 1 0 0 0 0 0 0
images/mountain/0548_63960223.jpg 0 0 0 1 0 0 0 0 0 0 1 0 0 0 1 1 0 1 0 0 0
images/groom/0351_2371709905.jpg 0 0 0 1 0 0 0 0 0 1 0 0 0 0 1 0 0 0 0 0 0
images/fog/0260_106766660.jpg 0 0 0 0 0 0 0 0 0 0 0 0 0 0 0 0 0 1 0 0 0
images/tanker/0302_235729077.jpg 0 0 0 0 0 0 0 0 0 0 0 0 1 0 1 0 0 0 1 0 0
images/slope/0213_2741310286.jpg 0 0 0 0 0 0 0 0 0 0 0 0 0 0 0 0 0 0 0 0 1
images/fawn/0201_2637239693.jpg 1 0 0 0 0 1 0 0 0 0 0 0 0 0 0 0 0 0 0 0 0
images/monastery/0322_207963589.jpg 0 0 0 0 1 0 0 0 0 0 1 0 0 0 0 0 0 0 0 0 0
images/frost/0053_2185433788.jpg 0 0 0 0 0 0 0 0 0 0 0 0 0 0 1 1 0 0 0 1 0
images/cow/0579_213042351.jpg 1 0 0 1 0 1 0 0 0 0 0 0 0 0 1 0 0 0 0 0 0
images/boeing/0019_2601395576.jpg 0 0 0 1 0 1 0 0 0 0 0 0 1 0 0 0 0 0 0 0 0
images/streets/0293_1468442565.jpg 0 0 0 0 0 0 0 0 0 0 0 0 1 0 0 0 0 0 0 0 0
images/bay/0418_449087754.jpg 0 0 0 1 0 0 1 0 1 0 0 1 0 0 1 0 0 0 0 1 0
images/harbor/0514_486634590.jpg 0 0 0 1 0 0 0 0 1 0 0 0 0 0 1 0 1 0 0 1 0
images/lakes/0002_2398197864.jpg 0 0 0 1 0 1 0 1 0 0 0 0 0 1 1 1 0 0 0 0 0
images/tanker/0580_2162312782.jpg 0 0 0 0 0 0 0 0 0 0 0 0 0 0 0 0 0 0 1 0 1
images/storms/0237_2609013140.jpg 0 0 0 1 0 0 0 0 0 0 0 0 0 0 1 0 0 0 0 0 0
images/forest/0618_1078434657.jpg 0 0 0 0 0 1 0 0 0 0 0 0 0 0 1 0 0 1 0 0 0
images/moss/0601_2513617469.jpg 0 0 0 0 0 0 0 0 0 0 1 0 0 1 0 0 0 1 0 1 0
images/volcano/0258_232709303.jpg 0 0 0 0 0 1 0 1 0 0 0 0 0 0 1 0 0 0 0 0 0
images/road_block/0179_371200961.jpg 0 0 0 0 0 0 0 0 0 0 0 0 0 0 1 1 0 0 0 0 1
images/mural/0273_2191596619.jpg 0 0 0 0 0 0 0 0 0 0 0 0 0 0 1 0 0 0 0 0 0
images/palace/0099_2594558003.jpg 0 0 1 0 0 0 0 0 0 0 0 0 0 0 0 0 0 0 0 0 1
images/hawaii/0494_230974553.jpg 0 1 0 1 0 0 1 0 1 0 0 0 0 0 1 0 1 0 0 1 0
images/office_building/0283_147262794.jpg 0 0 1 0 0 0 0 0 0 0 0 0 0 0 0 0 0 0 0 0 1
images/cityscape/0310_2478530544.jpg 0 0 0 1 0 0 0 0 0 0 0 0 0 1 1 0 1 0 0 1 0
images/ships/0378_493957503.jpg 0 0 0 0 0 0 1 0 0 0 0 0 0 0 0 0 0 0 0 1 0
images/foals/0370_41503112.jpg 1 0 0 0 0 0 0 0 0 0 0 0 0 0 0 0 0 0 0 0 0
images/seals/0330_527542972.jpg 1 0 0 0 0 0 0 0 0 0 0 0 0 0 0 0 0 0 0 1 0
images/peaks/0342_73078855.jpg 0 0 0 1 0 1 0 1 0 0 1 0 0 1 1 0 0 0 0 1 0
images/prototype/0431_858935844.jpg 0 0 0 1 0 1 0 0 0 0 0 0 0 0 0 0 0 0 0 0 0
images/white-tailed/0523_2465477661.jpg 1 0 0 0 0 0 0 0 0 0 0 0 0 0 0 0 0 0 0 0 0
images/oceans/0556_8903923.jpg 1 0 0 0 0 0 0 0 1 0 0 0 0 0 0 0 0 0 0 1 0
images/animal/0574_400214132.jpg 1 0 0 0 0 0 0 0 0 0 0 0 0 0 1 0 0 0 0 1 0
images/seals/0378_252943708.jpg 1 0 0 0 0 0 0 0 1 0 0 0 0 0 1 0 0 0 0 1 0
images/oceans/0488_2116950183.jpg 1 0 0 0 0 0 0 0 0 0 0 0 1 0 0 0 0 0 0 0 0
images/highway/0343_367296227.jpg 0 1 0 0 0 0 0 0 0 0 0 0 0 1 1 0 0 0 0 0 0
images/animal/0349_2077653672.jpg 1 0 0 0 0 0 0 0 0 0 0 0 0 0 0 0 0 0 0 0 0
images/arctic/0323_2235553313.jpg 0 0 0 1 0 0 0 0 0 0 0 0 0 0 1 1 0 0 0 0 0
images/building/0470_2392346841.jpg 0 0 1 1 0 0 0 0 0 0 0 1 0 0 1 0 0 0 0 1 0
images/crops/0556_2308048291.jpg 0 0 0 1 0 1 0 0 0 0 1 0 0 0 1 0 0 0 0 0 0
images/mule/0019_1779771283.jpg 1 0 0 0 0 0 0 0 0 0 0 0 1 0 0 0 0 0 0 0 0
images/peaks/0426_62339570.jpg 0 0 0 0 0 0 0 1 0 0 0 0 0 0 1 1 0 0 0 0 0
images/parking_lot/0518_4238889.jpg 0 0 0 0 0 0 0 0 0 0 0 0 0 0 0 1 0 0 0 0 0
images/mosque/0229_2295379716.jpg 0 1 0 0 0 0 0 0 0 0 0 0 0 1 1 0 0 0 0 0 0
images/driver/0331_300405283.jpg 0 0 0 1 0 0 0 0 0 0 0 0 1 0 1 0 0 0 0 0 0
images/petals/0564_2271168742.jpg 0 0 0 0 0 0 0 0 0 0 1 0 0 0 0 0 0 0 0 0 0
images/swimming/0238_2433706437.jpg 1 0 0 0 0 0 1 0 0 0 0 0 0 0 0 0 0 0 0 1 0
images/aqueduct/0043_966853769.jpg 0 0 0 0 0 0 0 0 0 0 0 1 0 0 0 0 0 0 0 0 0
images/bank/0510_1785605985.jpg 0 0 1 0 0 0 0 0 0 0 0 0 0 0 1 0 0 0 0 0 1
images/cityscape/0510_2344365397.jpg 0 0 1 0 0 0 0 0 0 0 0 0 0 0 1 0 0 0 0 1 0
images/golf/0344_1566012165.jpg 0 0 0 0 0 0 0 0 0 1 0 0 0 0 0 0 0 0 0 0 0
images/cottage/0414_2328807650.jpg 0 0 0 0 0 1 0 0 0 0 1 0 0 0 1 0 0 0 0 0 0
images/pebbles/0447_2332873396.jpg 0 1 0 1 0 0 1 0 0 0 0 0 0 1 1 0 0 0 0 1 0
images/tiger/0006_2202849133.jpg 1 0 0 0 0 0 0 0 0 0 0 0 0 0 0 0 0 0 0 0 0
images/landing_craft/0045_951636336.jpg 0 1 0 0 0 0 0 0 1 0 0 0 0 0 0 0 0 0 1 1 0
images/mare/0567_2489796970.jpg 0 1 0 1 0 1 0 0 0 0 0 0 0 0 1 0 1 0 0 0 0
images/groom/0386_653269214.jpg 0 0 0 0 0 1 0 0 0 1 0 0 0 0 1 0 0 0 0 0 0
images/ditch/0018_2129493974.jpg 0 0 0 0 0 1 1 0 0 0 0 0 0 0 1 0 0 0 0 1 0
images/sand/0407_462319516.jpg 0 1 1 1 0 0 1 0 0 0 0 0 0 0 1 0 1 0 0 1 0
images/moon/0519_520004285.jpg 0 0 0 1 0 0 0 0 1 0 1 0 0 0 1 0 0 0 0 0 0
images/shipyards/0203_2444141968.jpg 0 0 1 1 0 0 1 1 0 0 0 0 0 0 0 0 0 0 1 1 0
images/frost/0291_2288600685.jpg 0 0 0 0 0 0 0 0 0 0 0 0 0 0 1 1 0 0 0 0 0
images/island/0468_2223392941.jpg 0 0 0 1 0 1 0 1 0 0 0 0 0 0 0 0 0 0 0 0 0
images/scientists/0012_839835055.jpg 0 0 1 1 0 0 0 0 0 0 0 0 0 1 1 0 0 0 0 1 0
images/butterfly/0238_480416480.jpg 1 0 0 0 0 0 0 0 0 0 0 0 0 0 0 0 0 0 0 0 0
images/town/0496_135281780.jpg 0 0 1 0 0 0 0 0 0 0 0 0 0 0 0 0 0 0 0 0 0
images/roof/0506_2474858815.jpg 0 0 1 1 0 0 0 0 0 0 0 0 0 0 1 0 0 0 0 0 1
images/antelope/0271_2193675779.jpg 1 0 0 0 0 1 0 0 0 0 0 0 0 0 0 0 0 0 0 0 0
images/fire_station/0531_2585263795.jpg 0 0 1 0 0 0 0 0 0 0 0 0 0 0 1 0 0 0 0 0 1
images/path/0411_1482347926.jpg 0 0 0 0 0 0 0 0 0 1 0 0 0 0 0 0 0 0 0 0 0
images/silhouette/0422_152526764.jpg 0 0 0 1 0 0 0 0 0 0 0 0 0 0 1 0 1 1 0 0 0
images/den/0043_2591721588.jpg 1 0 0 0 0 1 0 0 0 0 1 0 0 0 0 0 0 0 0 0 0
images/canoe/0338_2416119320.jpg 0 0 1 1 0 0 0 0 0 0 0 1 0 0 0 0 0 0 0 1 0
images/fire_station/0461_2303060114.jpg 0 0 0 1 0 0 0 0 0 0 0 0 1 0 1 0 0 0 0 0 0
images/traffic/0488_109651801.jpg 0 0 0 0 0 0 0 0 0 1 0 0 1 0 0 0 0 0 1 0 0
images/truck/0344_1307657975.jpg 0 0 0 1 0 0 0 0 0 0 0 0 0 0 1 0 0 0 1 0 0
images/coast/0548_2511163312.jpg 0 1 0 1 0 0 0 0 1 0 0 0 0 1 1 0 0 0 0 0 0
images/weapons/0580_330852339.jpg 0 0 0 0 0 0 0 0 0 1 0 0 1 0 0 0 0 0 0 0 0
images/windows/0539_2657913931.jpg 0 0 1 1 0 0 0 0 0 0 0 0 0 0 1 0 0 0 0 0 1
images/car_racing/0486_2079469124.jpg 0 0 0 0 0 0 0 0 0 0 0 0 1 0 0 0 0 0 1 0 0
images/rice/0573_2657171631.jpg 0 0 0 0 0 0 1 0 0 1 0 0 0 0 1 0 0 0 0 1 0
images/reefs/0388_1130683795.jpg 0 0 0 0 0 0 1 0 1 0 0 0 0 0 0 0 0 0 0 1 0
images/river_bank/0096_2511030760.jpg 0 0 0 1 0 0 1 0 0 0 0 0 0 0 1 0 0 0 0 0 0
images/moon/0067_2165623464.jpg 0 0 0 0 0 0 1 0 1 0 0 0 0 1 0 0 0 0 0 1 0
images/seals/0073_18864529.jpg 1 0 0 0 0 0 0 0 0 0 0 0 0 0 0 0 0 0 0 1 0
images/anemone/0558_2444032967.jpg 0 0 0 0 1 0 0 0 0 0 0 0 0 0 0 0 0 0 0 0 0
images/tundra/0675_292358177.jpg 1 0 0 0 0 1 0 0 0 0 0 0 0 0 0 0 0 0 0 0 0
images/cliff/0386_2489338094.jpg 0 1 0 1 0 0 1 1 1 0 0 0 0 1 1 0 0 0 0 1 0
images/hunter/0464_120346372.jpg 1 0 0 0 0 1 0 0 0 0 0 0 0 0 0 0 0 0 0 0 0
images/laundry_room/0552_2274684316.jpg 0 0 0 0 0 0 0 0 0 1 0 0 0 0 0 0 0 0 0 0 0
images/landscape/0569_476966697.jpg 0 0 0 1 0 0 0 0 0 0 0 0 0 1 1 0 0 0 0 1 0
images/building/0495_46063928.jpg 0 0 1 1 0 0 0 0 0 0 0 0 0 0 0 0 0 0 0 0 0
images/lake/0662_2384861079.jpg 0 0 0 1 0 0 1 0 1 0 0 0 0 0 1 0 1 0 0 1 0
images/mast/0418_2666605160.jpg 0 0 0 0 0 0 1 0 0 0 0 1 0 0 0 0 0 0 0 1 0
images/flags/0375_446282073.jpg 1 0 0 0 0 0 0 0 0 0 0 0 1 0 0 0 0 0 0 0 1
images/apartments/0676_2737379787.jpg 0 0 1 1 0 0 0 0 0 0 0 0 1 0 1 0 0 0 0 0 1
images/basketball/0223_2080877255.jpg 0 0 0 1 0 0 0 0 0 0 0 0 0 0 1 0 1 0 0 1 0
images/canoe/0202_2086566543.jpg 0 0 0 0 0 0 0 0 0 0 0 0 0 0 0 1 0 1 0 1 0
images/houseboat/0379_1158161193.jpg 0 0 0 0 0 0 1 0 0 0 0 0 0 0 1 0 0 0 0 1 1
images/swimming_pools/0258_475503247.jpg 0 1 0 0 0 0 1 0 1 1 0 0 0 1 0 0 0 0 0 1 0
images/police/0232_644379623.jpg 0 0 0 0 0 0 0 0 0 1 0 0 1 0 0 0 0 0 0 0 0
images/oil_field/0377_179734348.jpg 0 0 0 1 0 0 0 0 0 0 0 0 0 0 1 0 0 0 0 0 0
images/cottage/0441_2513574795.jpg 0 0 0 0 1 0 0 0 0 0 0 0 0 0 0 0 0 0 0 0 0
images/albatross/0446_111020687.jpg 0 0 0 1 0 0 0 0 0 0 0 0 0 0 1 0 0 0 0 0 0
images/umbrella/0575_189031744.jpg 0 0 0 1 0 1 0 0 0 0 0 0 0 0 1 0 0 0 0 0 0
images/lily/0262_2046743360.jpg 0 1 0 1 0 0 0 0 0 1 0 0 0 0 0 0 0 0 0 1 0
images/donkeys/0011_2203536796.jpg 0 0 0 0 0 1 0 0 0 0 0 0 0 0 0 0 0 1 0 0 0
images/golf_course/0530_212649838.jpg 0 0 0 1 0 1 0 0 0 0 0 0 0 1 1 0 1 0 0 0 0
images/skyline/0276_152701990.jpg 0 0 0 1 0 0 1 0 1 0 0 0 0 0 1 0 0 0 0 0 0
images/perch/0441_132868504.jpg 1 0 0 0 0 1 0 0 0 0 0 0 0 0 0 0 0 0 0 0 0
images/path/0549_1826741738.jpg 0 0 0 0 0 0 0 0 0 0 1 0 1 0 1 0 0 0 0 0 0
images/lawn/0415_237184369.jpg 0 0 0 0 0 1 0 0 0 1 0 0 0 0 1 0 0 0 0 0 0
images/road_block/0314_51101621.jpg 0 0 1 0 0 0 0 0 0 0 0 0 0 0 0 0 0 0 1 0 0
images/fields/0490_174583992.jpg 0 0 0 1 1 1 0 0 0 0 1 0 0 0 1 0 0 0 0 0 0
images/fountain/0013_165614510.jpg 0 0 0 0 0 0 0 0 0 0 0 0 0 0 0 0 0 0 0 1 0
images/sailboats/0219_570470892.jpg 0 0 0 1 0 0 1 0 0 0 0 0 0 0 1 0 0 0 0 1 0
images/ruins/0244_864576049.jpg 0 0 0 0 0 0 0 0 1 0 0 0 0 0 1 0 0 0 0 0 0
images/pickup_truck/0224_101087853.jpg 0 0 1 0 0 0 0 0 0 0 0 0 1 0 0 0 0 0 1 0 1
images/rockface/0290_551990386.jpg 0 0 0 0 0 0 0 0 0 0 0 0 0 1 1 0 0 0 0 1 0
images/fog/0428_429760375.jpg 0 0 0 1 0 0 1 0 1 0 0 0 0 0 0 0 0 0 0 0 0
images/lion/0589_2228984581.jpg 1 0 0 0 0 0 0 0 0 0 0 0 0 0 0 0 0 0 0 0 0
images/wolf/0365_2239885378.jpg 1 0 0 0 0 0 0 0 0 0 0 0 0 0 0 1 0 0 0 0 0
images/suburban/0306_2530908405.jpg 1 0 0 0 0 0 0 0 0 0 0 0 0 0 0 0 0 0 0 1 0
images/apartment_complex/0231_434751297.jpg 0 0 0 0 0 0 0 0 0 0 1 0 0 0 0 0 0 0 0 0 0
images/dancing/0561_1918481675.jpg 0 0 0 0 0 1 0 0 0 0 0 0 0 0 0 0 0 1 0 0 0
images/walking/0361_400534464.jpg 0 1 0 0 0 0 1 0 0 0 0 1 0 0 0 0 0 0 0 1 0
images/mountain/0597_199351643.jpg 0 0 0 1 0 0 1 0 1 0 0 0 0 0 1 0 0 0 0 1 0
images/helicopters/0588_251672473.jpg 0 0 0 1 0 1 0 0 0 0 0 0 0 0 1 0 0 0 1 0 0
images/reporters/0097_37663897.jpg 0 0 0 0 0 0 0 0 0 1 0 0 0 0 0 0 0 0 0 0 0
images/black/0059_154017488.jpg 0 0 0 1 0 0 0 1 0 0 0 0 0 0 1 1 0 0 0 0 0
images/locomotive/0253_2134212033.jpg 0 0 0 0 0 0 0 0 0 0 0 0 0 0 0 1 0 0 0 0 0
images/swimming_pools/0465_1286179161.jpg 0 0 1 0 0 0 0 0 0 0 0 0 0 0 0 0 0 0 0 1 1
images/railroad/0390_99011706.jpg 0 0 0 0 0 0 0 0 0 0 0 0 0 0 0 1 0 0 0 0 0
images/field/0434_13043152.jpg 0 0 0 1 1 0 0 0 0 0 0 0 1 0 1 0 0 0 0 1 0
images/valley/0468_987109750.jpg 0 0 0 0 0 1 0 0 0 0 1 0 0 0 0 0 0 0 0 0 0
images/vehicle/0289_1384414574.jpg 0 0 0 0 0 0 0 0 0 0 0 0 0 0 0 0 0 0 1 0 1
images/pebbles/0030_136172073.jpg 0 0 0 0 0 0 0 0 0 0 0 0 0 1 0 0 0 0 0 0 0
images/slope/0242_347828042.jpg 0 0 0 0 0 0 0 1 0 0 0 0 0 0 0 0 0 1 0 0 0
images/prop/0037_186744755.jpg 0 0 0 0 0 0 0 0 0 0 0 0 0 0 1 0 0 0 1 0 0
images/slope/0281_1374166573.jpg 0 0 0 1 0 0 0 1 0 1 0 0 0 0 1 0 0 0 0 0 0
images/orchid/0052_327026119.jpg 0 0 0 0 1 0 0 0 0 0 1 0 0 0 0 0 0 0 0 0 0
images/rapids/0044_444182981.jpg 0 0 0 1 0 0 1 0 0 0 0 0 0 0 1 0 0 0 0 0 0
images/detail/0336_2455925109.jpg 0 0 0 0 1 0 0 0 0 0 0 0 0 0 0 0 0 0 0 0 0
images/kauai/0475_1368759872.jpg 0 1 0 1 0 0 1 0 1 0 0 0 0 0 1 0 1 0 0 1 0
images/mast/0430_1571364860.jpg 0 0 0 0 0 0 0 0 0 0 0 1 0 0 0 0 0 0 0 1 0
images/ship/0636_510789563.jpg 0 0 0 1 0 1 1 0 0 0 0 0 0 0 1 0 0 1 0 1 0
images/flight/0247_466097521.jpg 1 0 0 0 0 0 0 0 0 0 0 0 0 0 0 0 0 0 0 0 0
images/running/0598_4418820.jpg 1 1 0 1 0 0 1 0 1 0 0 1 0 0 1 0 0 0 0 1 0
images/glacier/0587_1678049776.jpg 0 0 0 1 0 0 0 1 0 0 0 0 0 0 1 0 0 0 0 0 0
images/scotland/0307_105992919.jpg 0 0 0 1 0 0 0 0 0 0 0 1 0 0 0 0 0 0 0 1 0
images/rapids/0585_2460693374.jpg 0 0 0 0 0 0 0 0 0 0 0 0 0 0 0 0 0 0 0 1 0
images/tails/0480_315708898.jpg 1 0 0 0 0 0 0 0 0 1 0 0 0 0 0 0 0 0 0 0 0
images/tugboat/0525_144574709.jpg 0 0 0 0 0 0 0 0 1 0 0 0 0 0 0 0 0 0 1 1 0
images/drum/0255_1400335030.jpg 0 0 0 0 1 0 0 0 0 0 0 0 0 0 1 0 0 0 0 0 0
images/crops/0242_1474632253.jpg 0 0 0 0 0 0 0 0 0 0 0 0 0 0 1 0 0 1 0 0 0
images/rockface/0587_426106368.jpg 0 0 0 0 0 0 0 0 0 0 0 1 0 0 0 0 0 0 0 1 0
images/tugboat/0329_2537807000.jpg 0 0 0 1 0 0 1 0 1 0 0 0 0 0 0 0 0 0 0 1 0
images/bench/0355_2502365414.jpg 0 1 0 1 0 0 1 0 0 0 0 0 0 0 1 0 1 0 0 1 0
images/beach/0023_1506088706.jpg 0 0 0 1 0 0 0 0 1 0 0 0 0 1 1 0 0 0 0 1 0
images/ships/0289_2140014151.jpg 0 0 0 0 0 0 1 0 1 0 0 0 0 0 1 1 0 0 0 1 0
images/locomotive/0090_2530992595.jpg 0 0 0 0 0 1 0 0 0 0 0 0 0 0 0 0 0 0 0 0 1
images/hotel/0337_2201915082.jpg 0 0 1 1 0 0 1 0 0 0 0 0 0 0 1 0 0 0 0 0 0
images/shops/0265_2189384661.jpg 0 0 1 0 0 0 0 0 0 0 0 0 1 0 0 0 0 0 0 0 1
images/polar/0395_2557417317.jpg 0 0 0 1 1 1 0 0 0 0 1 0 0 0 1 0 0 0 0 0 0
images/powerlines/0436_437615895.jpg 0 0 0 1 0 0 0 0 0 0 1 0 1 0 1 0 0 0 0 0 0
images/mist/0385_461494102.jpg 0 0 0 1 0 0 0 1 0 0 0 0 0 0 1 1 0 0 0 0 0
images/bridges/0246_542562911.jpg 0 0 0 0 0 0 0 0 0 0 1 0 0 0 0 0 0 0 0 0 0
images/valleys/0307_56380097.jpg 0 0 0 0 0 1 0 1 0 0 1 0 0 1 1 0 0 0 0 0 0
images/ruins/0335_1973703552.jpg 0 0 1 1 0 0 0 0 0 0 0 0 0 0 1 0 0 0 0 0 0
images/car/0390_775669132.jpg 0 0 0 0 1 0 0 0 0 0 0 0 0 0 0 0 0 0 1 0 1
images/waves/0555_1199162731.jpg 0 1 0 1 0 0 1 0 0 0 0 1 0 1 1 0 0 0 0 1 0
images/horses/0413_522238517.jpg 1 0 0 0 0 1 0 0 0 0 0 0 0 0 0 0 0 0 0 0 0
images/skiing/0073_464440678.jpg 0 0 0 1 0 0 0 1 0 0 0 0 0 0 1 1 1 0 0 0 0
images/natural_disasters/0008_1178865584.jpg 0 1 0 0 0 0 0 0 1 0 0 0 0 0 1 0 0 0 0 1 0
images/houseboat/0504_2548123324.jpg 0 0 0 0 0 0 0 0 0 1 1 0 0 0 0 0 0 0 0 0 0
images/cows/0585_46107863.jpg 1 0 0 0 0 0 0 0 0 0 0 0 0 0 1 0 1 0 0 0 0
images/cruise_liner/0358_2223600431.jpg 0 0 1 0 0 0 0 0 0 0 0 0 0 0 0 0 0 0 0 0 0
images/spider/0482_2169867012.jpg 1 0 0 0 0 0 0 0 0 0 0 0 0 0 1 0 0 0 0 0 0
images/village/0227_1587981904.jpg 0 0 0 0 0 0 1 1 0 0 0 0 1 0 1 0 0 0 0 1 0
images/barn/0036_2139480940.jpg 0 0 0 1 0 0 0 0 0 0 0 0 1 0 1 0 0 1 0 0 0
images/ships/0417_2162052703.jpg 0 0 0 1 0 0 1 0 1 0 0 0 0 0 1 0 1 0 0 1 0
images/lake/0241_118034145.jpg 0 0 0 1 0 0 0 0 0 0 0 0 0 0 1 1 0 0 0 0 0
images/oahu/0579_233936202.jpg 0 0 0 0 1 0 0 0 0 0 0 0 0 0 0 0 0 0 0 0 0
images/windmills/0454_1448457704.jpg 0 0 0 1 0 0 0 0 0 0 1 0 0 0 1 0 0 0 0 0 0
images/road_block/0249_121840564.jpg 0 0 0 0 0 0 0 0 0 0 0 0 1 0 0 0 0 0 0 0 0
images/harbor/0277_2294682701.jpg 0 0 1 1 0 0 0 0 1 0 0 0 0 1 1 0 1 0 0 0 0
images/pavilions/0354_503054610.jpg 0 0 0 0 0 0 0 0 0 1 0 0 1 0 0 0 0 0 1 0 0
images/swimmers/0436_2736950736.jpg 0 0 0 0 0 0 0 0 0 1 0 0 0 0 0 0 0 0 0 1 0
images/fall/0592_854331470.jpg 0 0 0 0 0 0 0 0 0 0 0 0 0 1 0 0 0 0 0 1 0
images/horizon/0079_312667687.jpg 0 0 0 1 0 0 0 0 0 0 0 0 0 0 1 0 1 0 0 0 0
images/buildings/0317_461767566.jpg 0 0 1 1 0 0 0 0 0 0 0 0 0 0 1 0 0 0 0 0 0
images/grizzly/0490_2625511219.jpg 1 0 0 0 0 1 0 0 0 0 0 0 0 0 0 0 0 0 0 0 0
images/suburban/0066_154975181.jpg 0 0 0 0 0 0 0 0 0 0 0 0 0 0 0 0 0 0 1 0 1
images/garden/0310_39013679.jpg 0 0 0 0 1 0 0 0 0 0 0 0 0 0 0 0 0 0 0 0 0
images/prop/0589_1468836953.jpg 0 0 0 0 0 0 0 0 0 0 0 0 0 0 0 0 0 0 1 0 0
images/bicycle/0598_1704472149.jpg 0 0 0 0 0 0 1 0 0 0 0 1 0 0 1 0 0 0 0 1 0
images/forest/0013_657162681.jpg 0 0 0 0 0 0 0 0 0 0 1 1 0 0 0 0 0 1 0 1 0
images/moss/0200_391481475.jpg 0 0 0 0 0 1 0 0 0 0 1 0 0 0 0 0 0 1 0 0 0
images/railing/0489_407717533.jpg 0 0 0 1 0 0 0 0 0 0 0 0 0 0 1 0 0 0 0 0 0
images/run/0043_86815925.jpg 0 0 1 0 0 0 0 0 0 1 0 0 0 0 0 0 0 0 0 0 0
images/truck/0268_339194117.jpg 0 0 0 0 0 0 0 0 0 0 0 0 0 0 0 0 0 0 1 0 0
images/needles/0590_2053975141.jpg 0 0 0 0 0 0 0 0 0 0 1 0 0 0 0 0 0 0 0 0 0
images/boeing/0248_874191453.jpg 0 0 0 1 0 0 0 0 0 0 0 0 0 0 1 0 0 0 0 0 0
images/cooling_tower/0270_75788323.jpg 0 0 0 1 0 0 1 0 0 0 0 0 0 0 1 0 0 0 0 0 0
images/agent/0321_303910617.jpg 0 0 0 0 0 0 0 0 0 0 0 0 0 0 0 0 0 0 1 0 0
images/coast/0239_403900844.jpg 0 1 0 1 0 0 0 0 0 1 0 0 0 0 1 0 1 0 0 1 0
images/spider/0209_555704027.jpg 1 0 0 0 0 0 0 0 0 0 0 0 0 0 0 0 0 0 0 0 0
images/apartments/0482_389274893.jpg 0 0 1 0 0 0 0 0 0 0 0 0 0 0 0 1 0 0 0 0 1
images/camels/0042_2136524046.jpg 1 0 0 0 0 0 0 0 0 0 0 1 0 0 0 0 0 0 0 1 0
images/shade/0085_2182921494.jpg 0 0 0 0 1 0 0 0 0 0 1 0 0 0 0 0 0 0 0 0 0
images/helicopters/0254_78074651.jpg 0 0 0 0 0 1 0 0 0 0 0 0 0 0 0 0 0 0 1 0 1
images/outside/0411_2602984657.jpg 0 0 0 1 0 0 1 0 1 0 0 1 0 0 1 0 1 0 0 1 0
images/basket/0298_489151382.jpg 0 0 0 0 0 1 0 0 0 1 0 0 1 0 0 0 0 0 0 0 0
images/crafts/0473_17201363.jpg 1 0 0 0 0 0 0 0 0 0 0 0 0 0 0 0 0 0 0 0 0
images/hats/0393_2372307289.jpg 0 0 0 0 0 0 0 0 0 1 0 0 0 0 0 0 0 0 0 0 0
images/formula/0073_417297485.jpg 0 0 0 0 0 0 0 0 0 0 0 0 1 0 0 0 0 0 0 0 0
images/helicopter/0450_144433274.jpg 0 0 0 1 0 0 0 0 0 0 0 0 0 0 1 0 0 0 0 0 1
images/golf/0080_192347884.jpg 0 0 1 0 0 1 1 0 0 0 1 1 0 0 1 0 0 0 0 1 0
images/referees/0504_1352446954.jpg 0 0 0 0 0 0 0 0 0 1 0 0 0 0 0 0 0 0 0 0 0
images/ships/0308_1182896103.jpg 0 0 0 1 0 0 1 0 0 0 0 1 0 0 1 0 1 0 0 1 0
images/fog/0342_85844342.jpg 0 0 0 0 0 0 0 0 0 0 0 0 0 0 0 0 0 1 0 1 0
images/power_plant/0396_2106496838.jpg 0 0 0 0 0 0 0 1 0 0 0 0 0 0 0 1 0 0 0 0 0
images/roofs/0048_414896884.jpg 0 0 1 1 0 0 0 0 0 0 0 0 0 0 1 0 0 0 0 0 0
images/fence/0055_2637948507.jpg 0 0 0 1 0 0 1 1 0 0 0 1 0 0 1 0 1 0 0 1 0
images/beach/0284_2247609569.jpg 0 1 0 1 0 0 0 0 1 0 0 0 0 0 1 0 0 0 0 1 0
images/beach/0478_381707815.jpg 0 1 1 0 0 1 0 0 0 0 0 1 0 0 1 0 0 0 0 1 0
images/swimmers/0403_104731782.jpg 0 0 0 1 0 0 1 0 1 0 0 0 0 0 1 0 0 0 0 1 0
images/artillery/0013_101920098.jpg 0 0 0 0 0 0 0 0 0 0 0 0 1 0 1 0 0 0 0 0 0
images/ground/0039_1862332680.jpg 0 0 0 0 0 1 0 0 0 0 0 0 1 0 1 0 0 0 0 0 0
images/sidewalk/0321_2549576140.jpg 0 0 0 0 0 0 1 0 0 0 1 0 0 0 1 0 0 1 0 1 0
images/tanker/0044_127788309.jpg 0 0 0 0 0 0 1 0 1 0 0 0 0 0 1 0 0 0 0 1 0
images/fence/0528_2281946550.jpg 0 0 0 0 0 1 0 0 0 0 1 0 0 0 1 0 1 1 0 0 0
images/saguaro/0589_179910141.jpg 0 0 0 0 0 1 0 0 0 0 1 0 0 0 1 0 0 0 0 0 0
images/fence/0261_2103402226.jpg 0 0 0 1 0 1 0 1 0 0 0 0 1 0 1 0 0 0 0 0 0
images/bush/0314_1576816889.jpg 0 0 0 1 0 1 1 0 0 0 1 0 0 0 1 0 0 1 0 0 0
images/food/0464_455876394.jpg 0 0 0 0 0 0 0 0 0 0 0 0 0 0 0 0 0 0 0 1 0
images/bus/0549_499286083.jpg 0 0 0 0 0 0 0 0 0 0 0 0 0 0 0 0 0 0 1 0 0
images/windy/0295_2366349585.jpg 0 0 0 0 0 0 0 0 0 0 0 0 0 0 1 1 0 0 0 0 0
images/stock_market/0425_520513700.jpg 0 0 0 0 0 0 0 0 0 0 0 0 1 0 0 0 0 0 0 0 0
images/hills/0256_2492471876.jpg 0 0 0 1 0 1 0 1 0 0 1 0 0 0 1 0 0 0 0 0 0
images/plants/0517_1365393714.jpg 0 0 0 0 1 0 0 0 0 0 1 0 0 0 0 0 0 0 0 0 0
images/antelope/0462_2554625186.jpg 1 0 0 0 0 1 0 0 0 0 0 0 0 0 1 0 0 0 0 0 0
images/swimmer/0018_510425486.jpg 0 0 0 0 0 0 0 0 0 1 0 0 0 0 1 0 0 0 0 1 0
images/barn/0062_454112063.jpg 0 0 0 0 0 0 0 1 0 0 1 0 0 0 1 0 0 0 0 0 0
images/barracks/0425_524463798.jpg 0 0 0 0 0 0 0 0 0 0 0 1 0 0 0 0 0 1 0 1 0
images/pavilions/0061_334385486.jpg 0 0 1 0 0 0 0 0 0 0 0 0 1 0 0 0 0 0 0 0 0
images/hut/0352_1018811797.jpg 0 0 1 1 0 1 0 0 0 0 0 0 0 0 1 0 0 0 0 1 0
images/radar/0454_803352108.jpg 0 0 0 1 0 0 0 0 0 0 0 0 0 0 1 0 0 0 0 0 1
images/construction_site/0237_2455398536.jpg 0 0 0 1 0 0 0 0 0 0 0 0 0 0 1 0 1 0 0 0 0
images/individual/0267_17074566.jpg 0 0 0 0 0 0 0 0 0 1 0 0 1 0 0 0 0 0 1 0 1
images/gymnastics/0042_214336448.jpg 0 0 0 1 0 0 0 0 0 1 0 0 0 0 1 0 0 0 0 0 0
images/beach/0348_799060876.jpg 0 1 0 1 0 0 1 0 1 0 0 0 0 1 1 0 1 0 0 1 0
images/road/0457_22442762.jpg 0 0 0 0 0 0 0 0 0 0 0 0 1 0 0 1 0 0 0 0 0
images/flood/0088_2037147189.jpg 0 0 0 1 0 0 1 0 0 0 0 1 0 0 1 0 1 0 0 1 0
images/cliff/0514_2179632621.jpg 0 1 0 1 0 0 1 0 1 0 0 0 0 0 1 0 1 0 0 1 0
images/frozen/0456_356877895.jpg 0 0 0 1 0 0 0 0 0 0 0 0 0 0 1 1 0 0 0 0 0
images/cheerleader/0042_81725081.jpg 0 0 0 0 0 1 0 0 0 1 0 0 0 0 0 0 0 0 0 0 0
images/hand/0411_2599406104.jpg 0 0 0 1 0 0 0 0 1 0 0 0 0 0 1 0 1 0 0 1 0
images/sheep/0481_410061539.jpg 0 0 0 1 0 0 0 0 0 0 0 0 0 0 1 0 0 0 0 0 1
images/guard/0009_364582802.jpg 0 0 0 1 0 0 0 0 0 0 0 1 0 0 0 0 0 0 0 1 0
images/un_building/0373_63555805.jpg 0 0 0 0 0 0 0 0 0 0 0 0 1 0 1 0 0 0 0 0 0
images/pavilions/0205_1306298461.jpg 0 0 0 0 1 0 0 0 0 0 0 0 0 0 0 0 0 0 0 0 1
images/rose/0522_2316540110.jpg 0 0 0 0 1 0 0 0 0 0 1 0 0 0 0 0 0 0 0 1 0
images/lake/0019_436191471.jpg 0 0 0 0 0 0 1 0 0 0 0 1 0 0 0 1 0 0 0 1 0
images/storms/0564_2110018074.jpg 0 0 0 1 0 0 0 1 0 0 0 0 0 0 1 1 0 0 0 0 0
images/kauai/0587_1453830249.jpg 0 1 0 1 0 0 1 1 0 0 0 0 0 0 1 0 0 0 0 0 0
images/valleys/0465_258345519.jpg 0 0 0 0 0 1 0 0 0 0 0 0 0 1 0 0 0 0 0 0 0
images/african/0086_644860070.jpg 0 0 0 0 0 0 0 0 0 0 0 0 1 0 0 0 0 0 0 0 0
images/urban_park/0056_2335380169.jpg 0 0 0 0 0 0 0 0 0 0 1 0 0 0 0 0 0 1 0 0 0
images/car_crash/0012_2204512778.jpg 0 0 0 0 0 0 0 0 0 0 0 1 1 0 0 0 0 0 1 1 1
images/rocks/0419_2458445990.jpg 0 1 0 1 0 0 1 0 0 1 0 0 0 1 1 0 0 0 0 1 0
images/basket/0325_2313379919.jpg 0 0 0 0 1 0 0 0 0 0 0 0 0 0 0 0 0 0 0 0 0
images/lake/0510_1892705289.jpg 0 0 0 1 0 0 1 0 1 0 0 0 0 0 1 0 0 0 0 1 0
images/beach/0575_283696398.jpg 0 0 0 0 0 0 1 0 1 0 0 0 0 0 0 0 0 0 0 1 0
images/car_racing/0599_387410283.jpg 0 0 0 1 0 0 0 0 0 0 0 0 1 0 0 1 0 0 0 0 0
images/machine_guns/0455_1464497063.jpg 0 0 0 1 0 0 0 0 0 1 0 0 0 0 0 0 0 0 0 0 0
images/first_lady/0067_405263963.jpg 1 0 0 0 0 0 0 0 0 0 0 0 0 0 0 1 0 0 0 1 0
images/lake/0332_713305971.jpg 0 0 0 0 0 0 1 1 0 0 0 0 0 1 1 1 0 0 0 1 0
images/dock/0204_302766095.jpg 0 0 0 0 0 0 0 0 0 0 0 1 0 0 1 0 1 0 0 1 0
images/tanks/0639_180711655.jpg 0 0 0 1 0 0 0 0 0 1 0 0 1 0 1 0 0 0 1 0 0
images/run/0535_2269384270.jpg 1 1 0 1 0 0 0 0 1 1 0 0 0 0 1 0 0 0 0 0 0
images/angelfish/0445_775537954.jpg 1 0 0 0 0 1 0 0 0 0 0 0 0 0 1 0 0 0 0 0 0
images/clouds/0206_126986134.jpg 0 0 0 1 0 0 0 0 1 0 0 0 0 0 1 0 0 0 0 1 0
images/rocks/0595_288099438.jpg 0 0 0 0 0 0 0 0 0 0 0 1 0 1 1 0 0 0 0 1 0
images/urban_park/0285_2400081485.jpg 0 0 1 0 0 0 0 0 0 0 0 0 0 0 1 0 0 1 0 0 0
images/college/0068_789802218.jpg 0 0 0 0 1 0 0 0 0 0 0 0 0 0 0 0 0 0 0 0 1
images/shops/0209_356636808.jpg 0 0 0 0 0 0 0 0 0 0 0 0 1 0 0 0 0 0 0 0 0
images/island/0587_382901898.jpg 0 1 0 1 0 0 1 0 1 1 0 0 0 0 1 0 1 0 0 1 0
images/barracks/0579_762134716.jpg 0 1 0 1 0 1 0 0 0 0 0 0 0 1 1 0 0 0 0 1 0
images/roof/0441_2605095960.jpg 0 0 1 0 0 0 0 0 0 0 0 0 0 0 1 0 0 0 0 0 0
images/ocean/0100_492460227.jpg 0 0 0 0 0 0 1 0 1 0 0 0 0 0 0 0 0 0 0 1 0
images/islands/0550_2290268561.jpg 0 0 0 1 0 0 1 0 1 0 0 0 0 0 1 0 1 0 0 1 0
images/railroad/0447_545271090.jpg 0 0 0 1 0 0 0 0 0 0 1 0 0 0 1 0 0 0 0 0 0
images/harbor/0344_455750319.jpg 0 0 0 1 0 0 0 0 0 0 0 0 0 0 1 0 1 0 0 1 0
images/sailboats/0432_2562764187.jpg 0 0 0 1 0 0 1 0 0 0 0 1 0 0 1 0 1 0 0 1 0
images/court/0065_819889261.jpg 0 0 0 0 0 1 0 0 0 1 0 0 0 0 0 0 0 0 0 0 0
images/valley/0512_1969036750.jpg 0 0 0 1 0 0 0 0 0 0 0 1 0 0 1 0 0 0 0 1 0
images/lakes/0338_727026414.jpg 0 0 0 0 0 0 1 0 0 0 0 1 0 1 1 0 0 0 0 1 0
images/guest/0533_218993662.jpg 0 0 0 1 0 1 0 1 0 0 1 0 0 0 1 0 0 0 0 0 1
images/ground_crew/0303_1826252921.jpg 0 0 0 1 0 0 0 0 0 0 1 0 1 0 1 0 0 0 1 0 0
images/oil_field/0512_2387675505.jpg 0 0 0 0 0 0 0 0 1 0 0 0 0 0 1 0 0 0 0 1 0
images/glacier/0496_416444459.jpg 0 0 0 0 0 0 0 1 0 0 0 0 0 0 0 1 0 0 0 0 0
images/bay/0523_2105057093.jpg 0 1 0 0 0 0 1 0 1 0 0 0 0 1 1 0 0 0 0 1 0
images/canyon/0599_299252342.jpg 0 0 0 0 0 0 1 0 0 0 0 0 0 1 0 0 0 0 0 1 0
images/cheerleader/0455_195272986.jpg 0 0 0 0 0 0 0 0 0 1 0 0 0 0 0 0 0 0 0 0 0
images/rockface/0017_2555074114.jpg 0 0 0 1 0 0 0 0 0 0 0 0 0 1 1 0 0 0 0 0 0
images/swimming_pools/0478_2661517818.jpg 0 0 0 0 0 0 0 0 0 0 0 0 0 0 0 0 0 0 0 1 0
images/john_edwards/0099_183054208.jpg 0 0 0 0 0 0 0 0 0 1 0 0 0 0 0 0 0 0 0 0 0
images/dog/0269_119176265.jpg 1 0 0 0 0 0 0 0 0 0 0 0 0 0 0 0 0 0 0 1 0
images/porches/0027_1450951648.jpg 0 0 1 1 0 0 0 0 0 0 0 0 0 0 1 0 0 0 0 0 1
images/albatross/0270_2246363484.jpg 1 0 0 0 0 0 0 0 1 0 0 0 0 0 0 0 0 0 0 0 0
images/tent/0597_1438396341.jpg 0 0 0 1 0 0 0 1 0 0 0 0 0 0 0 0 0 0 0 0 0
images/ship/0486_2611788134.jpg 0 0 0 1 0 0 1 0 1 0 0 0 0 0 1 0 0 0 0 1 0
images/marsh/0345_806425640.jpg 0 0 0 1 0 1 1 0 0 0 0 1 0 0 1 0 1 0 0 1 0
images/parade/0490_2338763376.jpg 0 0 0 0 0 0 0 0 0 1 0 0 0 0 0 0 0 0 0 0 0
images/stems/0346_493885864.jpg 0 0 1 0 0 0 0 0 0 0 0 0 0 0 0 0 0 0 0 0 0
images/bank/0536_2464015916.jpg 0 1 0 1 0 0 1 1 0 0 0 1 0 0 1 0 0 0 0 1 0
images/room/0584_374337200.jpg 0 0 0 0 0 0 0 0 0 0 0 0 0 0 0 0 0 0 0 0 1
images/stems/0313_2550757558.jpg 0 0 0 0 0 0 0 0 0 0 0 0 0 0 1 0 0 1 0 0 0
images/library/0582_2010260345.jpg 0 0 0 1 0 1 0 0 0 0 1 0 0 0 1 0 1 0 0 0 0
images/warehouse/0425_308580450.jpg 0 0 0 0 0 0 0 0 0 0 0 0 0 0 0 0 0 1 0 0 0
images/barge/0390_234541687.jpg 0 0 1 1 0 0 1 0 0 0 0 0 1 0 1 0 0 0 0 1 0
images/houseboat/0346_2211199957.jpg 0 0 0 1 0 0 1 0 0 0 0 0 0 0 1 0 0 0 0 1 0
images/gate/0205_2189605605.jpg 0 0 0 1 0 0 0 1 0 0 0 0 0 0 1 0 0 0 0 0 0
images/rainbow/0376_1353141423.jpg 0 0 0 1 0 0 1 0 0 0 0 0 0 0 1 0 0 0 0 1 0
images/tomb/0441_998088971.jpg 0 0 0 1 0 0 0 0 0 0 0 0 0 0 1 0 0 1 0 0 0
images/ships/0433_2294761452.jpg 0 0 1 1 0 1 0 0 0 0 0 0 0 0 1 0 0 0 0 1 0
images/sports/0474_119614865.jpg 0 0 0 0 0 0 0 0 0 1 0 0 0 0 1 0 0 0 0 0 0
images/harbors/0013_711479551.jpg 0 0 0 1 0 0 1 0 0 0 0 1 0 0 1 0 0 0 0 1 0
images/rockface/0526_263157077.jpg 0 0 0 1 0 0 1 0 1 0 0 0 0 0 1 0 0 0 0 1 0
images/oahu/0422_173109914.jpg 0 0 0 0 1 0 0 0 0 0 1 0 0 0 0 0 0 0 0 0 0
images/valleys/0497_893488562.jpg 0 1 0 1 0 0 1 0 1 0 0 0 0 0 0 0 0 0 0 1 0
images/standing/0203_2284813447.jpg 0 0 0 0 0 0 0 0 0 0 1 0 0 0 1 0 0 1 0 0 0
images/rowboat/0223_1401624382.jpg 0 1 0 0 0 0 0 0 0 0 0 0 0 0 1 0 0 0 0 1 0
images/kauai/0279_63757276.jpg 0 0 0 0 0 0 1 0 1 0 0 0 0 1 0 0 0 0 0 1 0
images/sky/0286_2557241168.jpg 0 0 0 1 0 1 0 0 0 0 0 0 0 0 1 0 0 1 0 0 0
images/standing/0213_2479821526.jpg 0 0 0 0 0 0 0 0 0 0 0 0 0 0 0 0 0 0 0 1 0
images/post/0553_1792501349.jpg 0 0 0 0 0 0 0 0 0 0 0 1 0 0 0 0 0 0 0 0 0
images/den/0559_2433712512.jpg 0 0 0 0 0 0 0 0 0 0 0 0 0 0 0 0 0 0 0 0 1
images/standing/0324_1414264738.jpg 0 0 0 0 0 0 0 0 0 0 1 0 0 0 1 0 0 0 1 0 1
images/car_racing/0529_2557819391.jpg 0 0 0 0 0 1 0 0 0 0 0 0 1 0 0 0 0 0 0 0 1
images/snow/0277_307495127.jpg 0 0 1 0 0 0 0 0 0 0 0 0 0 0 1 1 0 0 0 0 0
images/refugees/0483_1756418311.jpg 0 0 0 0 0 0 0 0 0 1 0 0 0 0 0 0 0 0 0 0 0
images/herd/0277_54556933.jpg 1 0 0 0 0 1 0 0 0 0 1 0 0 0 0 0 0 0 0 0 0
images/plants/0506_2674334690.jpg 0 0 0 0 1 0 0 0 0 0 1 0 0 0 0 0 0 0 0 0 0
images/dancing/0041_177440882.jpg 0 1 0 1 0 0 0 0 1 1 0 0 0 0 0 0 0 0 0 0 0
images/harvest/0401_259487803.jpg 0 0 0 0 0 0 1 0 0 0 1 0 0 0 0 0 0 0 0 0 0
images/empire_state/0063_2292090976.jpg 0 0 0 0 0 0 0 0 0 0 0 0 0 0 1 0 0 0 0 0 1
images/cars/0548_373623319.jpg 0 0 0 1 0 0 0 0 0 0 0 0 0 0 1 0 0 0 1 0 0
images/bicycles/0498_295729960.jpg 0 1 0 1 0 0 1 0 1 0 0 0 0 0 1 0 0 0 0 0 0
images/plane/0229_61739274.jpg 0 1 0 0 0 0 0 0 1 0 0 0 0 0 0 0 0 0 0 0 0
images/lighthouse/0534_2053288328.jpg 0 0 0 1 0 0 0 0 0 0 1 0 0 0 1 0 1 0 0 0 0
images/poppies/0357_145008983.jpg 0 0 0 0 1 1 0 0 0 0 1 0 0 0 0 0 0 0 0 0 0
images/ship/0031_225650297.jpg 0 0 0 1 0 0 0 0 0 0 0 0 0 0 1 0 0 0 1 1 0
images/warehouse/0058_2331467227.jpg 0 0 0 0 0 0 0 0 0 0 0 0 0 0 0 0 0 0 0 1 1
images/stadium/0440_2556254308.jpg 0 0 0 0 0 1 0 1 0 0 0 0 0 0 0 0 0 0 0 0 0
images/elephant/0050_416624212.jpg 1 0 0 0 0 0 1 0 0 0 0 0 0 0 0 0 0 0 0 1 0
images/television_tower/0425_2534012873.jpg 0 0 1 0 0 0 0 0 0 0 0 0 0 0 1 0 0 0 0 0 1
images/dock/0479_2213554535.jpg 0 0 0 0 0 0 1 1 0 0 0 1 0 0 0 0 0 0 0 1 0
images/mountain/0512_1747742908.jpg 0 0 0 1 0 0 0 1 0 0 0 0 0 0 1 0 1 0 0 1 0
images/vineyard/0247_137754678.jpg 0 0 0 1 0 0 0 0 0 0 1 1 0 0 1 1 0 0 0 1 0
images/trees/0006_2762763354.jpg 0 0 0 0 0 0 1 1 0 0 0 0 0 1 0 0 0 0 0 1 0
images/light/0471_36392248.jpg 0 0 1 0 0 0 0 0 0 0 0 0 1 0 1 0 0 0 0 0 0
images/zebra/0576_2395961480.jpg 0 0 0 0 0 0 0 0 0 1 0 1 1 0 0 0 0 0 0 0 0
images/pond/0431_2195498512.jpg 0 0 0 0 1 0 0 0 0 0 1 0 0 0 0 0 0 0 0 1 0
images/remains/0472_2215901919.jpg 0 0 0 0 0 0 0 0 1 1 0 0 0 0 1 0 0 0 0 1 0
images/glacier/0231_2708007227.jpg 0 0 0 1 0 1 1 0 0 0 0 1 0 0 1 0 0 0 0 1 0
images/beach/0040_264768848.jpg 0 1 0 0 0 0 0 0 1 1 0 0 0 0 0 0 1 0 0 1 0
images/pickup_truck/0496_2333564677.jpg 0 0 0 0 0 0 0 0 0 0 0 0 1 0 0 0 0 0 1 0 0
images/prop/0488_378697501.jpg 0 0 0 1 0 0 0 0 0 0 0 0 1 0 1 0 0 0 1 0 0
images/helicopters/0209_2303693932.jpg 0 0 0 1 0 0 0 0 1 0 0 1 0 0 1 0 1 0 0 0 0
images/rice/0481_2631205720.jpg 0 0 0 1 0 1 0 0 0 0 1 1 0 0 1 0 1 0 0 1 0
images/television_tower/0075_274933295.jpg 0 0 1 1 0 0 0 0 0 0 0 0 0 0 1 0 0 0 0 0 0
images/seals/0508_42351226.jpg 0 0 0 1 0 0 0 0 0 0 0 1 0 0 1 0 0 0 0 1 0
images/natural_disasters/0311_124019987.jpg 0 0 0 1 0 0 0 0 1 0 0 0 0 0 0 0 0 0 1 1 1
images/courthouse/0091_2083613109.jpg 0 0 1 1 0 0 0 0 0 0 0 0 0 0 1 1 0 0 0 0 0
images/remains/0447_2432771953.jpg 0 0 1 1 0 1 0 0 0 0 0 0 0 0 0 0 0 0 0 0 1
images/hut/0496_1797244465.jpg 0 0 0 1 0 0 0 0 1 1 0 0 0 0 1 0 0 0 0 1 0
images/turn/0067_155351434.jpg 0 0 0 1 0 0 1 0 0 0 0 0 0 0 0 0 0 0 0 0 0
images/night/0498_14973471.jpg 0 0 0 1 0 0 1 0 1 0 0 0 0 0 1 0 1 0 0 1 0
images/coral/0296_1535540707.jpg 0 0 0 0 0 0 1 0 1 0 0 0 0 1 0 0 0 0 0 1 0
images/designs/0695_278919609.jpg 0 0 1 0 0 0 1 0 1 0 0 0 0 0 0 0 0 0 1 1 0
images/herd/0526_2508560434.jpg 1 0 0 0 0 1 0 0 0 0 0 0 0 0 0 0 0 0 0 0 0
images/coyote/0441_64378665.jpg 1 0 0 0 0 0 0 0 0 0 0 0 0 0 0 0 0 0 0 0 0
images/crowd/0430_2337547071.jpg 0 0 0 0 0 0 0 0 0 1 0 0 0 0 0 0 0 0 0 0 0
images/branch/0561_179676627.jpg 0 0 0 1 0 0 1 0 0 0 0 1 0 0 1 0 0 0 0 1 0
images/office_building/0681_2218766973.jpg 0 0 1 0 0 0 0 0 0 0 0 0 0 0 1 0 0 0 1 0 1
images/mast/0520_2702340835.jpg 0 0 0 1 0 0 0 0 1 0 0 0 0 0 1 0 0 0 0 1 0
images/tracks/0557_93786640.jpg 0 0 0 0 0 0 0 0 0 1 0 0 0 0 0 0 0 0 0 0 0
images/grassland/0276_2370428896.jpg 0 0 0 1 0 0 0 0 0 0 0 0 0 0 0 0 0 0 0 0 0
images/flags/0092_143955818.jpg 0 0 1 0 0 0 0 0 0 0 0 0 0 0 0 0 0 0 0 0 0
images/sidewalks/0560_2682470731.jpg 1 0 0 0 0 0 0 0 0 0 0 0 0 0 0 0 0 0 1 0 1
images/college/0042_2588815443.jpg 0 1 0 1 0 0 0 0 0 0 0 1 0 1 1 0 0 0 0 1 0
images/car_racing/0236_133939271.jpg 0 0 0 0 0 0 0 0 0 0 0 0 1 0 0 0 0 0 0 0 0
images/pope/0257_2060409080.jpg 0 0 0 1 0 0 0 0 0 0 0 0 0 0 1 0 0 0 0 0 0
images/single_person/0059_438717788.jpg 0 0 0 0 0 0 0 0 0 1 0 0 0 0 0 0 0 0 0 0 0
images/moss/0447_2699651980.jpg 0 0 0 0 0 0 0 0 0 0 1 0 0 1 0 0 0 0 0 1 0
images/raft/0012_160848153.jpg 0 0 0 1 0 0 0 0 1 0 0 0 0 0 1 0 1 0 0 1 0
images/needles/0267_2125035575.jpg 0 0 0 0 0 0 0 0 0 0 0 0 0 0 0 1 0 0 0 0 0
images/waterways/0495_1570026303.jpg 0 0 0 1 0 0 0 0 1 0 0 0 0 0 1 0 0 0 0 1 0
images/range/0488_532403965.jpg 0 1 0 1 0 0 1 0 0 0 0 1 0 0 1 0 1 0 0 1 0
images/factory/0074_408187865.jpg 0 0 0 1 0 0 0 0 0 0 0 0 0 0 1 0 0 0 0 0 0
images/toll_booth/0374_1492284853.jpg 0 0 1 0 0 0 0 0 0 0 0 0 0 0 0 0 0 0 0 0 1
images/castle/0578_844327033.jpg 0 0 0 1 0 0 1 0 1 0 0 0 0 0 1 0 0 0 0 1 0
images/oceans/0073_1433957647.jpg 0 0 0 1 0 0 1 0 0 0 0 0 0 0 0 0 0 0 0 1 0
images/coyote/0243_140848353.jpg 1 0 0 0 0 1 0 0 0 0 0 0 0 0 0 0 0 0 0 0 0
images/fly/0503_2458524667.jpg 1 0 0 0 0 0 0 0 0 0 0 0 0 0 0 0 0 0 0 0 0
images/outside/0297_675570688.jpg 0 0 0 0 0 0 0 0 0 1 0 0 0 0 0 0 0 0 0 0 0
images/mule/0055_2427441836.jpg 1 0 0 0 0 1 0 0 0 0 0 0 0 0 0 0 0 0 0 0 0
images/african/0004_455742731.jpg 1 0 0 0 0 0 0 0 0 0 0 0 0 0 0 0 0 0 0 0 0
images/aircraft_carrier/0273_1116562874.jpg 0 0 0 0 0 0 0 0 0 0 0 0 1 0 1 0 0 0 0 0 1
images/buildings/0618_473674431.jpg 0 0 1 1 0 1 1 0 0 0 0 0 0 0 0 0 0 0 0 1 0
images/subway_station/0209_172661367.jpg 0 0 0 0 0 0 0 0 0 1 0 0 0 0 1 0 0 0 0 0 1
images/person/0344_383419512.jpg 0 0 0 1 0 0 0 0 1 1 0 0 0 0 1 0 0 0 0 1 0
images/nighttime/0436_2278951346.jpg 0 0 0 0 0 0 0 0 0 0 0 0 0 0 1 0 0 1 0 0 0
images/lighthouse/0487_2349180397.jpg 0 0 1 1 0 0 0 0 0 0 0 0 0 1 1 1 0 0 0 1 1
images/oil_field/0048_2346660470.jpg 0 0 0 1 0 0 0 0 1 0 0 0 0 0 1 0 1 0 0 1 0
images/rapids/0017_82248367.jpg 0 0 0 0 0 0 1 0 0 0 0 0 0 1 0 1 0 0 0 1 0
images/kit/0390_694557329.jpg 0 0 0 1 0 0 1 0 1 0 0 0 0 1 1 0 0 0 0 0 0
images/flight/0047_512621398.jpg 1 0 0 0 0 0 0 0 0 0 0 0 0 0 0 0 0 0 0 0 0
images/freighter/0083_273121516.jpg 0 0 1 1 0 0 1 0 1 0 1 0 0 0 1 0 0 0 0 1 0
images/gym/0553_467822106.jpg 0 0 0 0 0 0 0 0 0 0 0 0 0 0 0 0 0 0 0 0 1
images/wood/0303_2652916097.jpg 1 0 0 0 0 1 0 0 0 0 0 0 0 0 0 0 0 0 0 0 0
images/canal/0526_1602748950.jpg 0 0 0 0 0 0 0 0 1 0 0 0 0 0 0 0 0 0 0 1 0
images/rockface/0334_264366477.jpg 0 0 0 0 0 0 1 1 0 0 0 1 0 1 1 0 0 0 0 1 0
images/mule/0268_2316988364.jpg 0 0 0 1 0 1 0 1 0 0 0 0 0 0 1 0 0 0 0 0 0
images/rowboat/0594_335760521.jpg 0 0 0 0 0 0 0 0 0 0 0 1 0 0 0 0 0 0 0 1 0
images/construction_worker/0638_255765113.jpg 0 0 0 0 0 1 0 0 0 0 0 0 0 0 1 0 0 0 1 0 0
images/houseboat/0334_172141291.jpg 0 0 0 1 0 0 0 0 0 1 0 0 0 0 0 0 0 0 0 1 0
images/greenhouse/0273_1222383170.jpg 0 0 0 0 1 0 0 0 0 0 1 0 0 0 0 0 0 0 0 0 0
images/frost/0044_377399365.jpg 0 0 0 1 0 0 1 0 0 0 0 0 0 0 1 1 1 0 0 1 0
images/ditch/0032_2163731010.jpg 0 0 0 1 0 1 0 1 0 0 0 0 1 0 1 0 0 0 0 0 0
images/underpass/0462_81508581.jpg 0 0 0 0 0 0 0 0 0 0 0 0 0 0 0 0 0 0 0 0 1
images/bridges/0285_2522109608.jpg 0 0 1 1 0 0 0 0 0 0 0 1 0 0 0 0 0 0 0 0 0
images/maui/0583_2211660728.jpg 0 0 0 0 0 0 0 0 0 0 0 0 0 0 1 0 1 1 0 0 0
images/tracks/0498_384823249.jpg 0 0 0 1 0 0 0 0 0 0 0 0 0 0 1 1 0 1 0 0 0
images/fog/0329_297694525.jpg 0 0 0 0 0 0 0 0 0 0 1 0 0 0 1 0 0 1 0 0 0
images/sunglasses/0064_2432111675.jpg 0 0 0 0 0 0 0 0 0 1 0 0 0 0 0 0 0 0 0 0 0
images/island/0025_238262224.jpg 0 0 0 0 0 0 1 0 0 0 0 0 0 1 0 0 0 0 0 0 0
images/body_parts/0035_2239134152.jpg 0 1 0 0 0 0 0 0 0 1 0 1 0 0 0 0 0 0 0 1 0
images/conference_room/0586_439407059.jpg 0 0 0 0 0 0 0 0 0 0 0 0 1 0 0 0 0 0 0 0 0
images/grass/0592_565227026.jpg 0 0 0 1 0 1 1 0 0 0 1 1 0 0 1 0 0 0 0 1 0
images/blooms/0212_2607137878.jpg 0 0 0 0 1 0 0 0 0 0 0 0 0 0 0 0 0 0 0 0 0
images/running/0542_1995894556.jpg 1 0 0 0 0 0 0 0 0 0 0 0 1 0 0 0 0 1 0 0 0
images/traffic/0441_453803562.jpg 0 0 0 0 0 0 0 0 0 0 0 0 1 0 1 0 0 0 0 0 0
images/bush/0559_1003434809.jpg 0 0 0 0 0 0 0 0 0 1 0 0 0 0 0 0 0 0 0 0 0
images/throwing/0043_2313421427.jpg 0 1 0 0 0 0 0 0 0 1 0 0 0 0 1 0 0 0 0 1 0
images/house/0557_2291513878.jpg 0 0 1 0 0 0 0 0 0 0 0 0 0 0 0 0 0 0 0 0 0
images/balloons/0205_2465071785.jpg 0 0 0 1 0 0 0 0 0 0 0 0 0 0 1 0 0 0 0 0 0
images/row/0644_2382512268.jpg 0 0 1 0 0 0 0 0 0 0 0 1 0 1 1 0 0 0 0 1 0
images/castle/0486_267685098.jpg 0 0 0 1 0 1 0 0 0 0 1 0 0 0 1 0 0 0 0 0 0
images/storms/0541_2150892403.jpg 0 0 0 1 0 0 0 0 0 0 0 0 0 0 1 0 0 0 0 0 0
images/maui/0455_2356723636.jpg 0 0 0 0 0 0 0 0 1 0 0 0 0 0 0 0 0 0 0 1 0
images/pickup_truck/0560_18600954.jpg 0 0 0 1 0 0 0 0 0 0 0 0 0 0 1 0 0 0 1 0 0
images/insurgents/0414_1468919318.jpg 0 0 0 0 0 1 0 0 0 1 0 0 0 0 0 0 0 0 0 0 0
images/run/0089_1403129392.jpg 0 1 0 1 0 0 0 0 0 1 0 0 0 0 0 0 1 0 0 1 0
images/swimming/0026_28107768.jpg 0 0 0 0 0 0 0 0 0 1 0 0 0 0 0 0 0 0 0 1 0
images/ditch/0231_504170207.jpg 0 0 0 0 0 1 0 0 0 0 1 0 0 0 0 0 0 0 0 1 0
images/lynx/0006_1372792205.jpg 1 0 0 0 0 1 0 0 0 0 0 0 0 0 0 0 0 0 0 0 0
images/scotland/0376_484034850.jpg 0 0 0 1 0 0 0 0 0 0 0 0 0 0 1 0 0 1 0 0 0
images/carpet/0388_1876385210.jpg 0 0 0 0 1 0 0 0 0 0 0 0 0 0 0 0 0 1 0 0 0
images/monument/0577_1749141900.jpg 0 0 1 0 0 0 0 0 0 0 0 0 0 0 1 0 0 0 0 0 0
images/ships/0054_1419389841.jpg 0 0 0 0 0 0 1 0 1 0 0 0 0 0 1 0 0 0 1 1 0
images/gas_station/0557_274134710.jpg 0 0 0 0 0 0 0 0 0 0 0 0 0 0 0 0 0 0 0 0 1
images/tortoise/0085_60103542.jpg 1 0 0 0 0 0 0 0 0 1 0 0 0 0 0 0 0 0 0 0 0
images/nighttime/0585_109160060.jpg 0 0 1 0 0 0 0 0 0 0 0 0 1 0 1 0 0 0 0 0 0
images/white_house/0417_129904461.jpg 0 0 0 0 1 1 0 0 0 0 0 0 1 0 1 0 0 0 0 0 0
images/water_tower/0363_2252222895.jpg 0 0 1 1 0 0 0 0 0 0 0 0 0 0 1 0 0 0 0 0 1
images/african/0015_2320501466.jpg 0 0 0 0 0 0 0 0 0 0 0 0 0 0 0 0 0 1 0 0 0
images/volcano/0458_143096099.jpg 0 0 0 1 0 0 0 1 0 0 0 0 0 0 1 0 0 0 0 0 0
images/indian/0540_216072736.jpg 0 0 0 1 0 0 1 0 1 0 0 1 0 0 1 0 0 0 0 1 0
images/fire_station/0394_449021986.jpg 0 0 0 0 0 0 0 0 0 0 0 0 0 0 0 0 0 0 1 1 0
images/flowers/0599_422997101.jpg 1 0 0 1 1 0 0 0 0 0 0 0 0 0 1 0 0 0 0 0 0
images/locomotive/0418_1120465825.jpg 0 0 0 0 0 1 0 0 0 0 0 0 0 0 0 0 0 0 1 0 0
images/flags/0264_1897575085.jpg 0 0 0 1 0 0 0 0 0 0 0 0 0 0 1 0 0 0 0 0 0
images/oil_field/0587_1139237273.jpg 0 0 0 0 0 0 0 0 0 1 0 0 1 0 0 0 0 0 0 0 0
images/diver/0350_321917319.jpg 1 0 0 0 0 0 0 0 0 0 0 0 0 0 0 0 0 0 0 1 0
images/coyote/0354_1398763169.jpg 1 0 0 0 0 0 0 0 0 0 0 0 0 0 0 1 0 0 0 0 0
images/referees/0350_2489912475.jpg 0 0 0 0 0 0 0 0 0 1 0 0 0 0 0 0 0 0 0 0 0
images/hawaii/0409_985759103.jpg 0 0 0 0 0 0 0 1 0 0 0 0 0 1 1 0 0 0 0 1 0
images/photographers/0599_2234683127.jpg 0 0 0 0 0 0 0 0 0 1 0 0 0 0 0 1 0 0 0 0 0
images/aerial/0355_2339669002.jpg 0 0 1 0 0 0 0 0 0 0 0 0 0 0 0 0 0 0 0 0 0
images/cul-de-sac/0614_2660711876.jpg 0 0 0 0 0 1 0 0 0 0 0 0 0 0 0 0 0 0 0 0 0
images/church/0334_105459817.jpg 0 0 1 1 0 1 0 0 0 0 0 0 0 0 1 0 0 0 0 0 1
images/stick/0435_2686937093.jpg 1 0 0 0 0 0 1 0 0 0 0 0 0 0 0 0 0 0 0 1 0
images/seals/0340_493024531.jpg 0 0 1 1 0 0 1 0 0 0 0 1 0 0 1 0 0 0 0 1 0
images/pickup_truck/0504_2252021976.jpg 0 0 0 0 0 0 0 0 0 0 0 0 1 0 0 0 0 0 1 0 0
images/railroad/0036_314720031.jpg 0 0 0 0 0 0 0 0 0 0 0 0 0 0 0 0 0 0 1 0 0
images/waterways/0516_2228414818.jpg 0 0 1 0 0 0 1 0 0 0 0 0 0 0 0 0 0 0 0 0 0
images/windy/0510_240030089.jpg 0 1 0 1 0 0 1 0 1 0 0 0 0 0 1 0 0 0 0 0 0
images/dress/0032_2093254050.jpg 0 0 0 0 0 0 0 0 1 1 0 0 0 0 0 0 0 0 0 1 0
images/whales/0452_1008818443.jpg 1 0 0 1 0 0 1 0 1 0 0 0 0 0 1 0 0 0 0 1 0
images/empire_state/0240_2574626723.jpg 0 0 1 0 0 0 0 0 0 0 0 0 0 0 1 0 1 0 0 0 0
images/plain/0093_2179872849.jpg 0 0 0 1 0 1 0 0 0 0 1 0 0 0 1 0 0 1 0 0 0
images/factory/0468_1417681178.jpg 0 0 0 0 0 0 0 0 0 0 0 0 0 1 0 0 0 0 0 1 0
images/sheep/0575_1192193613.jpg 1 0 0 0 1 0 0 0 0 0 0 0 0 0 0 0 0 0 0 0 0
images/locomotive/0241_2324886989.jpg 0 0 0 0 0 0 0 0 0 0 0 0 0 0 1 0 0 0 1 0 1
images/embassy/0337_1204532520.jpg 0 0 0 0 0 0 0 0 0 0 0 0 0 0 0 0 0 0 1 0 1
images/empire_state/0278_2075186397.jpg 0 0 1 1 0 0 0 0 0 0 0 1 0 0 1 0 0 0 0 1 0
images/throwing/0416_240829500.jpg 0 0 0 1 0 0 1 1 0 0 0 0 0 0 1 0 0 0 0 1 0
images/canoe/0368_2220175470.jpg 0 0 0 1 0 0 1 0 0 0 0 1 0 0 1 0 0 0 0 1 0
images/cathedral/0397_2426600542.jpg 0 0 0 0 0 0 0 0 0 0 0 1 0 0 0 0 0 0 0 0 0
images/football/0277_1381630497.jpg 0 0 0 0 0 1 0 0 0 0 0 0 0 0 1 0 0 0 0 0 0
images/golf_course/0583_2155904564.jpg 0 0 0 0 0 0 0 0 0 0 0 0 0 0 1 1 0 1 0 0 0
images/palm/0255_2298128664.jpg 0 0 0 0 0 0 1 0 0 0 1 0 0 0 0 0 0 0 0 0 0
images/reptile/0350_45378103.jpg 1 0 0 0 0 0 0 0 0 0 0 0 0 0 0 0 0 0 0 0 0
images/angelfish/0560_15921574.jpg 1 0 0 0 0 0 0 0 0 0 0 0 0 0 0 0 0 0 0 1 0
images/bridge/0076_889586220.jpg 0 0 0 1 0 0 0 0 0 0 0 0 0 0 1 0 0 0 0 1 0
images/trail/0294_163572563.jpg 0 0 0 0 0 1 0 0 0 0 0 0 1 0 0 0 0 1 0 0 0
images/frozen/0401_2192522165.jpg 0 0 0 0 0 0 0 0 0 0 0 0 0 1 0 0 0 0 0 1 0
images/needles/0028_250205348.jpg 0 1 0 1 0 0 1 0 1 0 0 1 0 0 0 0 1 0 0 1 0
images/canal/0573_2401408952.jpg 0 0 0 1 0 1 0 0 0 0 0 0 0 0 1 0 0 0 0 1 0
images/television_tower/0320_2497525069.jpg 0 0 1 0 0 0 0 0 0 0 0 0 0 0 0 0 0 0 0 0 0
images/valleys/0425_2379548272.jpg 0 0 0 1 0 1 0 1 0 0 1 0 0 1 0 1 0 0 0 0 0
images/hu_jintao/0013_307353918.jpg 0 0 0 0 0 0 0 0 0 1 0 0 0 0 1 0 0 0 0 0 0
images/newspapers/0219_2324642227.jpg 0 0 1 0 0 0 0 0 0 0 0 0 0 0 0 0 0 0 1 0 1
images/conference_room/0322_286181095.jpg 0 0 0 0 0 0 0 0 0 1 0 0 0 0 0 0 0 0 0 0 0
images/skiing/0282_2400459685.jpg 0 0 0 0 0 0 0 0 0 0 0 0 0 0 0 1 0 0 0 0 0
images/grass/0567_298416727.jpg 0 0 0 1 0 1 0 0 0 0 0 0 0 0 1 0 0 0 0 0 0
images/railing/0325_2236578339.jpg 0 0 0 0 0 0 0 0 0 1 0 0 0 0 0 0 0 0 0 0 0
images/rocks/0466_347666005.jpg 0 1 0 1 0 0 1 0 1 0 0 1 0 1 1 0 0 0 0 1 0
images/cows/0432_2076072901.jpg 0 1 0 0 0 0 0 0 1 0 0 0 0 0 0 0 0 0 0 1 0
images/calf/0302_79467592.jpg 1 0 0 0 0 0 0 0 0 0 0 0 0 0 0 0 0 0 0 0 0
images/palace/0431_1328039620.jpg 0 0 0 0 0 0 1 0 0 0 0 1 0 0 0 0 0 0 0 1 0
images/windy/0277_2527560584.jpg 0 0 1 1 0 0 0 0 0 0 0 0 0 0 1 0 0 0 0 0 1
images/scotland/0494_2197591501.jpg 0 1 0 0 0 0 1 0 1 0 0 0 0 0 0 0 0 0 0 1 0
images/vehicle/0006_132524658.jpg 0 0 0 0 0 0 0 0 0 0 0 0 0 0 1 0 0 0 1 0 1
images/lawyer/0236_2672401174.jpg 0 0 0 0 0 0 0 0 0 1 0 0 1 0 0 0 0 0 0 0 0
images/coral/0557_459088255.jpg 0 0 0 1 0 0 1 0 1 0 0 1 0 0 1 0 1 0 0 1 0
images/george_bush/0200_139790223.jpg 0 0 0 0 0 0 0 0 0 1 0 0 0 0 0 0 0 0 0 0 0
images/bench/0290_2470281898.jpg 0 0 0 0 0 1 0 0 0 0 0 0 0 0 1 0 0 1 0 0 0
images/hill/0330_2241962299.jpg 0 0 0 1 0 0 0 1 1 0 0 0 0 0 1 0 1 0 0 0 0
images/wolf/0216_2143148569.jpg 1 0 0 0 0 0 0 0 0 0 0 0 0 0 0 1 0 0 0 0 0
images/cliff/0438_130152494.jpg 0 0 0 1 0 0 0 1 0 0 0 0 0 1 1 0 0 0 0 0 0
images/glasses/0353_829562491.jpg 0 0 0 1 0 0 0 0 1 1 0 0 0 0 1 0 0 0 0 0 0
images/close-up/0404_506212349.jpg 0 0 0 0 0 0 0 0 0 0 0 0 0 0 0 0 0 0 0 1 0
images/barn/0251_523177240.jpg 0 0 0 1 0 1 0 0 0 0 1 0 0 0 1 0 1 0 0 0 0
images/ground/0417_440245957.jpg 0 0 0 1 0 0 0 0 0 0 0 0 1 0 1 1 0 0 0 0 0
images/pots/0081_2640656457.jpg 0 0 0 1 0 0 0 0 0 0 0 0 0 0 1 0 0 0 1 0 0
images/golf_course/0085_1407484945.jpg 0 0 0 0 0 1 0 0 0 1 0 0 0 0 0 0 0 0 0 0 0
images/pair/0071_255589221.jpg 0 0 0 1 0 0 0 0 0 0 0 0 0 0 1 0 1 0 0 0 0
images/ice/0084_337135082.jpg 0 0 1 0 0 0 0 0 0 0 0 0 0 0 0 1 0 0 0 0 0
images/herd/0346_2473422563.jpg 1 0 0 0 0 0 0 0 0 1 0 0 0 0 0 0 0 0 0 0 0
images/embassy/0470_172032108.jpg 0 0 1 0 0 0 0 0 0 0 0 0 0 0 0 0 0 0 0 0 0
images/hunter/0466_2220672028.jpg 0 0 0 1 0 0 1 0 1 0 0 0 0 0 1 0 1 0 0 1 0
images/beach/0103_321105293.jpg 0 0 0 1 0 0 0 0 0 0 0 0 0 1 1 0 0 0 0 0 0
images/storms/0595_634433792.jpg 0 0 0 1 0 0 0 0 0 0 0 0 0 0 1 1 1 1 0 0 0
images/kauai/0563_2098792342.jpg 0 0 0 0 0 0 1 1 0 0 0 0 1 1 1 0 0 0 0 1 0
images/power_plant/0482_478289315.jpg 0 0 0 0 0 0 0 0 0 1 0 0 0 0 0 0 0 0 0 0 1
images/apartment_complex/0260_617777433.jpg 0 0 0 0 1 0 0 0 0 0 0 0 0 0 0 0 0 0 0 0 0
images/sidewalks/0216_888998174.jpg 0 0 1 0 0 0 0 0 0 0 0 0 0 0 0 0 0 0 0 0 0
images/calf/0202_2557312281.jpg 1 0 0 0 0 1 0 0 0 0 0 0 0 0 0 0 0 0 0 0 0
images/sitting/0435_2050851612.jpg 0 0 0 0 0 0 0 0 0 1 0 0 0 0 0 0 0 0 0 0 0
images/lily/0334_782930042.jpg 0 0 0 0 1 0 0 0 0 0 1 0 0 0 0 0 0 0 0 0 0
images/lakes/0287_2749818564.jpg 0 0 0 1 0 1 0 1 0 0 0 0 0 0 1 0 0 0 0 0 0
images/ships/0383_2614995559.jpg 0 1 0 1 0 0 1 0 1 0 0 0 0 0 1 0 0 0 0 1 0
images/swimming_pools/0095_234079926.jpg 0 0 0 0 0 0 1 0 1 0 0 0 0 0 0 0 0 1 0 1 0
images/whales/0066_15552966.jpg 1 0 0 0 0 0 1 0 0 0 0 0 0 0 0 0 0 0 0 0 0
images/cell_phones/0318_54173687.jpg 0 0 0 0 0 0 0 0 0 0 0 0 1 0 0 0 0 0 1 0 1
images/pack/0363_42780376.jpg 0 0 0 0 0 0 0 0 0 1 0 0 0 0 0 0 0 0 1 0 1
images/suits/0086_1589031071.jpg 0 1 0 1 0 0 0 0 0 1 0 0 0 0 1 0 0 0 0 1 0
images/politicians/0687_2421622119.jpg 0 0 0 0 0 0 0 0 0 1 0 0 0 0 0 0 0 1 1 0 0
images/islands/0247_335610666.jpg 0 0 0 0 0 0 0 0 0 0 0 0 0 0 1 0 0 0 0 0 0
images/sea/0016_2740513299.jpg 0 0 0 1 0 0 1 0 1 0 0 0 0 0 1 0 0 0 1 1 0
images/airport_terminal/0273_241054151.jpg 0 0 0 1 0 1 0 0 0 0 0 0 0 0 1 0 0 0 0 0 0
images/flowers/0461_238086836.jpg 0 0 0 0 1 0 0 0 0 0 0 0 0 0 0 0 0 0 0 0 0
images/airplane/0290_492530645.jpg 0 0 0 1 0 0 0 0 0 0 0 0 0 0 1 0 0 0 1 0 0
images/office_building/0455_11426082.jpg 0 0 1 1 0 0 0 0 0 0 0 0 0 0 1 0 0 0 0 0 0
images/submarine/0311_280097380.jpg 0 0 0 1 0 0 0 0 0 0 0 0 0 0 1 0 0 0 1 0 0
images/beach/0279_257922241.jpg 0 1 0 0 0 0 0 0 1 0 0 0 0 0 0 0 0 0 0 1 0
images/mast/0292_1752331893.jpg 0 0 0 1 0 0 0 0 0 0 0 0 0 0 1 0 0 0 0 1 0
images/log/0030_440700287.jpg 0 0 0 1 0 0 1 0 1 0 0 1 0 0 1 0 1 0 0 1 0
images/statue/0477_2271855333.jpg 0 0 0 0 1 0 0 0 0 0 1 0 0 0 0 0 0 0 0 0 0
images/formula/0404_1424001199.jpg 0 0 0 0 0 0 0 0 0 0 0 0 0 0 0 0 0 0 1 0 0
images/outdoor/0387_2535726373.jpg 0 0 0 1 0 0 1 0 0 0 0 1 0 0 1 0 1 0 0 1 0
images/vegetation/0355_2051042321.jpg 0 0 0 0 1 0 0 0 0 0 1 0 0 0 0 0 0 0 0 1 0
images/pond/0306_872078426.jpg 0 0 0 1 0 1 1 0 0 0 0 1 0 0 1 0 1 0 0 1 0
images/toll_booth/0440_2381615725.jpg 0 0 0 1 0 0 0 0 0 0 0 0 0 0 0 0 0 0 0 0 0
images/aerial/0037_2498099579.jpg 0 0 0 0 0 0 0 1 1 0 0 0 0 0 1 0 0 0 0 1 0
images/shops/0438_57237975.jpg 0 0 0 1 0 0 0 0 0 1 0 0 1 0 0 0 0 0 1 0 0
images/car_crash/0466_2319464839.jpg 0 0 0 0 0 0 0 0 0 0 0 0 1 0 0 0 0 0 0 0 0
images/river_bank/0471_74280905.jpg 0 0 0 0 0 0 0 0 0 0 1 0 0 0 0 0 0 1 0 1 0
images/field/0363_966946158.jpg 0 0 0 0 0 0 0 1 0 0 0 0 0 1 1 0 0 0 0 0 0
images/tanker/0367_59848773.jpg 0 1 0 0 0 0 0 0 1 0 0 0 0 0 0 0 0 0 0 1 0
images/orchid/0324_2468254033.jpg 0 0 0 0 1 0 0 0 0 0 1 0 0 0 0 0 0 0 0 0 0
images/horizon/0278_463991101.jpg 0 0 0 1 0 0 0 0 0 0 0 0 0 0 1 0 0 0 0 0 0
images/riot/0297_122453576.jpg 0 0 0 0 0 1 0 0 0 1 0 0 0 0 0 0 0 0 0 0 0
images/meadow/0365_184048603.jpg 0 0 0 0 0 1 0 0 0 0 1 0 0 0 0 0 0 0 0 0 0
images/arctic/0383_412655694.jpg 0 0 0 1 0 0 1 0 1 0 0 1 0 0 1 1 0 0 0 1 0
images/path/0509_1524599771.jpg 0 0 0 1 0 1 0 0 0 0 0 0 1 0 1 0 0 1 0 0 0
images/silhouette/0505_61280258.jpg 0 1 0 0 0 0 1 0 0 1 0 1 0 0 1 0 1 0 0 1 0
images/cliff/0242_2335462421.jpg 0 1 0 0 0 0 0 0 0 0 0 0 0 0 0 0 0 0 0 0 0
images/tulip/0342_657884442.jpg 0 0 0 0 1 0 0 0 0 0 1 0 0 0 0 0 0 0 0 0 0
images/urban_park/0426_148487131.jpg 0 0 0 0 1 0 0 0 0 0 0 0 0 0 0 0 0 1 0 0 0
images/rocks/0265_241399473.jpg 0 1 0 1 0 0 1 1 0 0 0 0 0 1 1 0 0 0 0 1 0
images/anemone/0057_2424912155.jpg 0 0 0 0 1 0 0 0 0 0 1 0 0 0 0 0 0 0 0 0 0
images/machine_guns/0331_2463342067.jpg 0 0 0 0 0 1 0 0 0 0 0 0 1 0 1 0 0 0 0 0 0
images/river_bank/0520_513323011.jpg 0 0 0 1 0 0 0 0 0 0 0 0 0 0 1 0 0 0 0 1 0
images/standing/0305_1688999860.jpg 0 0 0 0 0 1 0 0 0 1 0 0 1 0 1 0 0 0 0 0 0
images/tanker/0337_571806123.jpg 0 0 0 0 0 0 0 0 0 0 0 0 0 0 1 0 0 0 1 0 0
images/roof/0457_408445709.jpg 0 0 1 1 0 0 0 0 0 0 0 0 0 0 1 1 0 0 0 0 1
images/run/0332_2458961757.jpg 0 0 0 1 0 0 1 0 0 0 0 1 0 0 1 0 1 0 0 1 0
images/photographers/0223_2557865809.jpg 0 0 0 0 0 0 0 0 0 0 0 0 0 0 0 0 0 0 0 1 0
images/clearing/0207_2575713249.jpg 0 0 0 0 1 0 0 0 0 0 0 0 0 0 0 0 0 0 0 0 0
images/kit/0528_2339358136.jpg 1 0 0 0 0 0 0 0 0 0 0 0 0 0 0 0 0 0 0 0 0
images/lichen/0312_151790589.jpg 0 0 0 0 0 0 0 0 0 0 1 0 0 0 0 0 0 0 0 0 0
images/apartments/0466_370619157.jpg 0 0 1 0 0 1 0 0 0 0 0 0 0 0 0 0 0 0 0 0 1
images/elk/0405_811106672.jpg 1 0 0 0 0 1 0 0 0 0 0 0 0 0 0 0 0 0 0 0 0
images/golf/0485_2231957474.jpg 0 0 0 1 0 0 0 0 0 0 0 0 0 0 1 1 0 0 0 0 0
images/cheerleader/0026_1583278504.jpg 0 0 0 0 0 0 0 0 0 1 0 0 0 0 1 0 0 0 0 0 0
images/toll_booth/0414_65988788.jpg 0 0 0 0 0 0 0 0 0 0 0 0 1 0 0 0 0 0 0 0 0
images/houseboat/0361_72339550.jpg 0 0 0 0 0 0 1 0 0 1 0 0 0 0 0 0 0 0 0 1 0
images/valleys/0662_2759807473.jpg 0 0 0 0 0 1 0 0 0 0 0 0 0 0 1 0 0 0 0 0 0
images/ice/0341_399876257.jpg 0 0 0 1 0 0 0 1 0 0 0 0 0 1 1 1 0 0 0 0 0
images/trees/0531_512193684.jpg 0 0 0 0 0 0 0 0 0 0 1 0 0 0 0 0 0 1 0 0 0
images/airport_terminal/0333_241052208.jpg 0 0 1 1 0 0 0 0 0 1 0 0 0 0 1 0 0 0 0 0 0
images/landing_craft/0081_2754520032.jpg 0 0 0 1 0 0 1 0 1 0 0 0 0 0 1 0 0 0 1 1 0
images/dresses/0636_2557318915.jpg 0 0 0 0 0 0 0 0 1 1 0 0 0 0 1 0 0 0 0 0 0
images/hospital/0009_364030499.jpg 0 0 0 0 0 0 1 0 0 0 0 0 0 0 1 0 0 0 0 1 0
images/ladder/0395_83270371.jpg 0 0 0 0 0 0 0 0 0 0 0 0 0 0 0 1 0 0 0 0 1
images/waterfalls/0234_2478090328.jpg 0 0 0 0 0 0 0 0 0 0 0 0 0 0 0 0 0 0 0 1 0
images/palm/0414_298780030.jpg 0 0 0 0 0 0 0 0 0 0 0 0 0 0 1 0 0 1 0 1 0
images/bride/0467_956882822.jpg 0 0 0 1 0 0 0 0 0 1 0 0 0 0 1 0 1 1 0 0 0
images/pillar/0232_2311150349.jpg 0 1 0 1 0 0 1 0 1 0 0 0 0 0 1 0 1 0 0 1 0
images/classroom/0353_207256703.jpg 0 0 0 0 0 0 0 0 0 1 0 0 0 0 0 0 0 0 0 0 0
images/designs/0296_478111789.jpg 0 0 0 0 0 0 0 0 0 1 0 0 0 0 0 0 0 0 0 0 0
images/coral/0432_1054652406.jpg 0 0 0 0 0 0 0 0 1 0 0 0 0 0 0 0 0 0 0 0 0
images/rose/0597_199831816.jpg 0 0 0 0 1 0 0 0 0 0 1 0 0 0 0 0 0 0 0 0 0
images/houseboat/0571_876840609.jpg 0 0 0 1 0 0 1 0 0 0 0 0 0 0 1 0 0 0 0 1 0
images/cougar/0237_532937042.jpg 0 0 0 0 0 0 0 0 0 0 0 0 1 0 0 0 0 0 1 0 1
images/fall/0409_1825128436.jpg 0 0 0 1 0 1 1 1 0 0 0 0 0 0 1 1 0 0 0 1 0
images/truck/0022_389237191.jpg 0 0 0 0 0 0 0 0 0 0 0 0 0 0 0 0 0 0 1 0 0
images/waterfalls/0273_200059058.jpg 0 0 0 0 0 0 1 0 0 0 0 0 0 0 1 0 0 1 0 1 0
images/boats/0593_2318524565.jpg 0 0 0 0 0 0 0 0 0 0 0 1 0 0 0 0 0 0 0 1 0
images/raft/0681_2665171571.jpg 0 1 0 0 0 0 0 0 0 1 0 0 0 0 0 0 0 0 0 0 0
images/rocks/0503_527841720.jpg 0 0 0 0 0 0 0 0 0 0 1 0 0 0 0 0 0 1 0 1 0
images/plants/0572_421884856.jpg 0 0 0 1 0 0 1 1 0 0 1 1 0 1 1 0 0 0 0 1 0
images/rapids/0319_75560321.jpg 0 0 0 0 0 0 1 0 0 0 0 0 0 1 1 0 0 0 0 0 0
images/grass/0207_151858079.jpg 0 0 0 1 0 1 0 0 0 0 0 0 0 0 1 0 0 0 0 0 0
images/car_racing/0558_485676513.jpg 0 0 0 0 0 0 0 0 0 0 0 0 1 0 0 0 0 0 1 0 1
images/hills/0254_513384467.jpg 0 1 0 0 0 0 0 0 0 0 0 0 0 0 1 0 0 0 0 1 0
images/sheep/0212_2207541324.jpg 1 0 0 1 0 0 0 0 0 0 0 0 0 0 1 1 1 0 0 1 0
images/rodent/0380_509900585.jpg 1 0 0 0 0 0 0 0 0 0 0 0 0 0 0 0 0 0 0 0 0
images/battleship/0091_2463117056.jpg 0 0 0 0 0 0 1 0 0 0 0 0 0 0 0 0 0 0 0 1 0
images/cooling_tower/0322_1040362480.jpg 0 0 0 1 0 0 0 0 0 0 0 0 0 0 1 0 0 0 0 0 0
images/radar/0569_183708898.jpg 0 0 0 0 0 0 0 0 0 0 0 0 0 0 1 1 0 0 0 0 0
images/clock_tower/0266_827635402.jpg 0 0 1 0 0 0 0 0 0 0 0 0 0 0 0 0 0 0 0 0 0
images/path/0443_2102743878.jpg 0 0 0 1 0 1 1 1 0 0 1 0 1 0 1 0 1 0 0 1 0
images/tanker/0040_2096569105.jpg 0 1 0 1 0 0 1 0 1 0 0 0 0 0 1 0 0 0 0 1 0
images/forest/0389_785241468.jpg 0 0 0 1 0 0 1 0 1 0 1 1 0 0 1 0 0 1 0 1 0
images/swimming/0232_2575158420.jpg 1 0 0 0 0 0 0 0 0 0 0 0 0 0 0 0 0 0 0 1 0
images/waterways/0010_352041745.jpg 0 0 1 0 0 0 0 0 0 0 0 1 0 0 1 0 0 0 0 1 1
images/peacekeepers/0059_516809947.jpg 0 0 0 0 0 0 0 0 0 1 0 0 0 0 0 0 0 0 0 0 0
images/shore/0548_1491226089.jpg 0 1 0 1 0 0 0 0 0 0 0 0 0 0 1 0 0 0 0 1 0
images/hills/0044_148741575.jpg 0 0 0 1 0 0 0 1 0 0 0 0 0 0 1 0 0 0 0 1 0
images/powerlines/0599_2041088105.jpg 0 0 0 1 0 0 1 0 0 0 0 0 0 0 1 0 0 0 0 0 0
images/oahu/0254_366798488.jpg 0 0 0 1 0 0 1 0 1 0 0 0 0 0 0 0 0 0 0 1 0
images/row/0258_2200647322.jpg 0 0 0 0 0 0 0 0 0 0 0 1 0 0 0 0 0 0 0 1 0
images/writing/0303_54529924.jpg 0 0 1 0 1 1 0 0 0 0 0 0 0 0 0 0 0 0 0 0 0
images/train/0368_347747650.jpg 0 0 0 0 0 0 0 0 0 0 0 0 0 0 1 0 0 0 0 0 1
images/palm/0432_471320150.jpg 0 1 0 1 0 0 0 1 0 0 0 0 0 1 1 0 0 0 0 1 0
images/mosques/0528_1499781844.jpg 0 0 0 0 0 0 0 1 0 0 0 0 0 1 1 1 0 0 0 0 0
images/foxhole/0066_347243567.jpg 0 0 0 0 0 0 0 0 0 1 0 0 0 0 0 0 0 0 0 0 0
images/fountain/0571_173497252.jpg 0 0 0 0 0 0 0 1 0 0 0 0 1 0 0 0 0 0 0 1 0
images/penguin/0497_385163152.jpg 1 0 0 0 0 0 0 0 1 0 0 0 0 0 1 1 0 0 0 1 0
images/pagoda/0575_430967915.jpg 0 0 1 1 0 0 0 1 0 0 0 0 0 0 1 0 0 0 0 0 0
images/mural/0292_190546827.jpg 0 0 0 0 0 0 0 0 0 0 0 0 0 0 1 0 0 0 0 0 1
images/architecture/0337_2145630043.jpg 0 0 1 1 0 0 0 0 0 0 0 0 0 0 1 0 0 0 0 0 1
images/run/0238_2235131574.jpg 0 0 0 0 0 0 0 0 0 0 0 0 1 0 0 0 0 1 0 0 0
images/leaf/0611_2386075108.jpg 0 0 0 0 0 0 0 0 0 0 1 0 0 0 0 0 0 1 0 0 0
images/pyramid/0448_356587309.jpg 0 0 1 0 0 0 0 0 0 0 0 0 0 0 1 0 0 0 0 0 0
images/storms/0380_444678086.jpg 0 0 0 1 0 0 0 0 0 0 1 0 0 0 1 0 0 0 0 0 0
images/vehicle/0228_196768904.jpg 0 0 0 0 0 0 0 0 0 0 0 0 1 0 0 0 0 0 1 0 0
images/football/0215_1135242569.jpg 0 0 0 0 0 1 0 0 0 0 0 0 0 0 0 0 0 0 0 0 0
images/grain_elevator/0442_838750587.jpg 0 0 0 1 0 1 0 0 0 0 0 0 1 0 1 0 0 0 0 0 0
images/doorway/0604_221243812.jpg 0 0 1 0 0 0 0 0 0 0 0 0 0 0 0 0 0 0 0 0 1
images/canyon/0338_2535876879.jpg 0 0 1 0 0 0 0 0 0 0 0 0 0 1 0 0 0 0 0 0 0
images/angelfish/0271_178797036.jpg 1 0 0 0 0 0 0 0 0 0 0 0 0 0 0 0 0 0 0 0 0
images/kauai/0377_2117136986.jpg 0 1 0 1 0 0 0 0 1 0 0 0 0 0 1 0 0 0 0 1 0
images/trunk/0227_230419967.jpg 0 0 0 0 0 0 0 0 0 0 1 0 0 0 0 0 0 1 0 0 0
images/clouds/0570_416352128.jpg 0 0 0 1 0 0 0 0 0 0 0 1 0 0 1 0 0 1 0 1 0
images/aircraft_cabin/0009_91957109.jpg 0 0 0 1 0 0 0 0 0 0 0 0 1 0 1 0 0 0 0 0 0
images/plants/0474_130475959.jpg 0 0 0 0 1 0 0 0 0 0 1 0 0 0 0 0 0 0 0 0 0
images/dock/0241_2413132345.jpg 0 0 0 1 0 0 1 0 0 0 0 0 0 0 1 0 1 0 0 1 0
images/silhouette/0582_2303795981.jpg 0 1 0 1 0 0 1 0 0 1 0 0 0 0 1 0 1 0 0 1 0
images/lakes/0204_508389738.jpg 0 0 0 1 0 0 1 0 0 0 0 1 0 0 1 0 0 0 0 1 0
images/bay/0256_68906510.jpg 0 0 0 1 0 0 1 0 1 0 0 0 0 0 1 0 0 0 0 1 0
images/fields/0575_245533798.jpg 0 0 0 1 0 1 0 0 0 0 0 0 0 0 1 0 0 0 0 0 0
images/nest/0509_516726394.jpg 1 0 0 0 0 0 0 0 0 0 0 0 0 0 0 0 0 0 0 0 0
images/police_station/0503_30261119.jpg 0 0 1 0 0 0 0 0 0 0 0 0 0 0 0 0 0 0 0 0 0
images/subway_station/0588_2266109939.jpg 0 0 1 1 0 0 0 0 0 0 0 0 0 0 1 0 0 0 0 0 0
images/machine_guns/0384_532737590.jpg 0 0 0 0 0 0 0 0 0 1 0 0 0 0 0 0 0 0 1 0 1
images/reefs/0212_543077423.jpg 0 1 0 0 0 0 0 0 0 0 0 0 0 0 0 0 0 0 0 0 0
images/toll_booth/0475_575080973.jpg 0 0 0 0 0 1 0 0 0 0 0 0 1 0 1 0 0 0 1 0 0
images/blossoms/0286_2585809125.jpg 0 0 0 0 1 0 0 0 0 0 0 0 0 0 0 0 0 0 0 0 0
images/cooling_tower/0269_2624622998.jpg 0 0 0 1 0 0 0 0 0 0 0 1 0 0 0 0 0 0 0 1 0
images/facade/0342_501372541.jpg 0 0 1 0 0 0 0 0 0 0 0 0 0 0 0 0 0 0 0 0 0
images/weapons/0293_243392630.jpg 0 0 0 0 0 0 0 0 0 0 0 0 1 0 0 0 0 0 0 0 0
images/gate/0400_612566753.jpg 0 0 1 1 0 0 0 0 0 0 0 0 0 0 1 0 0 0 0 0 0
images/stream/0204_2217855288.jpg 0 0 0 0 0 0 0 0 0 0 0 0 0 1 1 0 0 0 0 1 0
images/frozen/0205_2422914307.jpg 0 0 0 0 0 0 0 0 0 0 0 0 0 1 0 1 0 0 0 1 0
images/post/0373_2479496423.jpg 0 0 0 1 0 0 0 0 0 0 0 0 0 0 1 0 0 0 0 0 0
images/interior/0321_2465246167.jpg 0 0 0 0 0 0 0 0 0 0 0 0 0 0 0 0 0 0 0 0 1
images/african/0566_235080091.jpg 0 0 0 0 0 1 0 1 0 0 0 0 0 1 1 0 0 0 0 1 0
images/scientists/0476_229392953.jpg 0 0 0 0 0 0 0 0 0 1 0 0 0 0 1 0 0 0 0 0 0
images/rowboat/0091_642760773.jpg 0 1 0 1 0 0 1 0 1 0 0 0 0 0 1 0 0 0 0 1 0
images/meadow/0357_240538365.jpg 0 0 0 1 0 1 0 1 0 0 1 0 0 1 1 0 1 0 0 0 0
images/roof/0500_2234668867.jpg 0 0 1 0 0 0 0 0 0 0 0 0 0 0 0 0 0 0 0 0 1
images/lion/0552_2720474298.jpg 1 0 0 0 0 0 0 0 0 0 0 1 0 0 0 1 0 0 0 0 0
images/prayer/0237_496780962.jpg 0 0 0 0 0 1 0 1 0 0 0 0 0 0 1 0 0 0 0 0 0
images/mountain/0316_401233005.jpg 0 0 0 1 0 0 0 1 0 0 0 0 0 0 1 0 0 0 0 0 0
images/hangar/0037_1393012591.jpg 0 0 0 0 0 0 0 0 0 1 0 0 0 0 0 0 0 0 0 0 0
images/valleys/0690_1812977013.jpg 0 0 0 0 0 0 0 0 0 0 0 0 0 0 0 0 0 0 1 0 1
images/capital/0219_2463064235.jpg 0 0 0 1 1 1 0 0 0 0 0 0 0 0 1 0 1 0 0 0 0
images/walking/0367_729624338.jpg 0 1 0 1 0 0 0 0 1 1 0 0 0 0 1 0 1 0 0 0 0
images/raft/0446_887514753.jpg 0 0 0 1 0 0 0 0 0 1 0 0 0 0 1 0 0 0 0 0 0
images/grain_elevator/0091_2491556917.jpg 0 0 1 1 0 0 0 0 0 0 0 0 0 0 1 0 0 0 0 0 0
images/bench/0016_58191386.jpg 0 0 0 1 0 0 0 0 0 0 0 0 0 0 0 0 0 1 0 0 0
images/storm/0600_2126131806.jpg 0 0 0 1 0 0 0 0 1 0 0 0 0 1 0 0 0 0 0 1 0
images/buddha/0525_2079501610.jpg 0 0 1 1 0 0 0 0 0 0 0 0 0 0 1 0 0 0 0 0 0
images/tusks/0238_412297969.jpg 1 0 0 0 0 1 0 0 0 0 0 0 0 0 1 0 0 0 0 0 0
images/light/0515_67836879.jpg 0 0 1 1 0 0 1 0 0 0 0 1 0 0 1 0 0 0 0 1 0
images/alley/0020_119803472.jpg 0 0 1 0 0 0 0 0 0 0 0 0 1 0 1 0 0 0 0 0 0
images/earthquake/0360_2525798745.jpg 0 0 0 0 1 0 0 0 0 0 0 0 0 0 1 0 0 0 0 0 0
images/observation_tower/0423_2555055989.jpg 0 1 0 0 0 0 1 0 1 0 0 0 0 0 0 0 0 0 0 0 0
images/fence/0013_451877856.jpg 0 0 0 0 1 1 0 0 0 0 0 0 1 0 1 0 0 0 0 0 0
images/barge/0240_1057438515.jpg 0 0 0 1 0 0 1 0 0 0 0 0 0 0 1 0 0 0 0 1 0
images/leaf/0261_311894589.jpg 0 0 0 0 0 0 0 0 0 0 0 0 0 0 0 0 0 0 0 1 0
images/forest/0233_459822260.jpg 0 0 0 0 0 1 0 0 0 0 1 0 0 0 1 0 0 1 0 0 0
images/cave_inside/0003_1404480696.jpg 0 0 0 0 0 0 0 0 0 0 0 0 0 1 0 0 0 0 0 1 0
images/chrysanthemums/0201_1559460088.jpg 0 0 0 0 1 0 0 0 0 0 0 0 0 0 0 0 0 0 0 0 0
images/horns/0427_2659408307.jpg 1 0 0 0 0 1 0 0 0 0 0 0 0 0 0 0 0 0 0 0 0
images/mist/0593_2350853283.jpg 0 0 0 1 0 0 1 1 0 0 0 1 0 0 1 0 0 0 0 1 0
images/stadium/0537_473931318.jpg 0 0 0 0 0 0 0 0 0 1 0 0 0 0 0 0 0 0 0 0 0
images/natural_disasters/0051_2359191795.jpg 0 0 1 0 0 0 0 0 0 0 0 0 0 0 1 0 0 0 0 1 0
images/outside/0642_1215808650.jpg 0 0 0 0 0 1 0 1 0 0 1 1 0 0 1 0 0 0 0 1 0
images/alley/0056_524790817.jpg 0 0 0 0 0 0 0 0 0 0 0 0 1 0 1 0 0 0 0 0 0
images/lynx/0598_2313916001.jpg 1 0 0 0 0 0 0 0 0 0 0 0 0 0 0 0 0 0 0 0 0
images/grouper/0454_468985545.jpg 1 0 0 0 0 0 0 0 1 1 0 0 0 0 0 0 0 0 0 1 0
images/sports/0483_2433187837.jpg 0 0 0 0 0 0 0 0 0 0 0 0 0 0 1 0 1 0 1 0 0
images/seals/0325_2169454779.jpg 0 0 0 0 0 0 0 0 0 0 0 0 0 1 1 0 0 0 0 1 0
images/machine_guns/0471_1465345190.jpg 0 0 0 0 0 0 0 0 0 1 0 0 0 0 0 0 0 0 0 0 0
images/plaza/0570_2498041886.jpg 0 0 0 0 0 0 0 0 0 1 0 0 0 0 0 0 0 0 1 0 0
images/monument/0274_2468729036.jpg 0 0 0 1 0 0 1 0 0 0 0 1 0 0 0 0 0 0 0 0 0
images/freighter/0212_2325006161.jpg 0 0 0 1 0 0 0 0 0 0 0 0 0 0 1 0 0 0 0 0 0
images/election_campaign/0342_39632062.jpg 0 0 0 0 0 0 0 0 0 1 0 0 0 0 1 0 0 0 0 0 0
images/dog/0585_456999813.jpg 1 0 0 0 0 0 0 0 0 0 0 0 0 0 0 1 0 0 0 0 0
images/skiing/0332_173327805.jpg 0 0 0 1 0 0 0 1 0 0 0 0 0 0 0 1 0 0 0 0 0
images/arch/0479_2341340881.jpg 0 0 0 0 0 0 0 0 0 0 0 0 0 0 0 0 0 1 0 0 0
images/poppies/0506_2576043462.jpg 0 0 0 0 1 0 0 0 0 0 0 0 0 0 1 0 0 0 0 0 0
images/jet/0524_74086390.jpg 0 0 0 0 0 0 0 0 0 0 0 0 0 0 1 0 0 1 0 0 0
images/dancing/0296_2230592200.jpg 0 0 0 1 0 0 1 1 1 0 0 0 0 0 1 1 0 0 0 1 0
images/congressman/0283_435249873.jpg 0 0 0 0 0 0 0 0 0 1 0 0 0 0 0 0 0 0 0 0 0
images/sailboats/0319_1889426726.jpg 0 1 0 1 0 0 1 0 1 0 0 0 0 0 1 0 0 0 0 1 0
images/star/0410_2287556891.jpg 0 0 0 0 1 0 0 0 0 0 1 0 0 0 0 0 0 0 0 0 0
images/skiing/0465_2204748557.jpg 0 0 0 1 0 0 0 0 0 0 0 0 0 0 1 1 1 0 0 0 0
images/cat/0521_1140837195.jpg 1 0 0 0 0 0 0 0 0 0 0 0 0 0 0 0 0 0 0 0 0
images/running/0213_503778397.jpg 1 0 0 0 0 0 0 0 0 0 0 0 0 0 0 1 0 0 0 0 0
images/monument/0225_2304389810.jpg 0 0 1 1 0 0 0 0 0 0 0 0 0 0 1 0 0 0 0 0 0
images/hotel/0405_2456684762.jpg 0 0 0 0 0 0 0 0 0 0 0 1 0 0 1 0 1 1 0 1 0
images/peaks/0428_165898161.jpg 0 0 0 0 0 0 0 0 0 0 1 0 0 0 1 0 0 0 0 0 0
images/driver/0384_2531579317.jpg 0 0 0 0 0 0 0 0 0 0 0 0 1 0 0 0 0 0 1 0 0
images/frozen/0048_917663560.jpg 0 0 0 1 0 0 0 1 0 0 0 0 0 0 1 1 0 0 0 1 0
images/ship/0302_2326431420.jpg 0 0 0 1 0 0 1 0 1 0 0 0 0 0 1 0 0 0 0 1 0
images/elephant/0285_1117142872.jpg 1 0 0 0 0 0 0 0 0 0 0 0 0 0 0 0 0 0 0 1 0
images/scotland/0481_2246327495.jpg 0 0 0 1 0 0 1 1 0 0 0 0 0 0 1 1 0 0 0 0 0
images/slope/0524_91802197.jpg 0 0 1 0 0 0 0 0 0 0 0 0 0 0 1 0 0 0 0 0 0
images/village/0555_349015591.jpg 0 0 0 1 0 0 0 0 0 0 0 0 0 0 1 0 0 0 0 0 0
images/pool/0327_502531937.jpg 0 1 0 1 0 0 0 0 0 1 0 1 0 0 1 0 0 0 0 1 0
images/shopping_mall/0614_419623937.jpg 0 0 0 0 0 0 0 0 0 0 0 0 1 0 0 1 0 0 1 0 0
images/running/0573_403518820.jpg 0 0 0 0 0 0 0 0 1 1 0 0 0 0 0 0 0 0 0 1 0
images/scotland/0387_267912265.jpg 1 0 0 0 0 1 0 0 0 0 1 0 0 0 1 0 0 1 0 0 0
images/hill/0517_2715693311.jpg 0 0 0 1 0 0 1 1 0 0 0 0 0 0 1 0 1 0 0 1 0
images/lighthouse/0340_398059166.jpg 0 0 0 1 0 0 0 0 1 0 0 1 0 0 1 0 1 0 0 1 0
images/person/0365_1636924822.jpg 0 0 0 0 0 0 0 0 0 0 0 0 0 0 0 0 0 1 0 0 0
images/slope/0306_2272556022.jpg 0 0 1 0 0 0 0 0 0 1 0 0 0 0 0 0 0 0 0 0 0
images/anemone/0215_1039064777.jpg 0 0 0 0 1 0 0 0 0 0 0 0 0 0 0 0 0 0 0 0 0
images/harvest/0077_897583092.jpg 0 0 0 1 0 1 0 0 0 0 1 0 0 0 1 0 0 0 0 0 0
images/beards/0290_1342792250.jpg 0 0 0 0 0 0 0 0 0 1 0 0 0 0 0 0 0 0 0 0 0
images/golf_course/0223_472109598.jpg 0 0 0 0 0 0 1 0 0 0 0 0 0 0 1 0 1 0 0 1 0
images/facade/0253_2497400613.jpg 0 0 0 0 0 0 0 0 0 0 0 0 0 0 0 0 0 0 0 0 1
images/marsh/0517_381862220.jpg 0 0 0 1 0 1 1 0 0 0 1 1 0 0 1 0 1 1 0 1 0
images/dancing/0538_2350909884.jpg 0 0 0 0 0 0 0 0 0 1 0 0 0 0 0 0 0 0 0 0 0
images/lighthouse/0558_2364598432.jpg 0 0 0 1 0 1 0 1 0 0 0 0 0 1 1 0 0 0 0 1 0
images/albatross/0277_2254568322.jpg 1 1 0 0 0 0 0 0 1 0 0 0 0 0 0 0 0 0 0 1 0
images/slope/0253_2409963957.jpg 0 0 0 0 0 0 0 1 0 0 0 0 0 1 1 1 0 0 0 0 0
images/arctic/0505_372247105.jpg 0 0 0 1 0 0 1 0 1 0 0 0 0 0 1 0 1 0 0 0 0
images/cathedral/0228_475297370.jpg 0 0 0 1 0 0 0 0 0 0 0 0 0 0 1 0 0 0 0 0 0
images/butterfly/0485_347422519.jpg 1 0 0 0 1 0 0 0 0 0 0 0 0 0 0 0 0 0 0 0 0
images/nighttime/0297_252582852.jpg 0 0 0 1 0 1 0 0 0 0 0 0 1 0 1 0 0 0 0 0 0
images/relief/0325_2054093763.jpg 0 0 0 0 0 1 0 0 0 1 0 0 0 0 0 0 0 0 0 0 0
images/un_building/0358_1431813099.jpg 0 0 1 0 0 0 1 0 0 0 0 0 0 0 1 0 0 0 0 1 0
images/store/0022_2218607951.jpg 0 0 1 1 0 0 0 0 0 0 0 0 0 0 1 0 0 0 0 0 0
images/roofs/0318_2223642787.jpg 0 0 0 1 0 0 0 0 0 0 0 0 0 0 1 1 0 0 0 0 0
images/cows/0550_43899556.jpg 1 0 0 1 0 0 0 0 0 0 0 0 0 0 0 0 0 0 0 0 0
images/business_people/0482_466713963.jpg 0 0 1 1 0 0 0 0 0 0 0 0 0 0 0 0 0 0 0 0 1
images/canyon/0063_513135405.jpg 0 0 0 0 0 0 1 0 0 0 0 1 0 0 1 0 0 0 0 1 0
images/muslims/0257_2344784162.jpg 0 0 0 1 1 1 0 0 0 0 0 0 0 0 1 0 0 0 0 0 0
images/den/0010_2646271109.jpg 0 0 0 0 0 1 0 0 0 0 0 0 0 0 0 0 1 0 0 1 0
images/mushrooms/0510_506198525.jpg 0 0 0 0 0 1 0 0 0 0 0 0 0 0 1 0 0 0 0 0 0
images/glacier/0472_173266692.jpg 0 0 0 1 0 0 1 1 1 0 0 1 0 0 1 0 1 0 0 1 0
images/canal/0248_1448358365.jpg 0 0 1 1 0 0 0 0 0 0 0 0 0 0 0 0 0 0 0 1 0
images/fog/0059_200175908.jpg 0 0 0 0 0 0 0 0 0 0 0 0 0 0 0 0 0 1 0 0 0
images/truck/0452_2380929000.jpg 0 0 0 1 0 0 0 0 0 0 0 0 0 0 1 0 0 0 1 0 1
images/trail/0086_476113013.jpg 0 0 0 0 1 0 0 0 0 0 0 0 0 0 0 0 0 0 0 0 0
images/silhouette/0534_123566266.jpg 0 1 0 1 0 0 0 0 0 0 0 0 0 0 1 0 0 1 0 0 0
images/helicopter/0251_246982296.jpg 0 0 1 1 0 0 0 0 0 0 0 0 0 0 0 0 0 0 0 1 0
images/cruise_liner/0023_50043647.jpg 0 0 0 1 0 0 1 0 0 0 0 0 1 0 0 0 0 0 1 0 1
images/apartments/0477_409277597.jpg 0 0 0 0 0 0 0 0 0 0 0 0 0 0 1 0 0 0 0 0 1
images/pole/0591_73720628.jpg 0 0 0 1 0 0 1 0 0 0 0 1 0 0 1 0 0 0 0 1 0
images/lighthouse/0334_2044978630.jpg 0 0 0 1 0 0 0 0 1 0 0 0 0 1 1 0 0 0 0 1 0
images/caucasians/0035_1270044003.jpg 0 0 0 0 0 0 0 0 0 1 0 0 0 1 1 0 0 0 0 0 0
images/ditch/0202_471664187.jpg 0 0 0 0 0 1 0 0 0 0 0 1 0 0 0 0 0 0 0 1 0
images/swimming_pools/0219_267610088.jpg 0 1 0 1 0 0 1 0 1 0 0 0 0 0 1 0 0 0 0 1 0
images/blooms/0585_2481432644.jpg 0 0 0 0 1 0 0 0 0 0 0 0 0 0 0 0 0 0 0 0 0
images/valleys/0538_74792585.jpg 0 0 0 1 0 0 0 1 1 0 0 0 0 1 1 0 0 0 0 0 0
images/first_lady/0568_820133968.jpg 0 0 0 0 0 0 0 0 0 0 0 0 1 0 0 0 0 0 1 0 1
images/warehouse/0432_2468458647.jpg 0 0 1 1 0 0 0 0 0 0 0 0 0 0 1 0 0 0 0 0 0
images/guard/0049_2518699858.jpg 0 0 0 1 0 0 0 0 0 0 0 0 0 0 1 0 1 0 0 0 0
images/tundra/0584_1526452421.jpg 0 0 0 0 0 0 0 0 0 0 1 0 0 0 0 0 0 0 0 0 0
images/architecture/0438_266398873.jpg 0 0 1 1 0 0 0 0 0 0 0 1 0 0 1 0 0 0 0 1 0
images/phone_booths/0230_402320558.jpg 0 0 1 0 0 0 0 0 0 0 0 0 1 0 0 0 0 0 0 0 0
images/seals/0215_1715388742.jpg 0 1 0 1 0 0 0 0 0 0 0 0 0 0 1 0 0 0 0 1 0
images/car_racing/0447_180263612.jpg 0 0 0 0 0 0 0 0 0 0 0 0 1 0 0 0 0 0 1 0 0
images/construction_site/0324_1229141811.jpg 0 0 0 0 0 0 0 0 0 1 0 0 0 0 0 0 0 0 0 0 0
images/rpg/0296_441923447.jpg 0 0 0 0 0 0 0 0 0 1 0 0 0 0 0 0 0 0 1 0 0
images/maui/0500_1345737112.jpg 0 0 0 1 0 0 0 1 0 0 0 0 0 0 1 0 1 0 0 0 0
images/range/0008_288223345.jpg 0 0 0 1 0 0 0 0 0 0 0 0 0 1 1 0 0 0 0 0 0
images/waves/0367_240377547.jpg 0 1 0 1 0 0 0 0 1 0 0 0 0 0 1 0 0 0 0 1 0
images/car/0433_2669848847.jpg 0 0 0 0 0 0 0 0 0 1 0 0 0 0 0 0 0 0 0 0 0
images/porches/0597_2421504811.jpg 0 0 0 0 1 0 0 0 0 0 0 0 0 0 0 0 0 0 0 0 1
images/weather/0377_519527244.jpg 0 0 0 1 1 0 0 0 0 0 0 0 0 0 0 0 0 0 0 0 0
images/canal/0466_2639624880.jpg 0 0 0 1 0 0 1 0 0 0 0 1 0 0 1 0 0 0 0 1 0
images/trail/0434_76257340.jpg 0 0 0 0 0 0 0 0 0 0 0 0 0 0 1 1 0 1 0 1 0
images/peaks/0315_1351615984.jpg 0 0 0 1 0 0 1 1 1 0 0 1 0 0 1 0 0 0 0 1 0
images/reporters/0217_45007348.jpg 0 0 0 0 0 0 0 0 0 1 0 0 0 0 1 0 0 0 0 0 0
images/tiger/0292_2546592775.jpg 1 0 0 0 0 0 0 0 0 0 0 0 0 0 0 0 0 0 0 0 0
images/moose/0589_419620588.jpg 1 0 0 0 0 0 0 0 0 0 0 0 0 0 0 0 0 0 0 0 0
images/glacier/0550_393542832.jpg 0 0 0 1 0 0 0 1 0 0 0 0 0 0 1 1 0 0 0 1 0
images/balcony/0476_2479250448.jpg 0 0 1 0 0 0 0 0 0 0 0 0 0 0 0 0 0 0 0 0 1
images/dancing/0465_1500071806.jpg 1 0 0 0 1 0 0 0 0 0 0 0 0 0 0 0 0 0 0 0 0
images/horses/0543_2216408017.jpg 1 0 0 0 0 0 0 0 0 0 0 0 0 0 0 0 0 0 0 0 0
images/lakes/0559_2701028486.jpg 0 0 0 1 0 1 0 0 0 0 1 1 0 0 1 0 0 0 0 1 0
images/barn/0284_485040078.jpg 0 0 1 0 0 1 0 0 0 0 0 1 0 0 0 0 0 0 0 0 1
images/waterways/0352_2755189343.jpg 0 0 1 1 0 0 0 0 0 0 0 1 0 0 1 0 0 0 1 1 0
images/facade/0547_2258475290.jpg 0 0 0 0 0 0 0 0 0 0 0 0 0 0 0 0 0 0 0 0 1
images/sails/0453_326394786.jpg 0 0 1 1 0 0 0 0 0 0 0 0 0 0 1 0 1 0 0 1 0
images/outdoor/0386_2494921707.jpg 0 0 0 1 0 0 1 0 0 0 0 1 0 0 1 0 0 0 0 1 0
images/shrine/0455_1447423056.jpg 0 0 0 0 0 1 0 0 0 0 0 0 0 0 0 0 0 0 0 0 0
images/detail/0466_2415319499.jpg 0 0 0 0 1 0 0 0 0 0 0 0 0 0 0 0 0 0 0 0 0
images/kit/0266_1694236900.jpg 0 0 0 0 1 0 0 0 0 0 0 1 0 0 0 0 0 0 0 1 0
images/barge/0255_305668371.jpg 0 0 0 0 0 0 0 0 0 0 0 1 0 0 0 0 0 0 0 1 0
images/pebbles/0449_1354521197.jpg 0 1 0 1 0 0 0 0 0 0 0 0 0 1 1 0 1 0 0 1 0
images/flood/0041_389137712.jpg 0 0 0 0 0 0 0 0 0 0 0 0 0 0 0 0 0 0 0 0 1
images/gate/0448_2433974084.jpg 0 0 0 1 0 1 0 0 0 0 1 0 0 0 1 0 0 0 0 0 0
images/jet/0204_2527256859.jpg 0 0 0 1 0 0 0 0 0 0 0 0 0 0 1 0 0 0 0 0 0
images/beach/0333_478251457.jpg 0 1 0 1 0 0 0 0 1 1 0 0 0 0 0 0 0 0 0 1 0
images/store/0500_2385325692.jpg 0 0 0 0 0 0 0 0 0 0 0 0 1 0 0 0 0 0 0 0 0
images/lake/0550_422338030.jpg 0 0 0 1 0 0 1 0 1 0 0 0 0 1 1 0 1 0 0 1 0
images/hawaii/0260_1242907939.jpg 0 1 0 0 0 0 0 0 0 1 0 0 0 0 0 0 0 0 0 0 0
images/road_block/0289_2747824152.jpg 0 0 0 1 0 0 0 0 0 0 0 0 1 0 1 0 0 0 0 0 0
images/log/0050_525473424.jpg 0 0 0 1 0 1 1 1 0 0 1 1 0 0 1 0 0 0 0 1 0
images/hunter/0294_929170514.jpg 0 1 0 0 0 0 0 0 1 1 0 0 0 0 1 0 0 0 0 1 0
images/oahu/0439_478859563.jpg 0 1 0 1 0 0 1 0 1 0 0 0 0 1 1 0 0 0 0 1 0
images/canal/0543_2271392628.jpg 0 0 0 0 0 1 0 0 0 0 0 1 0 0 0 0 0 1 0 0 0
images/pair/0516_2038432915.jpg 1 0 0 0 0 0 0 0 1 0 0 1 0 0 0 0 0 0 0 1 0
images/buildings/0630_2479915319.jpg 0 0 1 0 0 0 0 0 0 0 0 0 1 0 0 0 0 0 0 0 0
images/boy/0022_535256513.jpg 0 0 0 0 0 1 0 0 0 1 0 0 0 0 0 0 0 0 0 0 0
images/squirrel/0290_313472733.jpg 1 0 0 0 0 0 0 0 0 0 0 0 0 0 0 0 0 0 0 0 0
images/mist/0502_294798727.jpg 0 0 0 1 0 0 0 0 0 0 1 0 0 0 0 0 0 1 0 0 0
images/road_block/0417_2476615495.jpg 0 0 0 0 0 1 0 0 0 0 0 0 1 0 0 0 0 0 1 0 0
images/valleys/0046_298012201.jpg 0 0 0 1 0 1 0 1 0 0 1 0 0 1 1 0 0 0 0 0 0
images/ship/0379_2015277350.jpg 0 0 0 1 0 0 1 0 1 0 0 0 0 0 1 0 0 0 0 1 0
images/castle/0438_2175460048.jpg 0 0 1 1 0 0 0 0 0 0 0 1 0 0 0 0 1 0 0 1 0
images/mist/0398_1853830681.jpg 0 0 0 0 0 0 0 0 0 0 0 0 0 0 0 0 0 1 0 0 0
images/mare/0074_504530450.jpg 0 1 0 0 0 0 1 0 1 0 0 0 0 1 1 0 0 0 0 1 0
images/greeting/0225_2091464957.jpg 1 0 0 0 0 0 0 0 0 0 0 0 1 0 0 0 0 0 0 0 0
images/agent/0347_2137271521.jpg 0 0 1 1 0 0 0 0 0 0 0 0 0 0 0 0 0 0 0 0 0
images/tracks/0099_542318849.jpg 0 0 0 0 0 0 0 0 0 0 0 0 0 0 0 0 0 0 1 0 0
images/cheese/0581_2738428836.jpg 1 0 0 0 0 1 0 1 0 0 0 0 0 1 0 0 0 0 0 0 0
images/frost/0202_286806686.jpg 0 0 0 1 0 0 1 0 0 0 0 0 0 0 0 0 0 0 0 1 1
images/skiing/0370_2538002993.jpg 0 0 0 0 0 0 0 0 0 0 1 0 0 0 1 1 0 0 0 0 0
images/frozen/0066_2382888297.jpg 0 0 0 0 0 0 0 1 0 0 0 1 0 1 1 1 0 0 0 1 0
images/moose/0230_1455907347.jpg 0 0 1 1 0 1 1 0 0 0 0 1 0 1 1 0 0 0 0 0 0
images/apartment_complex/0020_1864181133.jpg 0 0 0 0 0 0 0 0 0 0 0 0 0 0 0 0 0 0 1 0 1
images/aerial/0231_387606054.jpg 0 0 1 1 0 0 0 0 0 0 0 0 0 0 1 0 1 0 0 0 0
images/pickup_truck/0507_2472046225.jpg 0 0 1 0 0 0 0 0 0 0 0 0 1 0 0 0 0 0 0 0 0
images/elephants/0094_508089905.jpg 1 0 0 1 0 1 0 0 0 0 0 0 0 0 1 0 0 0 0 0 0
images/desert/0039_46540213.jpg 0 0 0 1 0 0 0 0 0 0 0 0 0 0 1 0 0 0 0 0 0
images/pups/0234_486816613.jpg 1 0 0 0 0 0 0 0 0 0 0 0 0 0 0 0 0 0 0 0 0
images/mare/0549_2537968429.jpg 0 0 0 0 0 0 1 0 0 0 0 0 0 0 1 0 0 0 0 1 0
images/reptile/0433_2297223658.jpg 1 0 0 0 0 0 0 0 0 0 0 0 0 0 0 0 0 0 0 0 0
images/cubs/0317_48166557.jpg 0 0 0 0 0 1 0 0 0 0 0 0 0 0 0 0 0 0 0 0 0
images/oahu/0389_2247156049.jpg 0 0 0 0 0 0 0 0 1 1 0 0 0 0 0 0 0 0 0 1 0
images/farms/0055_2155172545.jpg 0 0 0 0 0 0 0 0 0 0 0 0 0 0 0 0 0 0 0 0 1
images/river_bank/0345_1778115339.jpg 0 0 0 1 0 0 1 0 0 0 0 1 0 0 1 0 1 0 0 1 0
images/mushrooms/0515_1225499959.jpg 0 1 0 1 0 0 0 0 0 0 0 0 0 1 1 0 0 0 0 1 0
images/tanker/0229_1141939362.jpg 0 0 0 0 0 0 1 0 1 0 0 0 0 0 0 0 0 0 1 1 0
images/hill/0504_2740769624.jpg 0 0 0 0 0 1 0 1 0 0 1 0 0 0 0 0 0 0 0 0 0
images/arctic/0280_2659797053.jpg 0 0 0 0 0 0 0 1 0 0 0 0 0 0 1 1 0 0 0 0 0
images/kauai/0479_1405131600.jpg 0 0 0 1 0 0 1 0 1 0 0 0 0 0 1 0 1 0 0 1 0
images/horizon/0415_2452672524.jpg 0 0 0 1 0 0 0 0 1 0 0 0 0 1 1 0 1 0 0 1 0
images/stems/0567_113273688.jpg 0 0 0 0 1 0 0 0 0 0 1 0 0 0 0 0 0 0 0 0 0
images/balcony/0210_1121614616.jpg 0 0 0 0 0 1 0 0 0 0 0 0 0 0 0 0 0 0 0 0 0
images/observation_tower/0233_125974173.jpg 0 0 1 1 0 0 0 0 0 0 0 0 0 0 1 0 0 0 0 0 0
images/hangar/0221_209851894.jpg 0 0 0 1 0 0 0 0 0 0 0 0 0 1 1 1 0 0 0 0 0
images/fence/0505_2101134910.jpg 0 0 0 1 0 0 0 0 0 0 0 0 0 0 1 1 0 1 0 0 0
images/trunk/0317_2520207065.jpg 0 0 0 0 0 0 0 0 0 0 1 0 0 0 0 0 0 1 0 0 0
images/tanks/0422_480669749.jpg 0 0 0 1 0 0 1 0 1 0 0 0 0 0 1 0 0 0 0 1 0
images/beach/0075_2241655536.jpg 0 1 0 1 0 0 0 0 1 0 0 0 0 0 1 0 0 0 0 1 0
images/swimming_pools/0394_648574499.jpg 0 0 0 0 0 0 0 0 0 1 0 0 0 0 0 0 0 0 0 1 0
images/fawn/0432_2667398163.jpg 1 0 0 0 0 1 0 0 0 0 0 0 0 0 1 0 0 0 0 0 0
images/tundra/0035_286636216.jpg 0 0 0 0 0 0 1 1 0 0 0 0 0 0 0 0 0 0 0 0 0
images/sailboat/0326_126390583.jpg 0 1 0 1 0 0 1 0 1 0 0 0 0 0 1 0 0 0 0 1 0
images/avalanche/0311_2386861739.jpg 0 0 0 0 0 0 0 1 0 0 0 0 0 0 0 1 0 0 0 0 0
images/avalanche/0494_2412067861.jpg 0 0 0 0 0 0 0 0 0 0 0 0 1 1 1 0 0 0 0 0 0
images/garden/0422_531708112.jpg 0 0 0 0 1 0 0 0 0 0 1 0 0 0 0 0 0 0 0 0 0
images/white_house/0054_2400944802.jpg 0 0 0 0 0 0 0 0 0 0 0 0 0 0 1 0 0 0 0 0 0
images/canyon/0010_2129252744.jpg 0 0 0 1 0 0 0 0 0 0 0 0 0 0 1 0 1 0 0 0 0
images/shrubs/0432_2228319608.jpg 0 0 0 0 0 0 0 0 0 0 1 0 0 0 0 0 0 0 0 0 0
images/moon/0218_2161411849.jpg 0 0 0 1 0 0 0 0 1 0 0 0 0 1 1 0 0 0 0 1 0
images/bus/0438_2038638519.jpg 0 0 1 0 0 0 0 0 0 0 0 0 0 0 0 0 0 0 0 0 0
images/child/0014_172269672.jpg 0 0 0 0 0 1 0 0 0 1 0 0 0 0 0 0 0 0 0 0 0
images/helicopters/0499_2450442.jpg 0 0 0 1 0 0 0 0 0 0 0 0 1 0 0 0 0 0 1 0 1
images/road/0361_1853162266.jpg 0 0 0 0 0 0 0 0 0 0 1 0 0 0 0 0 0 1 0 0 0
images/canyon/0042_242616552.jpg 0 0 0 0 1 0 0 0 0 0 1 0 0 0 0 0 0 0 0 0 0
images/hawaii/0523_128533838.jpg 0 0 0 1 0 0 0 0 0 0 0 0 0 0 1 0 0 0 0 1 0
images/lakes/0324_2049978113.jpg 0 0 0 1 0 1 1 0 0 0 0 0 0 0 1 0 1 0 0 1 0
images/land/0375_933662993.jpg 0 0 0 1 0 0 0 1 0 0 0 0 0 0 1 0 0 0 0 0 0
images/backpack/0011_770928557.jpg 1 0 0 1 0 1 0 0 0 0 0 0 0 0 1 0 0 0 0 0 0
images/rainbow/0520_2570791174.jpg 1 0 0 1 0 0 0 0 0 0 0 0 0 0 1 0 0 0 0 0 0
images/lakes/0531_3090284.jpg 0 0 0 0 0 0 1 0 0 0 0 1 0 0 1 0 1 0 0 1 0
images/pole/0506_2342832578.jpg 0 0 0 1 0 0 0 0 0 0 0 0 0 0 1 0 0 0 0 0 0
images/oceans/0453_2363758417.jpg 0 1 0 1 0 0 0 0 1 0 0 0 0 0 1 0 0 0 0 1 0
images/ground/0642_2254900883.jpg 0 0 0 1 0 0 0 0 0 0 0 0 0 0 1 0 1 1 0 0 0
images/donkeys/0439_2284593195.jpg 0 1 0 0 0 0 0 0 0 0 0 0 0 0 1 0 0 0 0 1 0
images/highway/0566_1082609675.jpg 0 0 1 1 0 0 0 0 0 0 0 0 0 0 0 0 0 0 0 0 0
images/cactus/0371_2346269822.jpg 0 0 0 1 0 0 0 0 0 0 0 0 0 0 0 0 0 0 0 0 0
images/tracks/0352_280566032.jpg 0 0 0 1 0 1 0 0 0 0 1 0 0 0 1 0 0 0 0 0 0
images/hill/0097_375435099.jpg 0 0 0 1 0 0 0 0 0 0 0 0 0 0 1 1 0 0 0 0 0
images/stone/0460_2392707256.jpg 0 0 0 1 0 0 1 0 0 0 0 1 0 0 1 0 0 0 0 1 0
images/courthouse/0502_356319737.jpg 0 0 1 1 0 0 0 0 0 0 0 0 0 0 1 0 0 0 0 0 0
images/powerlines/0012_1621506462.jpg 0 0 0 1 0 0 0 0 0 0 0 0 1 0 1 0 0 0 1 0 1
images/flood/0261_2046660306.jpg 0 0 0 1 0 0 1 0 1 0 0 0 0 0 1 0 0 0 0 1 0
images/fox/0347_2109753326.jpg 1 0 0 0 0 0 0 0 0 0 0 0 0 0 0 0 0 0 0 0 0
images/bus/0227_2467222214.jpg 0 0 0 0 1 0 0 0 0 0 0 0 0 0 1 0 0 0 0 0 0
images/chrysanthemums/0335_268710562.jpg 0 0 0 0 1 0 0 0 0 0 0 0 0 0 0 0 0 0 0 0 0
images/pond/0350_536585636.jpg 0 0 0 0 1 0 0 0 0 0 1 0 0 0 0 0 0 0 0 1 0
images/hunter/0402_1294487990.jpg 0 0 0 1 0 0 1 0 1 0 0 1 0 0 0 0 1 0 0 1 0
images/horizon/0585_496055073.jpg 0 1 0 1 0 0 0 0 1 0 0 0 0 1 1 0 0 0 0 1 0
images/buildings/0392_393879324.jpg 0 0 1 1 0 0 0 0 0 0 1 0 0 0 1 0 0 0 0 0 0
images/den/0051_2254037798.jpg 1 0 0 0 0 0 0 0 0 0 0 0 0 0 0 1 0 0 0 0 0
images/vehicle/0427_277763238.jpg 0 0 0 0 0 0 0 0 0 0 0 0 0 0 0 0 0 0 1 0 1
images/plants/0026_455043804.jpg 0 0 0 0 1 1 0 0 0 0 1 0 0 0 0 0 0 0 0 0 0
images/lichen/0549_243724639.jpg 0 0 0 0 0 1 0 0 1 0 0 0 0 1 0 0 0 0 0 1 0
images/frozen/0565_51302179.jpg 0 0 0 0 0 0 0 0 0 0 0 0 0 0 0 0 0 0 0 1 0
images/barge/0554_2038360120.jpg 0 0 0 0 0 0 1 0 0 0 0 1 0 0 1 0 0 0 1 1 0
images/clearing/0005_1902114587.jpg 0 0 0 0 0 1 0 0 0 0 0 0 0 0 0 0 0 1 0 0 0
images/dock/0368_1129202941.jpg 0 0 0 0 0 0 0 0 0 0 1 0 0 0 0 0 0 0 0 1 0
images/mast/0425_2173073296.jpg 0 0 0 1 0 0 1 0 0 0 0 1 0 0 1 0 0 0 0 1 1
images/pair/0475_2037505556.jpg 0 0 0 0 0 0 0 0 0 0 0 1 0 0 1 0 0 0 0 1 0
images/empire_state/0309_882657792.jpg 0 0 1 1 0 0 1 0 0 0 0 1 0 0 1 0 0 0 0 0 0
images/river_bank/0575_2104757784.jpg 0 0 1 1 0 0 1 0 0 0 0 1 0 0 1 0 0 0 0 1 0
images/chrysanthemums/0584_17327420.jpg 0 0 0 0 1 0 0 0 0 0 1 0 0 0 0 0 0 0 0 0 0
images/tanker/0218_2162571867.jpg 0 0 0 1 0 0 0 0 1 0 0 0 0 0 1 0 0 0 0 1 0
images/rice/0355_1533819672.jpg 0 0 0 0 0 1 0 0 0 0 1 0 0 0 0 0 0 0 0 0 0
images/cliff/0388_106686355.jpg 0 0 0 1 0 0 0 1 0 0 1 0 0 0 1 0 0 0 0 1 0
images/airplane/0347_1652568146.jpg 0 0 0 0 0 0 0 0 0 0 0 0 0 0 1 0 0 0 0 0 0
images/drum/0007_1213066131.jpg 0 0 0 0 0 0 0 0 0 1 0 0 0 0 0 0 0 0 0 0 0
images/soldiers/0401_1382373635.jpg 0 0 0 0 0 0 0 0 0 1 0 0 1 0 0 0 0 0 0 0 0
images/cockpit/0086_2588383828.jpg 0 0 1 0 0 0 0 0 0 0 0 0 0 0 0 0 0 0 0 0 0
images/outdoor/0406_484596119.jpg 0 0 0 1 0 0 0 1 0 0 0 0 0 0 1 1 0 0 0 0 0
images/facade/0363_2304970665.jpg 0 0 0 0 0 0 0 0 0 0 0 0 0 0 0 0 0 1 0 0 0
images/aircraft_carrier/0486_407104249.jpg 0 0 0 1 0 0 0 0 0 0 0 0 0 0 1 0 0 0 0 0 0
images/sports/0093_1448092041.jpg 0 0 0 0 0 0 0 0 0 1 0 0 0 0 0 0 0 0 0 0 0
images/sitting/0445_20201652.jpg 0 1 0 0 0 0 0 0 1 0 0 1 0 0 0 0 0 0 0 0 0
images/grass/0384_527623507.jpg 0 0 0 1 0 1 1 0 0 0 1 1 0 0 1 0 1 0 0 1 0
images/canyon/0500_2651587579.jpg 0 1 0 0 0 0 0 0 0 0 0 0 0 1 0 0 0 0 0 0 0
images/driver/0013_2661785242.jpg 0 0 0 0 0 0 0 0 0 1 0 1 0 0 0 0 0 0 0 1 0
images/formation/0385_1474874289.jpg 0 0 0 1 0 0 0 0 0 0 0 0 0 0 1 0 1 0 0 1 0
images/sailboat/0589_1459224520.jpg 0 0 0 1 0 0 1 0 1 0 0 0 0 0 1 0 1 0 0 1 0
images/horizon/0432_411748688.jpg 0 0 0 1 0 0 0 0 0 0 0 0 0 0 1 0 1 0 0 0 0
images/moss/0056_2384795240.jpg 0 0 0 0 1 0 0 0 0 0 1 0 1 0 0 0 0 1 0 0 0
images/marsh/0461_467984212.jpg 0 0 0 0 1 0 0 0 0 0 1 0 0 0 0 0 0 0 0 0 0
images/roofs/0341_2284191829.jpg 0 1 1 0 0 0 1 0 0 0 0 0 0 0 1 0 0 0 0 1 0
images/ice/0550_2141013103.jpg 0 0 0 0 0 0 0 0 0 0 0 0 0 0 0 1 0 0 0 0 0
images/porcupine/0021_265105589.jpg 0 0 0 0 0 0 1 0 0 0 1 0 0 0 1 0 0 0 0 1 0
images/glacier/0209_2746960560.jpg 0 0 0 1 0 0 1 1 0 0 0 1 0 0 1 0 0 0 0 1 0
images/rocks/0455_502119897.jpg 0 0 0 0 0 0 0 0 0 0 0 0 0 0 0 0 0 0 0 1 0
images/bank/0469_379358776.jpg 0 0 0 1 0 0 0 0 0 0 0 0 1 0 1 1 0 0 0 0 0
images/empire_state/0568_68720229.jpg 0 0 1 1 0 0 1 0 1 0 0 0 0 0 1 0 0 0 0 1 0
images/shrubs/0393_493248057.jpg 1 0 0 0 0 0 0 0 0 0 1 0 0 0 0 0 0 0 0 0 0
images/shade/0034_2047251137.jpg 0 0 0 1 0 0 0 0 0 0 1 0 0 0 1 0 0 1 0 0 0
images/swimmer/0456_2163735434.jpg 0 0 0 0 0 0 0 0 0 1 0 0 0 0 0 0 0 0 0 1 0
images/bear/0574_107066613.jpg 0 0 0 0 0 0 0 0 0 1 0 0 0 0 0 0 0 0 0 0 0
images/cave/0416_2314905552.jpg 0 0 0 0 0 0 0 0 0 0 0 0 0 1 0 0 0 0 0 0 0
images/spider/0408_2613252490.jpg 0 0 0 0 0 0 0 0 0 0 0 0 0 0 1 0 0 0 0 1 0
images/fawn/0378_153837761.jpg 1 0 0 0 0 0 0 0 0 0 0 0 0 0 0 0 0 0 0 0 0
images/room/0470_2333392750.jpg 0 0 1 0 0 0 0 0 0 0 0 0 0 0 0 0 0 0 0 0 1
images/hut/0062_1805418526.jpg 0 0 0 0 0 0 0 0 0 0 0 0 1 0 1 0 0 0 0 0 0
images/plaza/0507_2692209071.jpg 0 0 1 1 0 0 0 0 0 0 0 0 1 0 1 0 0 0 0 0 0
images/gas_station/0627_327912137.jpg 0 0 0 0 0 0 0 0 0 0 0 0 1 0 0 0 0 0 0 0 0
images/wolf/0245_2258735309.jpg 1 0 0 0 0 0 0 0 0 0 0 0 0 0 0 1 0 0 0 0 0
images/frost/0561_2206398928.jpg 0 0 0 1 0 0 0 0 0 0 0 0 0 0 1 1 0 0 0 0 0
images/firefighter/0329_1418458103.jpg 0 0 0 0 0 0 0 0 0 1 0 0 1 0 0 0 0 0 0 0 1
images/town/0294_2302210294.jpg 0 0 0 0 0 0 1 0 1 0 0 0 0 0 1 0 0 0 0 1 0
images/facade/0224_2117959316.jpg 0 0 0 1 0 1 0 0 0 0 0 0 0 0 1 0 0 0 0 0 0
images/seals/0207_171144420.jpg 1 0 0 0 0 0 0 0 0 0 0 0 0 0 0 0 0 0 0 1 0
images/row/0231_1269205825.jpg 0 0 1 0 0 0 0 0 0 0 0 0 0 0 0 0 0 0 0 0 1
images/cow/0058_782600579.jpg 1 0 0 0 0 1 0 0 0 0 0 0 0 0 0 0 0 0 0 0 0
images/lakes/0089_1331966293.jpg 0 0 0 1 0 1 0 1 0 0 1 0 0 1 1 0 0 0 0 0 0
images/sunrise/0326_431228757.jpg 0 0 0 1 0 0 0 0 0 0 0 0 0 0 1 0 1 0 0 0 0
images/swimming_pools/0674_279442167.jpg 0 0 0 1 0 0 0 0 1 1 0 0 0 0 0 0 0 0 0 1 0
images/standing/0043_381811691.jpg 0 0 1 0 0 0 0 0 0 0 0 0 0 0 1 0 0 0 0 0 1
images/boats/0048_2649365424.jpg 0 0 1 0 0 0 0 0 0 0 0 1 0 0 1 0 0 0 0 1 0
images/fog/0368_1156234618.jpg 0 0 0 0 0 0 1 1 0 0 0 1 0 1 1 0 0 0 0 1 0
images/baseball/0565_178165839.jpg 0 0 0 1 0 1 0 0 0 0 0 0 0 0 1 0 1 0 0 0 0
images/ships/0510_172068152.jpg 0 1 1 1 0 0 1 0 1 0 0 0 0 0 1 0 0 0 0 1 0
images/road/0601_2315274556.jpg 0 0 0 0 0 0 0 0 0 0 1 0 1 0 1 0 0 0 0 0 0
images/animals/0586_873848457.jpg 1 0 0 0 0 0 0 0 0 0 0 0 0 0 0 0 0 0 0 0 0
images/valleys/0510_83767692.jpg 0 0 0 1 0 0 0 0 0 0 0 0 0 0 1 1 0 0 0 0 0
images/alley/0223_492108438.jpg 0 0 0 1 0 0 0 0 0 0 0 0 1 0 0 0 0 0 0 0 1
images/pavilions/0441_2285347825.jpg 0 0 0 1 0 0 0 0 0 0 0 0 0 0 1 0 0 0 0 0 0
images/valleys/0438_689030093.jpg 0 0 0 1 0 0 0 1 0 0 0 0 0 1 1 1 0 0 0 0 0
images/helicopters/0421_533258859.jpg 0 0 0 1 0 0 0 0 0 0 0 0 1 0 1 0 0 0 1 0 1
images/scotland/0266_2118130438.jpg 0 1 0 1 0 0 1 0 0 0 0 1 0 0 0 0 1 0 0 1 0
images/river/0571_1524839494.jpg 0 1 0 0 0 0 1 0 0 0 0 1 0 0 1 0 0 0 0 1 0
images/grassland/0526_2276621721.jpg 0 0 0 1 0 1 0 0 0 0 1 0 0 0 1 0 0 1 0 0 0
images/post/0218_2704612574.jpg 0 1 0 1 0 0 0 0 1 0 0 0 0 0 1 0 0 0 0 1 0
images/river_bank/0390_338135903.jpg 0 0 0 0 0 0 0 0 0 0 1 0 0 0 0 1 0 1 0 0 0
images/angelfish/0400_2103695914.jpg 1 0 0 0 0 0 0 0 0 0 1 0 0 0 0 0 0 0 0 1 0
images/clearing/0475_511846348.jpg 0 0 0 0 0 0 0 0 0 1 0 1 0 0 0 0 0 0 0 1 0
images/poppies/0054_2400691536.jpg 0 0 0 0 1 0 0 0 0 0 1 0 0 0 0 0 0 0 0 0 0
images/sailboat/0018_779170369.jpg 0 1 0 1 0 0 1 0 1 0 0 0 0 0 1 0 1 0 0 1 0
images/star/0532_1040609110.jpg 0 0 0 0 1 0 0 0 0 0 0 0 0 0 0 0 0 0 0 0 0
images/car_crash/0208_685606695.jpg 0 0 0 0 0 0 0 0 0 0 0 0 1 0 0 0 0 0 0 0 1
images/un_building/0261_61844641.jpg 0 0 0 1 0 0 0 0 0 0 0 0 0 0 1 0 0 0 1 1 0
images/white_house/0321_296373547.jpg 0 0 0 0 0 0 0 0 0 0 0 0 0 0 0 0 0 1 0 0 1
images/old_people/0530_238560578.jpg 0 0 0 0 0 0 0 0 0 1 0 0 1 0 0 0 0 0 0 0 0
images/vegetation/0293_476587404.jpg 0 0 0 1 0 1 0 0 0 0 1 0 0 0 1 0 0 0 0 0 0
images/toll_booth/0253_2378570395.jpg 0 0 0 0 0 0 0 0 0 0 0 0 1 0 0 0 0 0 1 0 1
images/waterways/0273_1393222028.jpg 0 0 1 1 0 0 1 0 0 0 0 0 0 0 1 0 0 0 1 1 1
images/white-tailed/0274_168597578.jpg 1 0 0 0 0 1 0 0 0 0 0 0 0 0 0 0 0 0 0 0 0
images/ocean/0526_134014255.jpg 0 1 0 1 0 0 1 0 1 0 0 0 0 1 1 0 1 0 0 1 0
images/formula/0089_221359246.jpg 0 0 0 0 0 0 0 0 0 0 0 0 1 0 0 0 0 0 0 0 0
images/whales/0314_1471418252.jpg 0 1 0 0 0 0 0 0 1 0 0 0 0 0 0 0 0 0 0 0 0
images/car_racing/0221_290080024.jpg 0 0 0 0 0 0 0 0 0 0 0 0 0 0 0 0 0 0 0 0 1
images/stone/0528_1306165755.jpg 0 0 0 1 0 0 0 0 0 0 0 0 0 0 1 0 0 0 0 0 0
images/land/0498_159472037.jpg 0 0 0 1 0 1 0 0 0 0 1 0 0 0 0 0 0 0 0 0 0
images/canal/0458_579292896.jpg 0 0 0 0 0 1 0 0 0 0 0 0 0 0 0 0 0 0 1 0 1
images/canoe/0085_456322451.jpg 0 0 0 1 0 0 1 0 1 0 0 0 0 0 1 0 0 0 0 1 0
images/horse/0409_1179913793.jpg 1 0 0 1 0 0 0 0 0 0 0 0 0 0 1 0 0 0 0 0 0
images/elephants/0289_196837196.jpg 1 1 0 1 0 0 0 0 1 0 0 0 0 0 1 0 0 0 0 1 0
images/prop/0390_1203774331.jpg 0 0 0 0 0 0 0 0 0 0 0 0 0 0 0 0 0 0 1 0 0
images/windmills/0219_2230798271.jpg 0 0 0 1 0 1 1 0 0 0 0 1 0 0 1 0 0 0 0 1 0
images/pickup_truck/0376_160882402.jpg 0 0 0 0 0 0 0 0 0 1 0 0 0 0 1 0 0 0 0 0 0
images/star/0452_2458560513.jpg 0 0 0 0 1 0 0 0 0 0 1 0 0 0 0 0 0 0 0 0 0
images/john_kerry/0379_16158917.jpg 0 0 0 0 0 0 0 0 0 1 0 0 0 0 0 0 0 0 0 0 0
images/swimming/0084_127829002.jpg 0 1 0 1 0 0 1 0 0 1 0 0 0 0 0 0 0 0 0 1 0
images/grizzly/0098_1579496140.jpg 1 0 0 0 0 1 0 0 0 0 1 0 0 1 0 0 0 0 0 0 0
images/snake/0552_2221099159.jpg 1 0 0 0 0 0 0 0 0 0 0 0 0 0 0 0 0 0 0 0 0
images/flags/0410_399876034.jpg 0 0 0 0 1 0 0 0 0 0 1 0 0 0 0 0 0 0 0 0 0
images/ceremony/0402_2592506479.jpg 0 0 0 0 0 0 0 0 0 1 0 0 0 0 0 0 0 0 0 0 0
images/sidewalks/0005_1423772282.jpg 0 0 0 0 0 0 0 0 0 0 1 0 0 0 0 0 0 0 0 0 0
images/golf_course/0614_2552040941.jpg 0 0 0 0 0 1 0 0 0 0 1 0 0 0 1 0 0 0 0 0 0
images/path/0422_1589102824.jpg 0 0 0 0 0 1 0 0 0 0 1 0 0 0 0 0 0 0 0 0 0
images/caribou/0003_2114207220.jpg 1 0 0 0 0 0 0 0 0 0 0 0 0 0 0 1 0 0 0 0 0
images/boats/0368_2329647206.jpg 0 1 0 0 0 0 0 0 0 0 0 1 0 0 0 0 0 0 0 1 0
images/throwing/0453_2087839801.jpg 0 0 0 0 0 0 0 0 0 1 0 0 0 0 0 0 0 0 0 0 0
images/golf_course/0374_125917445.jpg 0 0 0 1 0 1 1 1 0 0 1 0 0 0 1 0 0 0 0 1 0
images/mushrooms/0214_1547077366.jpg 0 0 0 0 0 1 0 0 0 0 1 0 0 0 0 0 0 0 0 0 0
images/marsh/0330_987658700.jpg 0 0 0 0 0 0 1 0 0 0 1 0 0 0 0 0 0 0 0 1 0
images/canoe/0341_2338074641.jpg 0 0 0 1 0 0 1 0 1 0 0 1 0 0 1 0 1 0 0 1 0
images/outside/0421_2450416396.jpg 0 0 0 0 0 0 0 0 0 0 0 1 0 0 0 0 0 0 0 1 0
images/canoe/0447_1588799854.jpg 0 0 0 1 0 0 1 0 0 0 0 1 0 0 1 0 0 0 0 1 0
images/water_tower/0293_520351217.jpg 0 1 1 1 0 0 0 0 0 0 0 0 0 0 1 0 0 0 0 0 0
images/anemone/0298_2080427198.jpg 0 0 0 0 1 0 0 0 0 0 0 0 0 0 0 0 0 0 0 0 0
images/ships/0012_563026088.jpg 0 0 0 1 0 0 1 0 0 0 0 1 0 0 1 0 0 0 0 1 1
images/cliff/0357_146098961.jpg 0 0 0 1 0 0 1 0 0 0 0 0 0 1 1 0 0 0 0 1 0
images/walking/0300_1309221236.jpg 0 0 0 1 0 0 0 0 1 1 0 0 0 0 1 0 0 0 0 1 0
images/talking/0480_246048575.jpg 0 0 0 0 0 0 0 0 0 1 0 0 0 0 1 0 0 0 0 0 0
images/nighttime/0213_639004239.jpg 0 0 1 0 0 0 0 0 0 0 0 0 1 0 1 0 0 0 0 0 0
images/hut/0360_2708769641.jpg 0 0 0 1 0 0 1 0 1 0 0 0 0 0 1 0 1 0 0 1 0
images/oahu/0536_2244959852.jpg 0 1 0 0 0 0 0 0 0 0 0 0 0 0 1 0 0 0 0 1 0
images/aqueduct/0243_46382003.jpg 0 0 0 0 0 1 0 0 0 0 0 0 0 0 1 0 0 0 0 0 0
images/river/0477_154646454.jpg 0 0 0 1 0 1 0 0 0 0 1 1 0 0 1 0 0 1 0 1 0
images/single_person/0570_1367339421.jpg 0 0 0 0 0 0 0 0 0 1 0 0 0 0 0 0 0 0 0 0 1
images/shell/0575_17979036.jpg 1 0 0 0 0 0 0 0 0 0 0 0 0 0 0 0 0 0 0 0 0
images/horses/0318_494605477.jpg 1 0 0 1 0 0 0 0 0 0 0 0 0 0 1 0 0 0 0 0 0
images/courthouse/0305_2239305623.jpg 0 0 0 0 0 0 0 0 0 0 0 0 0 1 0 1 0 0 0 1 0
images/greenhouse/0077_2294675590.jpg 0 0 0 0 1 0 0 0 0 0 1 0 0 0 0 0 0 0 0 0 0
images/storm/0078_150378020.jpg 0 0 0 1 0 0 0 0 1 0 0 0 0 0 1 0 0 0 0 1 0
images/range/0487_1395831609.jpg 0 0 1 0 0 0 0 0 0 0 0 1 0 0 1 0 0 0 0 0 0
images/canoe/0220_1370700347.jpg 0 0 0 1 0 0 1 0 1 0 0 1 0 0 1 0 0 0 0 1 0
images/run/0421_465792272.jpg 1 1 0 0 0 0 0 0 0 0 0 0 0 0 0 0 0 0 0 0 0
images/fog/0012_376544819.jpg 0 0 0 0 0 1 0 0 0 0 0 0 0 0 1 0 0 1 0 0 0
images/court/0214_2274495866.jpg 0 0 0 1 0 0 0 0 0 0 0 0 0 0 0 0 1 0 0 0 0
images/pillar/0223_69967686.jpg 0 1 0 1 0 0 0 0 0 0 0 0 0 0 1 0 1 0 0 1 0
images/lichen/0489_925166420.jpg 0 0 0 1 0 0 0 0 0 0 0 0 0 0 1 0 0 0 0 0 0
images/suburban/0477_2508520926.jpg 0 0 0 1 0 0 0 0 0 1 0 0 0 0 1 0 0 0 0 0 0
images/ships/0099_351589535.jpg 0 0 0 0 0 0 0 0 0 0 0 1 0 0 1 0 0 0 0 1 0
images/frost/0560_2221547162.jpg 0 0 0 0 0 0 1 0 0 0 0 1 0 0 0 0 0 0 0 1 0
images/hut/0035_8960496.jpg 0 0 0 1 0 0 1 1 0 0 0 1 0 0 1 0 0 0 0 0 0
images/blossoms/0456_707594879.jpg 0 0 0 0 1 1 0 0 0 0 1 0 0 0 0 0 0 0 0 0 0
images/sailboats/0389_30520051.jpg 0 0 0 1 0 0 1 0 1 0 0 0 0 0 1 0 0 0 0 1 0
images/hill/0389_369716833.jpg 0 0 0 1 0 0 1 0 0 0 0 1 0 1 1 0 0 0 0 1 0
images/railroad/0025_115912996.jpg 0 0 0 0 0 0 0 0 0 0 0 0 0 0 1 1 0 0 0 0 0
images/mushrooms/0467_2119866281.jpg 0 0 0 0 0 1 0 0 0 0 1 0 0 0 0 0 0 0 0 0 0
images/shrubs/0469_227769447.jpg 0 0 0 0 0 1 0 0 0 0 0 0 0 0 0 0 0 1 0 0 0
images/tundra/0079_311155857.jpg 0 0 0 1 0 0 0 1 0 0 0 0 0 0 1 0 0 0 0 0 0
images/windows/0045_384718543.jpg 0 0 1 0 0 0 0 0 0 0 0 0 0 0 0 0 0 0 0 0 0
images/pebbles/0279_2044542554.jpg 0 1 0 1 0 0 0 0 1 0 0 0 0 1 1 0 0 0 0 1 0
images/cockpit/0598_121902836.jpg 0 0 1 1 0 0 0 0 0 0 0 0 1 0 0 0 0 0 1 0 0
images/dock/0431_2470469701.jpg 0 0 0 1 0 0 1 0 1 0 0 0 0 0 1 0 1 0 0 1 0
images/lighthouse/0504_2318551032.jpg 0 0 1 1 0 0 0 0 1 0 0 1 0 0 1 0 0 0 0 1 0
images/festival/0491_213513549.jpg 0 0 0 1 0 0 0 0 0 1 0 0 0 0 1 0 0 0 0 0 0
images/hills/0373_2569013425.jpg 0 0 0 0 0 1 0 0 0 0 1 0 0 0 1 0 0 1 0 0 0
images/gate/0352_95415750.jpg 0 0 1 0 0 0 0 0 0 0 0 0 0 0 1 0 0 0 0 1 0
images/skiing/0250_107269759.jpg 0 0 0 0 0 0 0 0 0 0 0 0 0 0 0 1 0 0 0 0 0
images/mule/0381_85506304.jpg 0 1 0 0 0 0 0 0 0 0 0 0 0 0 0 0 0 0 0 1 0
images/path/0587_2059487709.jpg 0 0 0 0 0 0 0 0 0 0 1 0 0 0 0 0 0 0 0 0 0
images/shirt/0391_480103018.jpg 0 0 0 0 0 0 0 0 0 1 0 0 1 0 0 0 0 0 0 0 0
images/camels/0429_27658878.jpg 1 0 0 1 0 0 0 0 0 0 0 0 0 0 1 0 0 0 0 1 0
images/beach/0231_352470821.jpg 0 1 0 1 0 0 0 0 0 0 0 0 0 1 1 0 1 0 0 1 0
images/pups/0364_2249447836.jpg 1 0 0 0 0 0 0 0 0 0 0 0 0 0 0 1 0 0 0 0 0
images/vegetation/0063_505384587.jpg 0 0 0 0 0 0 0 0 0 0 1 0 0 1 0 0 0 0 0 0 0
images/ditch/0594_172710316.jpg 0 0 0 0 0 1 1 0 0 0 0 0 0 0 0 0 0 0 0 0 0
images/slope/0562_143006914.jpg 0 0 0 1 0 0 0 1 0 0 1 0 0 0 1 0 0 0 0 0 0
images/costume/0645_1678253138.jpg 0 0 0 0 0 0 1 0 0 0 0 0 0 0 0 0 0 0 0 0 0
images/trail/0240_2156354228.jpg 0 0 0 0 0 0 0 0 0 0 1 0 1 0 1 1 0 1 0 0 0
images/hill/0597_2678102628.jpg 0 0 0 1 0 1 1 1 1 0 0 1 0 0 1 0 0 0 0 1 0
images/crops/0532_2348266859.jpg 0 0 0 1 0 1 0 0 0 1 0 0 0 0 1 0 0 0 0 0 0
images/pagoda/0212_1573589939.jpg 0 0 0 0 1 0 0 0 0 0 1 0 0 0 0 0 0 0 0 0 0
images/oceans/0215_487084682.jpg 0 0 0 0 0 0 1 0 0 0 0 0 0 0 1 0 1 0 0 1 0
images/glacier/0033_2069804794.jpg 0 0 0 1 0 0 0 1 0 0 1 0 0 0 1 1 0 0 0 0 0
images/oceans/0059_2428586804.jpg 0 0 0 1 0 0 0 0 0 0 0 0 0 0 1 0 0 0 0 1 0
images/architecture/0410_1185158467.jpg 0 0 1 1 0 0 1 0 0 0 0 1 0 0 1 0 0 0 0 1 0
images/avalanche/0007_309369329.jpg 0 0 0 1 0 0 0 0 0 0 0 0 0 0 1 1 0 0 0 0 0
images/soldiers/0315_82032125.jpg 0 0 0 0 0 0 0 0 0 0 0 0 0 0 0 0 0 0 1 0 0
images/whales/0536_344308309.jpg 1 0 0 1 0 0 1 0 1 0 0 0 0 0 0 0 0 0 1 1 0
images/porcupine/0379_2543832815.jpg 0 0 0 0 0 0 0 1 0 0 0 0 0 1 0 0 0 0 0 1 0
images/maui/0315_274250254.jpg 0 0 0 1 0 0 1 0 1 0 0 0 0 0 0 0 0 0 0 1 0
images/building/0029_2205528632.jpg 0 0 1 1 0 0 0 0 0 0 0 0 0 0 0 0 0 0 0 0 0
images/john_edwards/0523_837488281.jpg 0 0 0 0 0 0 0 0 0 1 0 0 0 0 0 0 0 0 0 0 0
images/rocks/0423_2600804345.jpg 0 0 0 1 0 1 1 0 0 0 0 1 0 1 1 0 0 0 0 1 0
images/rowboat/0279_2020623038.jpg 0 0 0 0 0 0 0 0 0 0 0 1 0 0 0 0 0 0 0 1 0
images/frozen/0028_381995293.jpg 0 0 0 1 0 0 1 0 0 0 0 0 0 0 1 0 1 0 0 1 0
images/sports/0229_1103359748.jpg 0 1 0 1 0 0 0 0 0 0 0 0 0 0 1 0 1 0 0 1 0
images/anemone/0466_64436458.jpg 0 0 0 0 1 0 0 0 0 0 0 0 0 0 0 0 0 0 0 0 0
images/clearing/0571_2230171045.jpg 0 0 0 0 0 0 0 0 0 0 1 0 0 0 0 0 0 1 0 0 0
images/weather/0413_2138663218.jpg 0 1 0 1 0 0 1 0 1 0 0 0 0 1 1 0 0 0 0 1 0
images/bazaar/0201_1361243895.jpg 0 0 0 0 0 0 0 0 0 1 0 0 0 0 0 0 0 0 0 0 0
images/vegetation/0211_145730415.jpg 0 0 0 0 1 0 1 0 0 0 1 1 0 0 1 0 0 0 0 1 0
images/person/0356_2504428137.jpg 0 0 0 0 0 1 0 0 0 1 0 0 1 0 0 0 0 0 0 0 0
images/flowers/0470_505688098.jpg 0 0 0 0 1 0 0 0 0 0 0 0 0 0 0 0 0 0 0 0 0
images/ice_skating/0678_2218278275.jpg 0 0 0 0 0 0 1 0 1 0 0 0 0 0 1 0 0 0 0 1 0
images/canyon/0518_1023790613.jpg 0 0 0 1 0 0 0 1 0 1 0 0 0 0 1 0 0 0 0 0 0
images/officers/0627_2313630997.jpg 0 0 0 0 0 0 0 0 0 1 0 0 1 0 0 0 0 0 1 0 0
images/flight/0481_2207833260.jpg 1 0 0 1 0 0 0 0 0 0 0 0 0 0 1 0 0 0 0 0 0
images/albatross/0482_2248552401.jpg 0 0 0 0 0 0 0 0 0 0 0 0 0 0 0 0 0 1 0 0 0
images/monastery/0341_2187785934.jpg 0 0 0 1 0 0 0 1 0 0 0 0 0 1 1 0 0 0 0 0 0
images/grizzly/0466_866724544.jpg 1 0 0 0 0 1 0 0 0 0 0 0 0 0 0 0 0 0 0 0 0
images/slope/0204_2186369823.jpg 0 0 0 0 0 0 0 1 0 0 0 0 0 1 0 1 0 0 0 0 0
images/silhouette/0540_377400137.jpg 0 0 0 1 0 0 0 0 0 0 1 0 0 0 0 0 1 1 0 0 0
images/locomotive/0216_2697017334.jpg 0 0 0 0 0 0 0 1 0 0 0 0 0 1 1 1 0 0 1 0 1
images/antlers/0227_320536625.jpg 1 0 0 0 0 0 0 0 0 0 0 0 0 0 0 1 0 0 0 0 0
images/beach/0460_198737115.jpg 0 0 0 0 0 0 0 0 0 1 0 0 0 0 0 0 0 0 0 1 0
images/vegetables/0043_530714295.jpg 0 0 0 0 1 0 0 0 0 0 1 0 0 0 0 0 0 0 0 0 0
images/freighter/0277_2247792209.jpg 0 0 0 0 0 1 0 0 0 0 0 0 0 1 0 0 0 0 0 0 0
images/village/0560_2143688827.jpg 0 0 1 0 0 0 0 0 0 0 0 0 0 0 1 0 0 0 0 0 1
images/lichen/0337_15751304.jpg 0 0 0 0 1 0 0 0 0 0 0 0 0 1 0 0 0 0 0 0 0
images/forest/0406_2279387052.jpg 0 0 0 0 0 1 0 0 0 0 1 0 0 0 0 0 0 0 0 0 0
images/buildings/0454_248213937.jpg 0 0 1 1 0 0 0 0 0 0 0 0 0 0 1 0 1 0 0 1 0
images/butterfly/0540_1478895401.jpg 1 0 0 0 1 0 0 0 0 0 0 0 0 0 0 0 0 0 0 0 0
images/ground/0490_75144153.jpg 0 0 0 0 0 0 0 0 0 0 0 0 0 1 0 0 0 0 0 0 0
images/rainy/0532_227913289.jpg 0 0 1 1 0 1 0 0 0 0 0 0 0 0 1 0 0 0 0 0 1
images/mosque/0545_346242910.jpg 0 0 1 1 0 0 0 0 0 0 0 0 0 0 1 0 1 0 0 0 0
images/waterways/0341_892085583.jpg 0 0 0 1 0 0 1 0 0 0 0 1 0 0 1 0 0 0 0 1 0
images/leopard/0259_1129554316.jpg 1 0 0 0 0 0 0 0 0 0 0 0 1 0 0 0 0 0 0 0 0
images/horses/0474_1444869497.jpg 1 0 0 0 0 0 1 0 0 0 1 0 0 0 1 0 0 0 0 1 0
images/whales/0380_1426765011.jpg 1 0 0 0 0 0 1 0 1 0 0 0 0 0 1 0 0 0 0 1 0
images/crystals/0512_2208615606.jpg 0 0 0 0 0 0 0 0 0 0 0 0 0 0 0 1 0 0 0 1 0
images/ships/0283_2229221716.jpg 0 0 0 1 0 0 0 0 0 0 0 0 0 0 0 0 0 0 0 1 0
images/shade/0064_1499072032.jpg 0 0 0 1 0 0 0 1 0 0 0 1 0 0 1 0 0 0 0 1 0
images/windmills/0291_2248421886.jpg 0 0 0 1 0 0 1 0 0 0 0 0 0 0 1 0 1 0 0 1 0
images/dust/0047_2192154573.jpg 0 0 0 0 0 0 0 0 1 0 0 0 0 0 1 0 1 0 0 1 0
images/wings/0481_1373222894.jpg 1 0 0 0 0 0 0 0 0 0 0 0 0 0 0 0 0 0 0 0 0
images/cows/0081_2085434113.jpg 1 0 0 1 0 0 0 0 0 0 0 0 0 0 1 0 1 0 0 0 0
images/goat/0556_66803888.jpg 1 0 0 0 0 0 0 0 0 0 0 0 0 0 0 1 0 0 0 0 0
images/pagoda/0093_387814578.jpg 0 0 1 0 0 0 0 0 0 0 0 0 0 0 1 0 0 0 0 0 0
images/valley/0287_443954333.jpg 0 0 0 0 0 0 0 1 0 0 0 0 0 1 1 0 0 0 0 0 0
images/rockface/0499_1392747419.jpg 0 0 0 0 0 0 0 1 0 0 0 0 0 1 0 1 0 0 0 0 0
images/race/0466_456299003.jpg 0 0 0 1 0 0 0 0 0 0 0 0 1 0 1 0 0 0 1 0 1
images/tundra/0563_247097491.jpg 1 0 0 0 0 0 0 0 0 0 0 0 0 0 0 0 0 0 0 0 0
images/harbor/0216_2312295972.jpg 0 1 0 1 0 0 1 0 0 0 0 0 0 0 1 0 0 0 0 0 0
images/flag/0323_1462729934.jpg 0 0 0 1 0 0 0 0 1 0 0 0 0 0 1 0 0 0 0 1 0
images/mist/0558_1808340391.jpg 0 0 0 1 0 0 1 0 0 0 0 0 0 1 1 0 0 0 0 1 0
images/lion/0381_2635586703.jpg 1 0 0 0 0 0 0 0 0 0 0 0 0 0 0 0 0 0 0 0 0
images/moon/0310_406637000.jpg 0 0 0 1 0 0 0 0 0 0 1 0 0 0 1 0 0 1 0 0 0
images/oil_field/0485_2433174524.jpg 0 0 0 1 0 0 0 0 0 0 0 0 0 0 1 0 0 0 0 0 0
images/pups/0596_153645479.jpg 1 0 0 0 0 1 0 0 0 0 0 0 0 0 0 0 0 0 0 0 0
images/canal/0542_1464180559.jpg 0 0 1 0 0 0 0 0 0 0 0 0 0 0 0 0 0 0 1 1 1
images/branch/0083_2173761411.jpg 0 0 0 0 0 0 0 0 0 0 0 1 0 0 0 0 0 0 0 1 0
images/rocks/0260_262612995.jpg 0 0 0 0 0 1 1 0 0 0 1 0 0 1 1 0 0 0 0 1 0
images/chapel/0351_799378538.jpg 0 0 0 1 0 0 0 0 0 0 0 0 0 0 1 0 1 0 0 0 0
images/individual/0543_17364283.jpg 0 0 1 0 0 0 0 0 0 0 0 0 0 0 1 0 0 0 0 0 1
images/powerlines/0511_2469066706.jpg 0 0 0 0 1 0 0 0 0 0 1 0 0 0 1 0 0 1 0 0 0
images/bridge/0027_225901183.jpg 0 0 1 0 0 0 0 1 0 0 0 0 0 0 0 0 0 0 0 1 0
images/boy/0321_1190083977.jpg 0 1 0 0 0 0 0 0 0 1 0 0 0 0 0 1 0 0 0 0 0
images/pebbles/0419_1951284073.jpg 0 1 0 1 0 0 1 0 0 0 0 0 0 0 1 0 0 0 0 0 0
images/shade/0429_2557964315.jpg 1 0 0 0 1 0 0 0 0 0 0 0 0 0 0 0 0 0 0 0 0
images/frozen/0220_2181047905.jpg 0 0 0 1 0 0 1 0 0 0 0 0 0 0 1 0 1 0 0 1 0
images/sailboat/0349_2500534280.jpg 0 0 0 1 0 0 1 0 0 0 0 0 0 0 1 0 0 0 1 1 0
images/rapids/0002_490634964.jpg 0 0 0 0 0 0 1 0 0 0 0 0 0 0 0 0 0 0 0 1 0
images/store/0348_89835444.jpg 0 0 0 0 0 0 0 0 0 1 0 0 0 0 0 0 0 0 0 0 1
images/throwing/0546_215962651.jpg 0 1 0 0 0 0 0 0 0 0 0 0 0 0 1 0 0 0 0 1 0
images/plain/0582_2658720807.jpg 0 0 0 0 0 0 0 0 0 0 0 0 0 0 0 0 0 0 1 0 0
images/pipes/0583_289923569.jpg 0 1 0 1 0 0 0 0 0 0 0 0 0 0 1 0 0 0 0 0 0
images/hawaii/0437_2301725717.jpg 0 0 0 1 0 0 0 0 0 0 0 0 0 0 1 0 0 0 1 0 0
images/range/0505_108851562.jpg 0 1 0 1 0 0 0 0 1 0 0 0 0 0 0 0 1 0 0 0 0
images/ties/0447_432062503.jpg 0 0 0 0 0 0 0 0 0 0 0 0 0 0 0 0 0 0 0 0 1
images/buddha/0056_444679534.jpg 0 0 0 1 0 1 0 0 0 1 0 0 0 0 0 0 0 0 0 0 0
images/cruise_liner/0421_1402845805.jpg 0 0 0 1 0 0 0 0 0 0 0 0 0 0 1 0 0 0 0 1 0
images/aerial/0380_143035163.jpg 0 0 0 1 0 0 0 0 1 0 0 0 0 1 1 0 0 0 0 1 0
images/airplane/0487_66401353.jpg 0 0 0 1 0 0 0 0 0 0 0 0 0 0 1 1 0 0 0 1 0
images/running/0071_416680361.jpg 0 0 0 1 0 0 0 0 0 1 0 0 1 0 1 0 0 0 0 0 0
images/fields/0032_416516906.jpg 0 0 0 1 0 1 0 0 0 0 0 0 0 0 1 0 0 1 0 0 0
images/orchid/0399_2280278756.jpg 0 0 0 0 1 0 0 0 0 0 1 0 0 0 0 0 0 0 0 0 0
images/pebbles/0597_1299411548.jpg 0 0 0 0 0 0 0 0 0 0 0 0 0 1 0 0 0 0 0 0 0
images/canoe/0339_1982279093.jpg 0 1 0 1 0 0 0 0 0 0 0 0 0 0 1 0 0 0 0 1 0
images/penguin/0491_132174537.jpg 1 0 0 0 0 0 0 0 0 0 0 0 0 0 0 0 0 0 0 0 0
images/infants/0463_376624526.jpg 0 0 0 0 0 0 0 0 0 1 0 0 0 0 0 0 0 0 0 0 0
images/toll_booth/0468_240647111.jpg 0 0 0 0 0 0 0 0 0 0 0 0 1 0 0 0 0 0 1 0 1
images/driver/0073_2096749221.jpg 0 0 0 0 0 0 0 0 0 0 0 0 0 0 0 0 0 0 1 0 0
images/car_crash/0239_1354625887.jpg 0 0 0 0 0 0 0 0 0 0 0 0 1 0 0 0 0 0 0 0 0
images/riot/0328_4752568.jpg 0 0 1 1 0 0 0 0 0 1 0 0 0 0 0 0 0 0 0 0 0
images/capital/0074_2610192497.jpg 0 0 0 1 0 0 1 0 1 0 0 0 0 0 1 0 1 0 0 1 0
images/islands/0470_2716588100.jpg 0 1 0 1 0 0 1 0 0 0 0 1 0 0 1 0 0 0 0 1 0
images/sports/0433_2258281012.jpg 0 0 0 0 0 0 0 1 0 0 0 0 0 1 1 1 0 0 0 0 0
images/cliff/0526_2475038058.jpg 0 0 0 0 0 0 0 0 1 0 0 0 0 1 0 0 0 0 0 1 0
images/poppies/0423_2522382256.jpg 0 0 0 1 1 0 0 0 0 0 1 0 0 0 1 0 0 0 0 0 0
images/relief/0465_2474423413.jpg 0 0 0 0 0 0 0 0 0 0 0 0 0 1 0 0 0 0 0 0 0
images/town/0203_2244328026.jpg 0 0 1 0 0 0 0 0 0 0 0 0 0 0 1 0 0 0 0 0 1
images/tortoise/0254_430742244.jpg 1 1 0 0 0 0 0 0 0 0 0 0 0 0 0 0 0 0 0 0 0
images/house/0241_173241726.jpg 0 0 1 0 0 0 0 0 0 0 0 0 1 0 0 0 1 0 0 0 0
images/mare/0300_277108581.jpg 0 1 0 1 0 0 0 0 0 1 0 0 0 0 1 0 0 0 0 1 0
images/land/0294_2105418766.jpg 0 1 0 1 0 0 1 0 1 0 0 0 0 1 1 0 0 0 0 1 0
images/power_plant/0337_149240607.jpg 0 0 1 1 0 1 1 0 0 0 0 0 0 0 1 0 0 0 0 1 0
images/lily/0476_2158423480.jpg 0 0 0 0 1 0 0 0 0 0 1 0 0 0 0 0 0 0 0 0 0
images/peaks/0290_415696497.jpg 0 0 0 0 0 0 0 1 0 0 0 0 0 1 1 0 0 0 0 0 0
images/glacier/0465_2275197502.jpg 0 0 0 1 0 0 0 1 0 0 0 0 0 0 0 0 0 0 0 0 0
images/athlete/0381_2273383859.jpg 0 0 0 0 0 1 0 0 0 1 0 0 0 0 0 0 0 0 0 0 0
images/pope/0676_8888734.jpg 0 0 0 0 0 0 0 0 0 0 1 0 0 0 0 0 0 0 0 0 0
images/horses/0254_190571687.jpg 0 0 0 1 0 0 0 0 0 0 0 0 0 0 1 0 1 0 0 0 0
images/apartments/0061_930481430.jpg 0 0 1 0 0 0 0 0 0 0 0 0 0 0 0 0 0 0 0 0 0
images/city/0471_820611093.jpg 0 0 1 1 0 0 0 0 0 0 0 0 0 0 1 0 0 0 0 0 1
images/vineyard/0327_130782467.jpg 0 0 0 0 1 1 0 0 0 0 1 0 0 0 0 0 0 0 0 0 0
images/tugboat/0549_2647736999.jpg 0 0 0 1 0 0 0 0 1 0 0 0 0 0 1 0 0 0 1 1 0
images/cliff/0574_2343997742.jpg 1 0 0 1 0 1 0 0 1 0 0 0 0 0 1 0 0 0 0 0 0
images/roofs/0061_226550715.jpg 0 0 1 1 0 0 0 0 0 0 0 0 0 0 1 0 0 0 0 0 0
images/agent/0067_1364320033.jpg 0 0 0 0 0 1 0 0 0 1 0 1 0 0 0 0 0 0 0 1 0
images/conference_room/0337_437719724.jpg 0 0 0 0 0 0 0 0 0 1 0 0 0 0 0 0 0 0 0 0 0
images/girl/0250_5494384.jpg 0 0 0 0 0 0 0 0 0 1 0 0 0 0 0 0 0 0 0 0 0
images/lynx/0416_232666810.jpg 0 0 0 0 0 0 0 0 0 0 0 0 0 0 1 0 0 0 1 0 1
images/bengal/0227_85649595.jpg 1 0 0 0 0 0 0 0 0 0 0 0 0 0 0 0 0 0 0 0 0
images/steel/0459_2284140711.jpg 0 0 0 0 0 1 0 0 0 0 0 0 0 0 1 0 0 0 0 0 0
images/grain_elevator/0356_2579732432.jpg 0 0 1 0 0 0 0 0 0 0 0 0 0 0 1 0 0 0 0 0 1
images/first_lady/0401_2548775812.jpg 0 0 0 0 0 0 0 0 0 1 0 0 0 0 0 0 0 0 0 0 0
images/stick/0246_407784458.jpg 0 0 0 0 0 0 0 0 0 0 0 0 0 0 0 0 0 0 0 1 0
images/cactus/0511_2407789696.jpg 0 0 0 0 1 0 0 0 0 0 1 0 0 0 0 0 0 0 0 0 0
images/sails/0554_2701831472.jpg 0 1 0 0 0 0 0 0 1 0 0 0 0 0 1 0 0 0 0 0 0
images/anemone/0581_2285746744.jpg 0 0 0 0 1 0 0 0 0 0 0 0 0 0 0 0 0 0 0 0 0
images/aqueduct/0566_36173563.jpg 0 0 0 1 0 0 0 0 0 0 0 0 0 0 1 0 0 0 0 0 0
images/balcony/0687_1415941800.jpg 0 0 0 0 0 0 0 0 0 0 0 0 0 0 0 0 1 0 0 0 0
images/blossoms/0265_2583972617.jpg 0 0 0 0 1 0 0 0 0 0 0 0 0 0 0 0 0 0 0 0 0
images/squirrel/0242_1112149105.jpg 1 0 0 1 0 0 0 0 0 1 0 0 0 0 1 0 0 0 0 0 0
images/shrubs/0331_311087204.jpg 0 0 0 0 1 0 0 0 0 0 1 0 0 0 0 0 0 0 0 0 0
images/formula/0675_2146426051.jpg 0 0 0 0 0 1 0 0 0 0 0 0 1 0 0 0 0 0 1 0 0
images/motorcycle/0244_308327691.jpg 0 0 0 0 0 0 0 0 0 1 0 0 0 0 0 0 0 0 1 0 0
images/lakes/0349_2079865937.jpg 0 0 0 0 0 0 1 0 0 0 0 1 0 1 1 0 0 0 0 1 0
images/head/0457_2273199587.jpg 0 0 0 1 0 0 1 0 0 0 0 0 0 0 1 0 1 0 0 1 0
images/pebbles/0549_2246954794.jpg 0 0 0 0 0 0 0 0 0 0 0 0 0 0 1 0 0 0 0 1 0
images/apartments/0282_1321488.jpg 0 0 1 0 0 0 0 0 0 0 0 0 0 0 0 0 0 0 0 0 1
images/infants/0474_406838432.jpg 1 0 0 0 1 0 0 0 0 1 0 0 0 0 0 0 0 0 0 0 0
images/apartment_complex/0339_127146106.jpg 0 0 0 0 1 0 0 0 0 0 0 0 0 0 0 0 0 0 0 0 0
images/pack/0478_97965990.jpg 0 0 0 0 0 0 0 0 0 1 0 0 0 0 0 1 0 0 0 0 0
images/antenna/0325_2327783065.jpg 0 0 0 1 0 0 0 0 0 0 0 0 0 0 1 0 1 0 0 0 0
images/statue/0072_542200657.jpg 0 0 0 0 0 0 0 0 0 1 0 0 0 0 0 0 0 0 0 0 1
images/powerlines/0088_2477351211.jpg 0 0 0 1 0 1 0 0 0 0 0 0 0 0 1 0 1 0 0 0 0
images/autumn/0581_1468361841.jpg 0 0 0 0 0 1 0 0 0 0 0 0 0 0 0 0 0 1 0 0 0
images/hut/0061_2617851160.jpg 0 0 0 1 0 0 1 0 1 0 0 0 0 0 1 0 0 0 0 1 0
images/submarine/0058_2242277531.jpg 0 0 0 0 0 0 0 0 1 0 0 0 0 0 0 0 0 0 0 0 0
images/firefighter/0597_135324208.jpg 0 0 1 0 0 0 0 0 0 1 0 0 0 0 1 0 0 0 0 0 1
images/hills/0572_2380959102.jpg 0 0 0 1 0 1 0 1 0 0 0 0 0 0 1 0 0 0 0 0 0
images/formula/0363_1688670699.jpg 0 0 0 0 0 0 0 0 0 0 0 0 1 0 0 0 0 0 1 0 0
images/flood/0466_413967875.jpg 0 0 0 1 0 0 0 0 0 0 0 0 0 0 1 0 1 0 0 1 0
images/porcupine/0342_2614654021.jpg 1 0 0 0 0 1 0 0 0 0 0 0 0 0 0 0 0 0 0 0 0
images/weapons/0475_429787610.jpg 0 0 0 0 0 0 0 0 0 0 1 0 0 0 1 1 0 0 0 0 0
images/parking_lot/0566_2301780627.jpg 0 0 0 0 0 0 0 0 0 0 0 0 0 0 0 1 0 0 0 0 1
images/capital/0265_2325551343.jpg 0 1 0 1 0 0 1 0 1 0 0 0 0 0 1 0 0 0 0 1 0
images/jet/0679_2664037006.jpg 0 0 0 0 0 0 0 0 0 0 0 0 0 0 1 0 0 0 0 0 0
images/fog/0562_268522577.jpg 0 0 0 0 0 1 0 0 0 0 0 0 0 0 0 0 0 0 0 0 0
images/frozen/0450_2173034816.jpg 0 0 0 0 0 0 0 0 0 0 0 0 0 1 0 0 0 0 0 1 0
images/freighter/0070_24653987.jpg 0 0 0 0 0 0 1 0 0 0 0 0 0 0 1 0 0 0 1 1 0
images/rabbit/0256_216115583.jpg 0 0 0 1 0 0 0 0 0 0 0 0 0 0 1 0 1 0 0 0 0
images/pole/0223_207247214.jpg 0 0 0 1 0 1 0 0 0 1 0 0 0 0 1 0 0 0 0 0 0
images/f-16/0346_2319456825.jpg 0 0 0 1 0 0 0 0 0 0 0 0 0 0 0 1 0 0 1 0 0
images/autumn/0290_1987575239.jpg 0 0 0 0 0 0 1 0 0 0 0 1 0 0 0 0 0 0 0 1 0
images/moss/0210_2135948971.jpg 0 0 0 0 0 0 0 0 1 0 0 0 0 1 0 0 0 0 0 1 0
images/chrysanthemums/0373_2637467298.jpg 0 0 0 0 1 0 0 0 0 0 0 0 0 0 0 0 0 0 0 0 0
images/firefighter/0656_2333067697.jpg 0 0 1 0 0 0 0 0 0 1 0 0 1 0 0 0 0 0 0 0 1
images/lily/0084_967567818.jpg 0 0 0 0 0 0 0 0 0 0 1 0 0 0 0 0 0 0 0 0 0
images/field/0470_272530473.jpg 0 0 0 1 0 1 0 1 0 0 0 0 0 0 1 0 0 0 0 0 0
images/rockface/0246_1391943739.jpg 0 0 0 0 1 1 0 0 0 0 0 0 0 1 1 0 0 0 0 0 0
images/mist/0483_2077479071.jpg 0 0 0 0 0 0 1 0 0 0 0 1 0 0 1 0 0 1 0 1 0
images/barge/0002_529345467.jpg 0 0 0 0 0 0 1 0 0 0 0 1 0 0 0 0 0 0 0 1 0
images/raft/0067_1270405527.jpg 0 0 0 0 0 1 0 0 0 1 0 0 0 0 0 0 0 1 0 1 0
images/moss/0527_2497340387.jpg 0 0 0 0 0 0 0 1 0 0 1 0 1 0 1 0 0 0 0 0 0
images/natural_disasters/0002_97618242.jpg 0 0 0 0 0 0 0 0 0 0 0 0 1 0 0 1 0 0 0 0 0
images/jeep/0045_196723407.jpg 0 0 0 0 0 0 0 0 0 0 0 0 0 0 0 0 0 0 0 0 1
images/swimming_pools/0504_1286179073.jpg 0 0 1 0 0 0 0 0 0 0 0 0 0 0 1 0 0 0 0 1 1
images/grain_elevator/0450_51953489.jpg 0 0 1 0 0 0 0 0 0 0 0 0 0 0 1 0 0 0 0 0 1
images/bay/0429_125882897.jpg 0 0 0 1 0 0 0 0 0 0 0 0 0 0 0 0 1 0 0 1 0
images/hut/0428_1458385878.jpg 0 0 1 0 0 1 0 0 0 0 1 0 0 0 0 0 0 0 0 0 0
images/infants/0552_2595023451.jpg 0 0 0 0 0 0 0 0 0 1 0 0 0 0 0 0 0 0 0 0 0
images/valley/0214_142234253.jpg 0 0 0 0 1 0 0 0 0 0 1 0 0 0 0 0 0 0 0 0 0
images/antlers/0321_940875857.jpg 1 0 0 0 0 1 0 0 0 0 0 0 0 0 0 0 0 0 0 0 0
images/leaf/0575_750952850.jpg 0 0 0 1 0 0 0 0 0 0 1 0 0 0 1 0 0 0 0 0 0
images/poppies/0416_2568731708.jpg 0 0 0 0 1 1 0 0 0 0 0 0 0 0 0 0 0 0 0 0 0
images/prototype/0474_2431146881.jpg 0 0 0 0 0 1 0 0 0 0 0 0 0 0 1 0 0 0 1 0 0
images/standing/0598_1849191752.jpg 1 0 0 0 0 1 0 0 0 0 0 0 0 0 0 0 0 0 0 0 0
images/driver/0322_2549976801.jpg 0 0 0 0 0 0 0 0 0 0 0 0 0 0 0 0 0 0 0 0 1
images/volcano/0100_303200476.jpg 0 0 1 1 0 0 0 1 0 0 0 0 0 0 1 0 0 0 0 1 0
images/silhouette/0477_475047461.jpg 0 0 0 0 1 0 0 0 0 0 0 0 0 0 0 0 1 0 0 0 0
images/aerial/0257_456988857.jpg 0 0 0 0 0 0 1 0 1 0 0 0 0 1 0 0 0 0 0 1 0
images/sunny/0589_353312414.jpg 0 1 0 0 0 0 0 0 0 0 0 0 0 0 1 0 0 0 0 0 0
images/elk/0569_325340969.jpg 0 0 0 0 0 0 0 1 0 0 0 0 0 0 1 0 0 1 0 0 0
images/observation_tower/0398_2562147572.jpg 0 0 0 0 0 0 0 0 0 0 1 0 0 0 1 0 0 0 0 0 0
images/plaza/0520_517897412.jpg 0 0 0 1 0 0 0 0 0 0 0 0 0 0 1 0 0 0 0 0 0
images/houseboat/0436_2637874799.jpg 0 0 1 0 0 0 1 0 0 0 0 0 0 0 1 0 0 0 1 1 0
images/seals/0095_523070342.jpg 1 1 0 0 0 0 0 0 0 0 0 0 0 0 0 0 0 0 0 0 0
images/arctic/0306_272197288.jpg 0 0 0 1 0 0 0 0 1 0 0 0 0 0 1 0 0 0 0 1 0
images/avalanche/0423_2188996422.jpg 0 0 0 0 0 0 0 0 0 0 0 0 0 0 0 0 0 0 1 0 0
images/hangar/0305_2464696183.jpg 0 0 0 1 0 0 0 0 0 0 0 0 1 0 0 0 0 0 0 0 1
images/volcano/0389_1452300919.jpg 0 0 0 1 0 0 0 1 0 0 0 0 0 0 1 0 0 0 0 0 0
images/plain/0480_127300887.jpg 0 0 1 1 0 0 0 0 0 0 0 0 0 0 1 0 0 0 0 0 0
images/poppies/0399_5949212.jpg 0 0 0 1 1 0 0 0 0 0 1 0 0 0 1 0 0 0 0 0 0
images/cathedral/0542_344358434.jpg 0 0 1 1 0 0 0 0 0 0 0 0 0 0 1 0 0 0 0 0 0
images/harbor/0408_127172268.jpg 0 0 1 1 0 0 0 0 0 0 0 0 0 0 1 0 0 0 0 1 1
images/white_house/0258_2510721741.jpg 0 0 0 1 0 1 0 0 0 0 0 0 0 0 1 0 0 0 0 0 1
images/lakes/0523_2480339770.jpg 0 0 0 0 0 0 1 0 0 0 0 1 0 1 1 1 0 0 0 1 0
images/cave/0436_125077387.jpg 0 0 0 1 0 0 1 0 1 0 0 0 0 0 1 0 0 0 0 0 0
images/island/0330_209338674.jpg 0 0 0 1 0 0 1 0 0 0 0 1 0 0 1 0 0 0 0 1 0
images/arctic/0055_230876280.jpg 0 1 0 1 0 0 1 0 1 0 0 0 0 1 1 0 1 0 0 1 0
images/lily/0361_455341060.jpg 0 0 0 0 1 0 0 0 0 0 1 0 0 0 0 0 0 0 0 0 0
images/submarine/0378_2265188081.jpg 0 0 0 0 0 0 0 0 0 0 0 0 0 0 0 0 0 0 0 0 1
images/horizon/0003_1014651039.jpg 0 0 0 0 0 0 1 0 0 0 0 1 0 0 1 0 1 1 0 1 0
images/skiing/0444_293017168.jpg 0 0 0 1 0 0 0 0 0 0 0 0 0 0 1 1 0 0 0 0 0
images/courthouse/0237_1640485224.jpg 0 0 1 0 0 0 0 0 0 0 0 0 0 0 1 0 0 0 0 0 0
images/peaks/0491_1467333437.jpg 0 0 0 1 0 1 0 1 0 0 0 0 0 1 1 0 0 0 0 0 0
images/protesters/0695_24307289.jpg 0 0 0 0 0 1 0 0 0 0 0 0 0 0 1 0 0 0 0 0 0
images/albatross/0212_100789937.jpg 1 0 0 0 0 0 0 0 1 0 0 0 0 0 0 0 0 0 0 1 0
images/meadow/0340_436565766.jpg 0 0 0 0 0 1 0 0 0 0 1 0 0 0 1 0 0 0 0 0 0
images/fire_station/0317_1958659934.jpg 0 0 1 0 0 0 0 0 0 0 0 0 0 0 1 0 0 0 0 0 1
images/lakes/0078_2527559825.jpg 0 0 0 1 0 0 1 0 1 0 0 0 0 0 1 0 1 0 0 1 0
images/office_building/0428_402688640.jpg 0 0 1 0 0 0 0 0 0 0 0 0 1 0 0 1 0 0 0 0 0
images/snow/0541_105866436.jpg 0 0 0 0 0 1 0 1 0 0 1 0 1 1 0 1 0 0 0 0 0
images/ship/0489_2274230487.jpg 0 0 0 1 0 0 0 0 0 0 0 0 0 0 1 0 1 0 0 1 0
images/swimming_pools/0608_2583762187.jpg 0 0 0 0 0 0 0 0 0 0 0 0 0 0 1 0 0 1 0 1 0
images/house/0082_338387825.jpg 0 0 1 1 0 0 0 0 0 0 0 0 0 0 1 0 0 0 0 0 0
images/antlers/0389_361745251.jpg 1 0 0 0 0 0 0 0 0 0 1 0 0 0 0 1 0 0 0 0 0
images/amusement_park/0018_1357101367.jpg 0 0 0 1 0 0 0 0 0 0 0 0 0 0 0 0 0 0 0 0 0
images/boats/0339_2334230563.jpg 0 1 0 1 0 0 0 0 1 0 0 1 0 0 1 0 0 0 0 1 0
images/tusks/0572_2613867226.jpg 1 1 0 0 0 0 0 0 1 0 0 0 0 0 0 0 0 0 0 1 0
images/shell/0583_2281923159.jpg 0 1 0 0 0 0 0 0 0 0 0 0 0 0 0 0 0 0 0 0 0
images/guard/0446_2492789740.jpg 0 0 0 0 0 0 0 0 0 1 0 0 0 0 0 0 0 0 0 0 0
images/roof/0572_2190314913.jpg 0 0 0 0 0 0 0 1 0 0 0 0 0 1 0 1 0 0 0 0 0
images/courthouse/0384_443375663.jpg 0 0 1 0 0 1 0 0 0 0 0 0 0 0 1 0 0 0 0 0 1
images/lighthouse/0018_2549808017.jpg 0 0 1 0 0 0 0 0 0 0 0 0 0 0 1 0 0 0 0 0 1
images/volcano/0206_1196675336.jpg 0 0 0 1 0 0 0 1 0 0 0 0 0 0 1 0 0 0 0 0 0
images/dock/0322_2474892606.jpg 0 1 0 1 0 0 1 0 0 0 0 1 0 0 1 0 1 0 0 1 0
images/mare/0447_2382523588.jpg 0 1 0 1 0 0 0 0 0 0 0 0 0 0 1 0 0 0 0 1 0
images/muslims/0568_431530124.jpg 0 0 0 0 0 0 0 0 0 1 0 0 0 0 0 0 0 0 0 0 0
images/basketball/0059_2569406399.jpg 0 0 0 1 0 0 0 0 0 0 0 0 0 0 1 0 1 0 0 0 0
images/glacier/0346_2168943856.jpg 0 0 0 1 0 0 0 1 0 0 0 0 0 0 1 1 1 0 0 0 0
images/bengal/0080_2398829081.jpg 0 0 0 1 0 0 0 0 0 0 0 1 0 0 1 0 0 0 0 1 0
images/mule/0024_1820754681.jpg 0 0 0 0 0 0 0 1 0 1 0 0 0 0 1 1 0 0 0 0 0
images/forest/0525_502435414.jpg 0 0 0 0 0 1 0 0 0 0 1 0 0 0 0 0 0 1 0 0 0
images/tornado/0336_794714063.jpg 0 0 0 0 1 0 0 0 0 0 0 0 0 0 0 0 0 0 0 0 0
images/cougar/0049_508971392.jpg 0 0 0 0 0 0 0 0 0 0 1 0 0 0 0 0 0 0 0 1 0
images/sand/0328_219653507.jpg 0 0 0 0 0 0 0 0 1 0 0 0 0 0 1 0 0 0 0 1 0
images/building/0559_2410214356.jpg 0 0 1 1 0 1 0 0 0 0 1 0 0 0 0 0 0 1 0 0 1
images/wolf/0514_2310133741.jpg 1 0 0 0 0 0 0 0 0 0 0 0 0 0 0 1 0 0 0 0 0
images/mare/0231_1496114817.jpg 0 0 0 1 0 0 1 0 1 0 0 0 0 0 1 0 0 0 0 1 0
images/individual/0063_149407577.jpg 0 0 0 0 1 0 0 0 0 0 1 0 0 0 1 0 0 0 0 0 0
images/hawaii/0442_540892253.jpg 0 0 0 0 1 0 0 0 0 0 1 0 0 0 0 0 0 0 0 0 0
images/oil_field/0576_2243571281.jpg 0 0 0 0 0 0 0 0 0 0 0 0 1 0 1 0 0 0 0 0 1
images/apartments/0247_426320163.jpg 0 0 1 0 0 0 0 0 0 0 0 0 0 0 0 0 0 0 0 0 0
images/slope/0047_1518480674.jpg 0 0 0 1 0 0 0 0 0 0 0 0 0 0 1 0 0 1 0 0 0
images/apartments/0541_2555675027.jpg 0 0 1 1 0 0 0 0 0 0 0 0 0 0 1 0 0 0 0 0 0
images/birds/0417_95488784.jpg 1 0 0 0 0 0 0 0 0 0 0 0 0 0 0 0 0 0 0 0 0
images/barracks/0474_319706408.jpg 0 0 0 0 0 1 0 0 0 1 0 0 0 0 0 0 0 0 0 0 0
images/slope/0529_460366254.jpg 0 0 0 0 0 0 0 1 0 0 0 0 0 0 1 0 1 0 0 0 0
images/nighttime/0049_2238958821.jpg 0 0 0 0 0 0 0 0 0 0 0 0 0 0 1 0 0 0 0 0 0
images/roofs/0476_54539882.jpg 0 0 0 0 0 1 0 0 0 0 0 0 0 0 1 0 0 1 0 0 0
images/petals/0496_2143785212.jpg 0 0 0 0 1 0 0 0 0 0 1 0 0 0 0 0 0 0 0 0 0
images/tugboat/0386_2627309818.jpg 0 0 0 1 0 0 1 0 0 0 0 0 0 0 1 0 0 0 1 1 1
images/church/0579_2347277653.jpg 0 0 1 0 0 0 1 0 0 0 0 0 0 0 1 0 0 0 0 1 0
images/shade/0483_2349261759.jpg 0 0 0 1 0 1 0 1 0 0 0 0 0 0 1 0 1 0 0 1 0
images/tugboat/0267_1433238982.jpg 0 0 0 1 0 0 0 0 0 0 0 0 0 0 1 0 0 0 0 0 0
images/canoe/0525_2160512094.jpg 0 0 0 1 0 0 1 0 0 0 0 1 0 0 1 0 1 0 0 1 0
images/cow/0529_1767920478.jpg 1 0 0 0 0 1 0 0 0 0 1 0 0 0 0 0 0 1 0 1 0
images/storms/0311_148659539.jpg 0 0 1 1 0 0 0 0 0 0 0 0 1 0 1 0 0 0 0 0 0
images/seals/0400_2609464409.jpg 1 0 1 0 0 0 1 0 0 0 0 0 0 1 1 0 0 0 0 1 0
images/oahu/0321_144793275.jpg 0 1 0 1 0 0 1 0 1 0 0 0 0 0 1 0 0 0 0 1 0
images/oahu/0582_2346732766.jpg 0 1 0 1 0 0 0 0 0 0 0 0 0 1 1 0 0 0 0 1 0
images/marine/0386_358442568.jpg 0 1 0 1 0 0 0 0 0 1 0 0 0 0 1 0 0 0 0 1 0
images/car_crash/0304_29308982.jpg 0 0 0 0 0 0 0 0 0 0 0 0 1 0 0 0 0 0 1 0 1
images/flood/0207_24298271.jpg 0 0 0 1 0 0 1 0 0 0 0 1 0 0 1 0 1 0 0 1 0
images/pool/0227_162334194.jpg 0 0 0 1 0 0 0 0 0 1 0 0 0 0 0 0 0 0 0 0 0
images/mushrooms/0549_2055086304.jpg 0 0 0 0 0 0 0 0 0 0 1 0 0 0 0 0 0 0 0 0 0
images/booby/0071_1855651560.jpg 1 0 0 0 0 0 0 0 0 0 0 0 0 0 0 0 0 0 0 0 0
images/truck/0306_227265546.jpg 0 0 0 0 0 0 0 0 0 0 0 0 0 0 1 0 0 0 1 0 1
images/beach/0265_248109564.jpg 0 0 0 1 0 0 1 0 1 0 0 0 0 0 1 0 0 0 0 1 0
images/desert/0517_503415421.jpg 0 0 0 1 0 0 0 0 0 0 0 0 0 1 1 0 0 0 0 0 0
images/ties/0621_2968313.jpg 0 1 0 1 0 0 0 0 0 1 0 0 0 0 0 0 0 0 0 1 0
images/camels/0250_2609247505.jpg 0 0 0 1 0 0 0 0 0 0 0 0 0 0 0 0 0 0 0 0 0
images/capital/0267_2743942567.jpg 0 0 1 1 0 0 0 0 0 0 0 0 1 0 1 0 0 0 0 0 0
images/swimming_pools/0515_270040627.jpg 0 0 0 1 0 1 0 0 0 0 1 0 0 0 0 0 0 0 0 1 0
images/raft/0074_2349066349.jpg 0 0 0 0 0 0 1 0 0 0 0 1 0 0 1 0 0 0 0 1 0
images/bush/0475_2100971983.jpg 0 1 0 1 0 0 0 0 0 0 0 0 0 0 1 0 1 1 0 1 0
images/snow/0403_24280951.jpg 0 0 0 1 0 0 1 0 0 0 1 1 0 0 1 1 0 0 0 1 0
images/car/0522_130569789.jpg 0 0 0 1 0 0 0 0 0 0 0 0 0 0 1 0 0 0 0 0 0
images/helicopter/0472_2063416.jpg 0 0 0 1 0 0 1 1 1 0 0 0 0 0 0 0 0 0 0 0 0
images/palm/0552_162964504.jpg 0 0 0 0 0 0 1 0 0 0 1 1 0 0 0 0 1 1 0 1 0
images/tulip/0456_2260931969.jpg 0 0 0 0 1 0 0 0 0 0 1 0 0 0 0 0 0 0 0 0 0
images/lichen/0448_348802391.jpg 0 0 0 0 0 0 0 0 0 0 0 0 0 1 0 0 0 0 0 0 0
images/run/0364_167075934.jpg 0 1 0 1 0 0 0 0 1 1 0 0 0 0 1 0 0 0 0 1 0
images/power_plant/0591_2450996293.jpg 0 0 0 0 0 0 0 0 0 0 0 0 0 0 0 0 0 1 0 0 0
images/election_campaign/0075_34630321.jpg 0 0 0 1 0 1 0 1 0 0 0 0 0 0 1 0 0 1 0 0 0
images/groom/0498_2260571785.jpg 0 0 0 0 0 1 0 0 0 1 0 0 0 0 1 0 0 0 0 0 0
images/factory/0327_1038505481.jpg 0 0 0 0 0 0 0 0 0 0 0 0 0 0 0 0 0 0 0 0 1
images/windmills/0518_1174099265.jpg 0 0 1 1 0 0 1 0 0 0 0 1 0 0 1 0 0 0 0 1 0
images/tugboat/0576_2299123250.jpg 0 0 0 1 0 1 0 0 0 0 0 0 0 0 1 0 0 0 1 1 0
images/car/0244_136894870.jpg 0 0 0 1 0 1 0 0 0 0 0 0 0 0 0 0 0 1 0 0 0
images/valleys/0666_459132059.jpg 0 0 0 1 0 1 1 1 0 0 0 0 0 0 1 0 0 0 0 0 0
images/backpackers/0040_2078354136.jpg 0 0 0 1 0 0 0 0 0 1 0 0 0 0 0 1 0 0 0 0 0
images/pair/0537_334784757.jpg 0 0 0 1 0 0 1 0 0 0 0 0 0 0 1 0 1 0 0 1 0
images/moose/0078_988485352.jpg 1 0 0 0 1 0 0 0 0 0 0 0 0 0 0 0 0 0 0 0 0
images/railroad/0469_2201178892.jpg 0 0 0 1 0 0 0 0 0 0 0 0 0 0 1 1 0 0 0 0 0
images/golf_course/0609_145051572.jpg 0 0 0 0 0 1 0 1 0 0 0 0 0 0 1 0 0 0 0 0 0
images/floor/0258_519723957.jpg 0 0 0 0 0 0 0 0 0 1 0 0 0 0 0 0 0 0 0 0 1
images/vegetation/0033_2048146240.jpg 0 0 0 0 0 1 0 0 0 0 1 0 1 0 0 0 0 1 0 0 0
images/architecture/0543_1123295662.jpg 0 0 1 1 0 0 0 0 0 0 0 0 0 0 1 0 0 0 0 0 1
images/moss/0293_2695729238.jpg 0 0 0 1 0 0 0 1 0 0 0 0 0 0 1 0 0 0 0 0 0
images/frost/0428_88558198.jpg 0 0 0 0 0 0 0 0 0 0 0 0 0 0 0 1 0 0 0 1 0
images/sign/0432_728028306.jpg 0 0 0 1 0 0 0 0 0 0 0 0 0 0 1 0 0 0 0 0 0
images/backpackers/0557_2362104559.jpg 0 1 0 1 0 0 1 1 1 0 0 0 0 0 1 0 0 0 0 1 0
images/kauai/0378_2704889614.jpg 0 1 0 1 0 0 1 0 1 0 0 0 0 0 1 0 1 0 0 1 0
images/agent/0009_378816253.jpg 0 0 0 0 0 0 0 0 0 1 0 0 0 0 0 0 0 0 0 0 0
images/formation/0466_521636258.jpg 0 0 0 1 0 0 0 0 0 0 0 0 0 0 1 0 0 0 1 0 0
images/row/0666_2190932191.jpg 0 0 0 1 0 0 1 0 0 0 0 0 0 0 1 0 0 0 0 1 0
images/formula/0265_1042286432.jpg 0 0 0 0 0 0 0 0 0 0 0 0 0 0 0 0 0 0 1 0 0
images/dust/0338_2331766237.jpg 0 0 0 0 1 0 0 0 0 0 1 0 0 0 0 0 0 0 0 0 0
images/sidewalk/0405_264189100.jpg 0 0 0 0 0 0 0 1 0 0 0 0 0 0 1 0 0 0 0 0 1
images/oahu/0307_133372294.jpg 0 0 0 1 0 0 1 0 1 0 0 0 0 0 1 0 1 0 0 1 0
images/light/0514_1344703649.jpg 0 0 0 1 0 0 1 0 1 0 0 0 0 1 1 0 0 0 0 1 0
images/porcupine/0381_1670988397.jpg 1 0 0 0 0 0 0 0 0 0 0 0 0 0 0 0 0 0 0 0 0
images/saguaro/0580_228817279.jpg 0 0 0 0 0 1 0 1 0 0 0 0 0 1 1 1 0 0 0 0 0
images/backpackers/0393_2400153503.jpg 0 1 0 1 0 0 0 0 1 0 0 0 0 0 1 0 0 0 0 0 0
images/marsh/0250_2476775108.jpg 0 0 0 1 0 1 1 0 0 0 0 0 0 0 1 0 0 0 0 1 0
images/bus/0274_452500167.jpg 0 0 1 1 0 0 0 0 0 0 0 0 1 0 0 0 0 0 0 0 0
images/barge/0038_1041002720.jpg 0 0 0 1 0 1 0 0 0 0 0 1 0 0 1 0 0 0 0 1 0
images/lily/0252_385183744.jpg 0 0 0 0 1 0 0 0 0 0 0 0 0 0 0 0 0 0 0 1 0
images/seals/0208_2185728650.jpg 0 0 0 1 0 0 1 0 1 0 0 0 0 1 1 0 0 0 0 1 0
images/reflection/0372_445181128.jpg 0 0 0 1 0 0 0 0 1 0 0 0 0 0 1 0 0 0 0 1 0
images/range/0422_2360736313.jpg 0 0 0 0 0 0 1 0 0 0 0 1 0 0 0 0 1 0 0 1 0
images/armored_vehicles/0012_2659164522.jpg 0 0 1 0 0 0 0 0 0 0 0 0 0 0 0 0 0 0 1 0 0
images/glacier/0454_2276543263.jpg 0 0 0 1 0 0 1 1 0 0 0 0 0 0 1 0 0 0 0 1 0
images/hut/0307_13502929.jpg 0 0 0 1 0 0 0 0 0 0 0 0 0 0 1 0 0 0 0 0 0
images/race/0378_529764780.jpg 0 0 0 0 0 0 0 0 0 1 0 0 0 0 0 0 0 0 0 0 0
images/lake/0443_271698908.jpg 0 0 0 1 0 0 1 0 0 0 0 0 0 0 0 0 0 0 1 0 0
images/canoe/0273_2386672645.jpg 0 0 0 0 0 0 1 0 0 0 0 0 0 0 1 0 0 1 0 1 0
images/grain_elevator/0017_1031628522.jpg 0 0 0 1 0 0 0 0 0 0 0 0 0 0 1 0 0 0 0 0 0
images/harbors/0317_945628607.jpg 0 0 1 0 0 0 0 0 1 0 0 0 0 0 1 0 0 0 1 1 0
images/windows/0221_1623421.jpg 0 0 0 0 0 0 0 0 0 0 0 0 0 0 0 0 0 0 0 0 1
images/shade/0011_118406539.jpg 0 0 0 0 0 0 0 0 0 0 1 0 0 0 0 0 0 1 0 0 0
images/dall/0263_2594650840.jpg 0 0 0 0 0 0 0 0 0 0 0 0 0 1 0 0 0 0 0 1 0
images/close-up/0006_2696484916.jpg 1 0 0 0 1 0 0 0 0 0 0 0 0 0 0 0 0 0 0 0 0
images/sails/0633_2711392418.jpg 0 0 0 1 0 0 1 1 1 0 0 0 0 0 1 0 0 0 0 1 0
images/autumn/0206_444440136.jpg 0 0 0 1 0 1 0 1 0 0 0 1 0 1 1 0 0 0 0 1 0
images/helicopter/0054_264272376.jpg 0 0 0 1 0 0 0 0 1 0 0 0 0 0 1 0 0 0 0 1 0
images/terrace/0214_769805073.jpg 0 0 1 1 0 0 0 0 0 0 0 0 0 0 1 0 0 0 0 1 1
images/factory/0033_512445511.jpg 0 0 0 1 0 0 0 0 0 1 0 0 0 0 0 0 0 0 0 0 0
images/architecture/0017_416235008.jpg 0 0 0 1 0 0 0 0 0 0 0 0 0 0 1 0 0 0 0 0 0
images/cows/0362_465400996.jpg 1 0 0 1 0 1 0 0 0 0 0 0 0 0 1 0 0 0 0 0 0
images/windmills/0306_510783633.jpg 0 0 0 1 0 0 0 0 0 0 0 0 0 0 1 0 0 0 0 0 0
images/rockface/0068_1565456354.jpg 0 0 0 0 0 0 0 0 0 1 0 0 0 0 1 1 0 0 0 0 0
images/sails/0654_981933701.jpg 0 0 1 0 0 0 0 0 0 0 0 0 0 0 1 0 0 0 0 0 0
images/wings/0344_2552915028.jpg 0 0 0 0 0 0 0 0 0 1 0 0 0 0 0 0 0 0 0 0 0
images/bride/0079_120462507.jpg 0 0 0 0 0 0 0 0 0 1 0 0 0 0 0 0 0 0 0 0 1
images/plaza/0071_2545301387.jpg 0 0 1 0 0 0 0 0 0 0 0 0 1 0 0 0 0 0 0 0 0
images/african/0039_874114329.jpg 0 0 0 1 0 0 1 0 1 0 0 0 0 0 1 0 1 0 0 0 0
images/highway/0558_153895410.jpg 0 0 0 1 0 0 0 0 0 0 0 0 1 0 1 0 0 0 0 0 0
images/butterfly/0597_876715313.jpg 1 0 0 0 1 0 0 0 0 0 0 0 0 0 0 0 0 0 0 0 0
images/photographers/0418_207679801.jpg 0 0 1 0 0 0 0 0 0 1 0 0 1 0 0 0 0 0 1 0 1
images/canoe/0015_313936048.jpg 0 0 0 1 0 0 1 0 0 0 0 1 0 0 1 0 1 0 0 1 0
images/blossoms/0299_2448784793.jpg 0 0 0 0 1 0 0 0 0 0 0 0 0 0 0 0 0 0 0 0 0
images/ship/0331_5080863.jpg 0 1 0 1 0 0 1 0 1 0 0 0 0 0 1 0 0 0 0 1 0
images/singing/0375_239866593.jpg 1 0 0 0 0 1 0 0 0 0 0 0 0 0 0 0 0 0 0 0 0
images/underpass/0067_1386540953.jpg 0 0 0 0 0 0 0 0 0 0 0 0 1 0 0 0 0 0 0 0 0
images/village/0550_2349913526.jpg 0 0 0 1 0 0 1 0 1 0 0 0 0 0 1 0 1 0 0 1 0
images/courtyard/0037_462769433.jpg 0 0 1 0 0 0 0 0 0 0 0 0 0 0 0 0 0 0 0 0 0
images/tulip/0490_2449400699.jpg 0 0 0 0 1 0 0 0 0 0 1 0 0 0 0 0 0 0 0 0 0
images/office/0296_2607549802.jpg 0 0 0 0 1 0 0 0 0 0 1 0 0 0 0 0 0 0 0 0 0
images/courtyard/0413_2026832857.jpg 0 0 0 0 0 1 0 0 0 0 1 0 0 0 0 0 0 0 0 0 0
images/train/0522_2139873084.jpg 0 0 0 0 0 0 0 0 0 0 0 1 0 0 0 0 0 1 0 1 0
images/snow/0498_101684527.jpg 0 0 0 0 0 0 0 0 0 0 0 0 0 0 0 1 0 0 0 0 0
images/nets/0206_2229380584.jpg 0 0 0 1 0 0 0 0 0 0 0 0 0 0 1 0 1 0 0 0 0
images/fall/0527_1690128488.jpg 0 0 0 0 0 1 0 1 0 0 1 0 0 0 0 0 0 0 0 0 0
images/islands/0272_2316556471.jpg 0 0 0 1 0 0 1 0 0 0 0 1 0 1 1 0 0 0 0 1 0
images/person/0456_566728261.jpg 0 0 0 1 0 0 0 0 0 1 0 0 0 0 0 0 0 0 0 0 0
images/museum/0420_1489377832.jpg 0 0 0 0 0 0 0 0 0 0 0 0 0 0 0 0 0 0 0 0 1
images/giant/0561_104706085.jpg 1 0 0 0 0 0 0 0 1 0 0 0 0 0 0 0 0 0 0 1 0
images/nets/0617_1351426065.jpg 0 0 0 1 0 0 1 1 1 0 0 1 0 0 1 0 0 0 0 1 0
images/swimming/0467_160460925.jpg 0 0 0 0 0 0 0 0 0 1 0 0 0 0 0 0 0 0 0 1 0
images/streets/0485_191662516.jpg 0 0 1 0 0 0 0 0 0 0 0 0 0 0 1 0 0 0 0 0 0
images/john_edwards/0630_2493250069.jpg 0 0 0 0 0 0 0 0 0 1 0 0 0 0 0 0 0 0 0 0 0
images/lake/0310_106890859.jpg 0 0 0 1 0 0 1 0 0 0 0 1 0 0 1 0 1 0 0 1 0
images/hand/0415_854582772.jpg 1 0 0 0 0 0 0 0 0 0 0 0 0 0 0 0 0 0 0 0 0
images/car_crash/0361_246519263.jpg 0 0 0 0 0 0 0 0 0 0 0 0 1 0 0 0 0 0 1 0 0
images/insect/0562_1795735814.jpg 1 0 0 0 1 0 0 0 0 0 0 0 0 0 0 0 0 0 0 0 0
images/powerlines/0564_2179157820.jpg 0 0 1 0 0 0 0 0 0 0 0 0 1 0 1 0 0 0 0 0 0
images/houseboat/0349_137553843.jpg 0 0 0 1 0 0 1 0 0 0 0 1 0 0 1 0 1 0 0 1 0
images/construction_site/0053_2697477553.jpg 0 0 0 1 0 0 0 0 0 0 0 0 0 0 1 0 1 0 0 0 0
images/weather/0403_1366723056.jpg 0 0 0 0 0 0 0 1 0 0 0 0 0 0 0 1 0 0 0 0 0
images/standing/0082_529427292.jpg 1 0 0 0 0 1 0 1 0 0 0 0 0 0 1 0 0 0 0 0 0
images/hill/0345_2265164122.jpg 0 0 0 1 0 0 1 1 0 0 0 1 0 1 1 1 0 0 0 1 0
images/bank/0005_239355264.jpg 0 0 1 1 0 0 0 0 0 0 0 0 0 0 0 0 0 0 0 0 0
images/cathedral/0597_879965151.jpg 0 0 1 1 0 1 0 0 0 0 0 0 0 0 1 0 0 0 0 0 1
images/rapids/0279_261143728.jpg 0 0 0 0 0 0 0 0 0 0 1 0 0 1 1 0 0 1 0 1 0
images/powerlines/0352_2458368480.jpg 0 0 0 1 0 1 0 0 0 0 0 0 1 0 1 0 1 0 0 0 0
images/mosque/0345_403226744.jpg 0 0 1 0 0 0 0 0 0 0 0 0 0 0 0 0 0 0 0 0 0
images/stick/0289_2583468295.jpg 0 0 0 1 0 0 1 0 0 0 0 0 0 0 1 0 1 0 0 1 0
images/poppies/0069_2649635471.jpg 0 0 0 0 1 0 0 0 0 0 1 0 0 0 0 0 0 0 0 0 0
images/car_racing/0036_116172155.jpg 0 0 0 0 0 0 0 0 0 0 0 0 0 0 0 1 0 0 1 0 0
images/angelfish/0479_2090299397.jpg 1 0 0 0 0 0 0 0 0 0 0 0 0 1 0 0 0 0 0 1 0
images/glass/0230_146865077.jpg 0 0 0 0 0 0 0 0 0 0 0 0 0 0 1 0 0 0 0 0 0
images/factory/0341_2313248624.jpg 0 0 0 1 0 0 0 0 0 0 0 0 0 0 1 0 0 1 0 0 1
images/river_bank/0506_2722042346.jpg 0 0 0 1 0 0 1 0 0 0 0 1 0 0 1 0 1 0 0 1 0
images/grassland/0266_165768899.jpg 0 0 0 1 0 1 0 0 0 0 0 0 0 0 1 0 0 1 0 0 0
images/column/0022_1711397578.jpg 0 0 0 0 0 1 0 0 0 0 0 0 0 0 1 0 0 0 0 0 0
images/steeple/0527_2217969686.jpg 0 0 1 1 0 1 0 0 0 0 0 0 0 0 1 0 0 0 0 0 0
images/model/0416_2089399754.jpg 0 0 0 0 0 0 0 0 0 1 0 0 0 0 0 0 0 0 0 0 0
images/birds/0511_636509879.jpg 1 0 0 1 0 0 0 0 0 0 0 0 0 0 1 0 0 0 0 0 0
images/windmills/0584_219799106.jpg 0 1 0 1 0 0 0 0 0 0 0 0 0 0 1 0 0 0 0 0 0
images/individual/0363_275015023.jpg 0 0 0 1 1 0 0 0 0 0 1 0 0 0 1 0 0 0 0 0 0
images/farms/0281_46376852.jpg 0 0 0 0 0 1 0 0 0 0 1 0 0 0 1 0 0 0 0 0 0
images/grassland/0065_855848405.jpg 0 0 0 0 0 1 1 0 0 0 1 1 0 0 1 0 0 0 0 0 0
images/detail/0096_348889355.jpg 0 0 0 0 1 0 0 0 0 0 0 0 0 0 0 0 0 0 0 0 0
images/boats/0054_1409243890.jpg 0 0 0 0 0 0 1 0 1 0 0 1 0 0 1 0 0 0 0 1 0
images/fish/0400_2396999865.jpg 1 0 0 0 0 0 0 0 1 0 0 0 0 0 0 0 0 0 0 1 0
images/canal/0464_27423900.jpg 0 0 0 0 0 0 0 0 0 0 0 1 0 0 0 0 0 1 0 1 0
images/penguin/0490_2410803274.jpg 1 0 0 0 0 0 0 0 0 0 0 0 0 1 0 0 0 0 0 0 0
images/host/0248_1096191751.jpg 0 0 1 0 0 0 0 0 0 0 0 0 1 0 0 0 0 0 0 0 1
images/waterways/0654_1391708784.jpg 0 0 1 0 0 0 1 0 0 0 0 0 0 0 1 0 0 0 0 0 1
images/aircraft_carrier/0346_352640893.jpg 0 0 0 1 0 0 0 0 0 0 0 0 0 0 1 0 0 0 0 1 0
images/arctic/0296_445186314.jpg 0 0 0 0 0 0 0 0 0 0 0 0 0 0 1 1 0 0 0 0 0
images/ruins/0518_2645951119.jpg 0 0 1 0 0 1 0 0 0 0 0 0 0 0 1 0 0 0 0 0 0
images/shore/0454_2088030413.jpg 0 1 0 0 0 0 1 0 1 0 0 0 0 1 1 0 0 0 0 0 0
images/island/0081_421283902.jpg 0 1 0 1 0 0 1 0 1 0 0 0 0 0 1 0 0 0 0 1 0
images/barn/0405_167212698.jpg 0 0 1 0 0 0 0 0 1 0 0 0 0 0 0 0 0 0 0 0 1
images/barge/0580_2311818579.jpg 0 0 0 0 0 0 0 0 0 0 0 1 0 0 1 0 0 0 0 1 0
images/clothes/0374_2510206531.jpg 0 0 0 0 0 0 0 0 0 1 0 0 0 0 0 0 0 0 0 0 0
images/waterfalls/0100_435232004.jpg 0 0 0 0 0 0 0 0 0 0 0 0 0 1 1 0 0 0 0 1 0
images/trail/0313_2601981302.jpg 0 0 0 0 0 1 0 0 0 0 1 0 0 0 0 0 0 1 0 0 0
images/mare/0445_2280088570.jpg 0 1 1 1 0 0 1 0 1 0 0 0 0 0 1 0 0 0 0 0 0
images/jeep/0363_872538507.jpg 0 0 0 0 0 0 0 0 0 0 0 0 0 0 0 0 0 0 1 0 0
images/reflection/0438_519490570.jpg 0 0 0 1 0 0 1 0 0 0 0 1 1 0 1 0 1 0 0 0 0
images/hillside/0470_1092057921.jpg 0 0 0 1 0 0 0 0 0 0 0 0 0 0 1 0 0 0 1 1 0
images/autumn/0558_1916412730.jpg 0 0 0 0 0 1 0 0 0 0 0 0 0 0 0 0 0 0 0 1 0
images/beach/0454_390577861.jpg 0 1 0 1 0 0 0 1 1 0 0 1 0 0 1 0 0 0 0 1 0
images/frigate/0416_2696247573.jpg 0 0 0 1 0 0 1 0 0 0 0 0 0 0 1 0 0 0 1 1 1
images/observation_tower/0352_2321727250.jpg 0 0 0 0 0 1 0 0 0 0 1 0 1 0 1 0 0 0 0 0 0
images/swimmers/0408_2558135446.jpg 0 0 0 0 0 0 1 0 1 0 0 0 0 0 0 0 0 0 0 1 0
images/dall/0223_756373865.jpg 1 0 0 0 0 1 0 1 0 0 0 0 0 1 0 0 0 0 0 0 0
images/wolf/0494_2601693690.jpg 1 0 0 0 0 0 0 0 0 0 0 0 0 0 0 0 0 0 0 0 0
images/cockpit/0324_208432909.jpg 0 0 0 0 0 0 0 0 0 0 0 0 0 0 0 0 0 0 0 0 1
images/waves/0011_2672376693.jpg 0 1 0 1 0 0 0 0 1 0 0 0 0 0 1 0 0 0 0 1 0
images/mountain/0566_1229541098.jpg 0 0 0 0 0 1 1 1 0 0 1 1 0 1 1 0 0 0 0 1 0
images/white_house/0481_2124056325.jpg 0 0 1 0 0 0 0 0 0 0 0 0 0 0 0 0 0 0 0 0 1
images/monastery/0468_2264772535.jpg 0 0 1 1 0 0 0 1 0 0 0 0 0 0 1 1 0 0 0 0 0
images/chapel/0498_2574039128.jpg 0 0 1 1 0 1 0 0 0 0 0 0 0 0 1 0 0 0 0 0 0
images/forest/0279_149161547.jpg 0 0 0 0 0 1 0 0 0 0 0 0 0 0 1 0 0 1 0 0 0
images/single_person/0582_2410944176.jpg 0 0 0 0 0 0 0 0 0 1 0 0 0 0 1 1 0 0 0 0 0
images/path/0413_2104130062.jpg 0 0 0 0 0 0 0 0 0 1 1 0 0 0 0 0 0 0 0 0 0
images/lighthouse/0458_2116161293.jpg 0 0 1 1 0 0 1 0 0 0 1 0 0 0 0 1 0 0 0 0 0
images/tugboat/0407_2505328355.jpg 0 0 0 0 0 0 0 0 1 0 0 0 0 0 1 0 0 0 1 1 0
images/fog/0495_382692131.jpg 0 0 0 0 0 0 1 0 1 0 0 0 0 0 0 0 0 0 0 1 0
images/skiing/0433_183594064.jpg 0 0 0 1 0 0 0 0 0 0 0 0 0 1 1 1 0 0 0 0 0
images/tanks/0681_129143180.jpg 0 0 0 0 0 0 0 0 0 0 0 0 0 0 0 0 0 0 1 0 0
images/church/0391_2171093987.jpg 0 0 0 0 0 0 1 0 0 0 0 0 0 0 0 0 0 0 0 1 0
images/valley/0544_2620515056.jpg 0 0 0 1 0 1 0 0 0 0 1 0 1 0 1 0 0 1 0 0 0
images/pagoda/0591_8344016.jpg 0 0 0 0 0 0 0 0 0 0 0 0 0 0 1 0 1 0 0 0 0
images/underwater/0303_145718556.jpg 1 0 0 0 0 0 0 0 1 0 0 0 0 0 0 0 0 0 0 1 0
images/penguin/0481_85172083.jpg 0 0 0 0 0 0 0 0 0 0 0 0 0 0 1 0 0 0 0 0 0
images/helicopter/0330_269532045.jpg 0 0 0 1 0 0 0 0 0 0 0 0 0 0 1 0 0 0 1 0 0
images/suburban/0554_2516054025.jpg 0 0 0 0 0 0 0 0 0 0 0 0 1 0 0 0 0 0 1 0 0
images/standing/0490_192425718.jpg 0 0 0 0 0 0 0 0 0 0 0 0 0 0 0 0 0 0 0 0 1
images/radar/0658_2075968146.jpg 0 0 0 0 0 1 0 1 0 0 0 0 0 1 1 0 0 0 0 0 0
images/tracks/0312_364623170.jpg 0 0 0 0 0 0 0 0 0 0 0 0 0 0 1 0 0 0 0 0 0
images/snake/0379_1389857582.jpg 0 1 0 0 0 0 1 0 1 0 0 0 0 0 1 0 0 0 0 1 0
images/helicopters/0426_2373154995.jpg 0 0 0 1 0 0 0 0 0 1 0 0 0 0 1 0 0 0 0 0 0
images/glass/0592_1007568694.jpg 0 0 1 1 0 0 0 0 0 0 0 0 0 0 1 0 0 0 0 0 1
images/cottage/0394_2637348987.jpg 0 0 0 1 0 0 1 0 1 0 0 1 0 0 1 0 0 0 0 1 0
images/flag/0557_715624152.jpg 0 0 0 1 0 0 0 0 0 0 0 0 0 0 1 0 0 0 0 0 0
images/child/0367_169243396.jpg 0 0 0 0 0 1 0 0 0 1 0 0 1 0 0 0 0 0 0 0 0
images/rapids/0463_2636053484.jpg 0 0 0 0 0 0 0 0 0 0 0 0 0 0 0 0 0 0 0 1 0
images/sailboat/0269_2670107738.jpg 0 0 0 1 0 0 1 0 0 0 0 1 0 0 1 0 1 0 0 1 0
images/entrance/0058_166404053.jpg 0 0 0 1 0 1 0 0 0 0 0 0 1 0 1 0 0 0 0 0 0
images/maps/0015_2421053600.jpg 0 0 0 0 0 0 0 0 0 0 0 0 1 0 0 0 0 0 1 0 1
images/booby/0562_2227590229.jpg 1 0 0 0 0 0 0 0 0 0 0 0 0 0 0 0 0 0 0 0 0
images/island/0420_829344294.jpg 0 0 0 0 0 0 0 0 1 0 0 0 0 0 1 0 1 0 0 0 0
images/tree/0524_1378211213.jpg 0 0 0 1 0 0 0 0 0 0 1 0 0 0 1 0 0 1 0 0 0
images/child/0511_23754016.jpg 0 0 0 0 0 0 0 0 0 1 0 0 0 0 0 0 0 0 0 0 0
images/machine_guns/0268_2538770877.jpg 0 0 0 0 0 0 0 0 0 0 0 0 0 0 0 0 0 0 0 0 1
images/skiing/0472_140771755.jpg 0 0 0 0 0 0 0 1 0 0 0 0 0 0 1 1 0 0 0 0 0
images/dock/0600_206492105.jpg 0 0 0 1 0 0 1 0 1 0 0 0 0 0 1 0 1 0 0 1 0
images/bicycles/0069_2437480560.jpg 0 0 0 0 0 0 0 0 0 1 0 0 1 0 0 0 0 0 0 0 0
images/anemone/0505_491880857.jpg 1 0 0 0 1 0 0 0 0 0 0 0 0 0 0 0 0 0 0 0 0
images/mare/0520_1150728455.jpg 0 0 0 1 0 0 1 0 1 0 0 0 0 0 1 0 0 0 0 1 0
images/college/0570_161400046.jpg 0 0 0 1 0 1 1 0 0 0 0 0 0 0 1 0 0 0 0 1 0
images/restaurant/0499_222285081.jpg 0 1 0 1 0 0 0 0 1 0 0 0 0 0 1 0 1 0 0 1 0
images/nighttime/0581_15967525.jpg 0 0 0 0 0 0 0 0 0 0 0 0 1 0 0 0 0 0 0 0 0
images/volcano/0510_47534385.jpg 0 0 0 1 0 1 0 1 0 0 0 0 0 1 1 0 0 0 0 0 0
images/reporters/0363_243955727.jpg 0 0 0 0 0 0 0 0 0 1 0 0 0 0 0 0 0 0 0 0 0
images/apartment_complex/0309_303864066.jpg 0 0 0 0 1 0 0 0 0 0 1 0 0 0 0 0 0 0 0 0 0
images/outdoor/0234_473891692.jpg 0 0 0 0 0 0 0 0 0 0 1 0 0 0 0 0 0 1 0 1 0
images/peaks/0068_2544098023.jpg 0 0 0 1 0 0 0 1 0 0 0 0 0 1 1 0 0 0 0 0 0
images/waves/0502_2397241909.jpg 0 1 0 0 0 0 0 0 0 1 0 0 0 0 0 0 0 0 0 1 0
images/arctic/0545_220402445.jpg 0 0 0 1 0 0 0 1 0 0 0 0 0 1 0 0 0 0 0 0 0
images/hunter/0231_2092447705.jpg 0 0 0 1 0 0 1 0 0 0 0 0 0 0 1 0 0 0 0 0 0
images/range/0462_2327463263.jpg 0 0 0 1 0 0 1 0 0 0 0 0 0 0 1 0 0 0 1 1 1
images/railing/0307_1884122621.jpg 0 0 0 0 0 0 0 0 1 0 0 0 0 0 1 0 0 0 0 1 0
images/car_crash/0473_28690367.jpg 0 0 0 0 0 0 0 0 0 0 0 0 0 0 0 0 0 0 0 0 1
images/reflection/0303_277476382.jpg 0 0 1 0 0 0 0 0 0 0 0 1 0 0 1 0 0 0 0 0 1
images/tanker/0527_1493138095.jpg 0 0 0 0 0 0 0 0 0 0 0 0 0 0 1 0 0 0 1 0 1
images/cabin/0447_2744780448.jpg 0 0 1 1 0 1 0 1 0 0 0 1 0 0 1 0 0 0 0 1 0
images/scientists/0096_2402071785.jpg 0 0 0 0 0 1 0 0 0 0 0 0 0 0 0 0 0 1 0 0 0
images/kauai/0442_553252541.jpg 0 1 0 0 0 0 0 0 0 0 0 0 0 0 0 0 0 0 0 1 0
images/man/0478_243958648.jpg 0 1 0 1 0 0 0 0 1 0 0 1 0 0 1 0 0 0 0 1 0
images/bank/0588_2332782357.jpg 0 0 0 1 0 1 0 0 0 0 0 0 0 0 1 0 0 0 0 1 0
images/canyon/0502_2625974452.jpg 0 0 0 0 0 0 0 1 0 0 1 0 0 0 0 0 0 0 0 1 0
images/peaks/0445_107348860.jpg 0 0 1 0 0 0 1 1 1 0 0 0 0 0 1 1 0 0 1 1 0
images/scotland/0504_2234665775.jpg 0 0 0 1 0 0 0 0 0 0 0 1 0 0 1 0 0 1 0 1 0
images/house/0437_613661908.jpg 0 1 0 1 0 0 0 0 0 0 0 0 0 1 1 0 0 0 0 1 0
images/smoke_stack/0319_2223449450.jpg 0 0 0 1 0 1 0 0 0 0 0 0 0 0 1 0 0 0 0 0 0
images/house/0667_109656811.jpg 0 0 0 1 0 1 0 0 0 0 0 0 0 0 1 0 0 0 0 0 0
images/construction_worker/0255_2550376865.jpg 0 0 0 1 0 0 0 0 0 0 0 0 1 0 1 0 0 1 0 0 0
images/rainy/0272_244803421.jpg 0 0 1 1 0 0 1 0 0 0 0 1 0 0 1 0 0 0 0 0 0
images/cave/0045_2245124524.jpg 0 0 0 0 0 0 0 0 0 0 0 1 0 1 0 0 0 0 0 1 0
images/helicopters/0439_321199395.jpg 0 0 0 0 0 0 1 1 1 0 0 0 0 1 0 0 0 0 0 1 0
images/buddha/0510_1468395156.jpg 0 0 0 0 1 0 0 0 0 0 0 0 1 0 0 0 0 0 0 0 0
images/harbors/0316_387695279.jpg 0 0 0 0 0 0 0 0 0 0 0 0 0 0 1 0 0 0 1 0 1
images/post/0329_1469505042.jpg 0 0 0 0 0 0 0 0 0 0 0 0 1 0 0 0 0 0 1 0 0
images/bush/0200_2169910893.jpg 1 0 0 0 1 0 0 0 0 0 0 0 0 0 0 0 0 0 0 0 0
images/pepper/0467_1491103596.jpg 0 0 0 0 0 0 0 0 0 0 0 0 1 0 0 0 0 0 0 0 0
images/helicopters/0357_1204632428.jpg 0 0 0 1 0 0 0 1 1 0 0 0 0 0 0 0 0 0 1 0 0
images/lynx/0295_488842153.jpg 1 0 0 0 0 0 0 0 0 0 0 0 0 0 0 0 0 0 0 0 0
images/marsh/0068_1891537252.jpg 0 0 0 0 0 0 1 0 0 0 0 0 0 1 1 0 1 1 0 0 0
images/nest/0479_436299067.jpg 0 0 0 1 1 0 0 0 0 0 0 0 0 0 0 0 0 0 0 0 0
images/scotland/0466_2244208195.jpg 0 0 0 0 0 0 1 1 0 0 0 0 0 0 1 0 0 0 0 0 0
images/white_house/0257_167849775.jpg 0 0 1 0 0 0 0 0 0 0 0 0 0 0 1 0 0 0 0 0 0
images/dock/0263_466442866.jpg 0 0 0 1 0 0 1 0 1 0 0 0 0 1 1 0 1 0 0 1 0
images/antlers/0437_62502172.jpg 1 0 0 0 0 0 0 0 0 1 0 0 0 0 0 1 0 0 0 0 0
images/hawaii/0537_700472860.jpg 0 0 0 1 0 0 0 0 0 0 1 0 0 0 1 0 1 0 0 0 0
images/stems/0066_529341513.jpg 0 0 0 1 0 0 0 0 0 0 0 0 0 0 1 0 0 0 0 0 0
images/hills/0320_501841889.jpg 0 0 0 0 0 0 1 0 0 0 0 1 0 1 1 0 0 0 0 1 0
images/houseboat/0037_499220545.jpg 0 1 0 1 0 0 0 0 0 0 0 1 0 0 1 0 0 1 0 1 1
images/booby/0282_729570968.jpg 1 0 0 0 0 0 0 0 0 0 0 0 0 0 0 0 0 0 0 0 0
images/urban_park/0026_2166520713.jpg 0 0 0 0 0 0 0 0 0 0 1 0 0 0 0 1 0 1 0 0 0
images/host/0509_2295984412.jpg 0 0 0 0 0 0 0 0 0 0 0 0 0 0 1 0 0 0 0 0 0
images/swimming/0264_2538341801.jpg 0 0 0 0 0 0 0 0 1 1 0 0 0 0 0 0 1 0 0 1 0
images/funeral/0210_339152719.jpg 0 0 0 0 0 0 0 0 0 1 0 0 0 0 0 0 0 0 0 0 0
images/peaks/0359_2680552148.jpg 0 0 0 1 0 0 0 1 0 0 0 0 0 1 1 0 0 0 0 0 0
images/ground_crew/0014_1918738113.jpg 0 0 0 0 0 0 0 0 0 0 0 0 1 0 0 0 0 0 0 0 1
images/rowboat/0525_40253668.jpg 0 0 1 0 0 0 0 0 0 1 0 0 0 0 0 0 0 0 1 1 0
images/city/0046_1088190629.jpg 0 0 1 0 0 0 0 1 0 0 0 0 0 0 1 0 0 0 0 0 0
images/nest/0309_436655344.jpg 1 0 0 1 0 0 0 0 0 0 0 0 0 0 1 0 0 0 0 0 0
images/glacier/0438_1980570114.jpg 0 0 0 1 0 0 0 1 0 0 0 0 0 1 1 1 0 1 0 0 0
images/prayer/0512_2293827778.jpg 0 0 0 0 0 1 0 0 1 0 0 0 0 0 0 0 0 0 0 1 0
images/cows/0503_2231974004.jpg 1 0 0 1 0 0 0 0 0 0 0 0 0 0 1 0 0 0 0 0 0
images/hawaii/0056_365338074.jpg 0 1 0 1 0 0 1 0 1 0 0 0 0 0 1 0 1 0 0 1 0
images/anemone/0032_116187127.jpg 0 0 0 1 0 0 0 0 0 0 0 0 0 1 0 0 0 0 0 1 0
images/store/0274_2296587514.jpg 0 0 1 0 0 0 0 0 0 0 0 0 0 0 0 0 0 0 0 0 0
images/chrysanthemums/0365_49806239.jpg 0 0 0 0 1 0 0 0 0 0 0 0 0 0 0 0 0 0 0 0 0
images/pickup_truck/0391_120636701.jpg 0 0 0 0 0 0 0 0 0 1 1 0 0 0 0 0 0 0 0 0 1
images/peaks/0355_37194399.jpg 0 0 0 0 0 0 0 1 0 0 0 0 0 0 1 1 0 0 0 0 0
images/oahu/0486_2442886060.jpg 0 0 0 1 0 0 1 0 1 0 0 1 0 0 1 0 1 0 0 1 0
images/tulip/0545_2720015179.jpg 0 0 0 0 1 0 0 0 0 0 1 0 0 0 0 0 0 0 0 0 0
images/tomb/0021_491237529.jpg 1 0 0 0 0 0 0 0 0 0 0 0 0 0 0 0 0 0 0 0 0
images/river_bank/0549_344096582.jpg 0 0 0 0 0 0 0 0 1 0 0 0 0 0 1 0 0 1 0 0 0
images/rocks/0342_247373865.jpg 0 1 0 1 0 0 0 0 1 0 0 0 0 1 1 0 0 0 0 1 0
images/horizon/0578_456253903.jpg 0 0 0 1 0 0 1 1 1 0 0 1 0 1 1 0 0 0 0 1 0
images/valleys/0642_258341893.jpg 0 0 0 0 0 0 0 1 0 0 0 0 0 1 1 0 0 0 0 0 0
images/crops/0302_501154373.jpg 0 0 0 0 1 1 0 0 0 0 0 0 0 0 0 0 0 1 0 0 0
images/valleys/0623_299004284.jpg 0 0 0 0 0 1 0 0 0 0 1 0 0 0 1 0 0 0 0 0 0
images/iguana/0572_49691025.jpg 1 0 0 0 0 0 0 0 0 0 0 0 0 0 0 0 0 0 0 0 0
images/vines/0470_266356266.jpg 0 0 0 0 0 0 0 0 0 0 0 0 0 0 0 0 0 0 0 0 1
images/coast/0356_450981068.jpg 0 1 0 1 0 0 0 0 1 0 0 0 0 0 0 0 1 1 0 1 0
images/maps/0636_41081202.jpg 0 0 0 0 0 0 0 0 0 0 0 0 0 0 0 0 0 0 0 1 0
images/skiing/0521_219269160.jpg 0 0 0 0 0 0 0 0 0 0 0 0 0 1 1 1 0 1 0 0 0
images/farms/0596_1804713061.jpg 0 0 1 0 0 1 0 0 0 0 0 0 0 0 0 0 0 0 0 0 1
images/carpet/0468_2414709975.jpg 0 0 0 0 1 0 0 0 0 0 0 0 0 0 0 0 0 0 0 0 0
images/hills/0351_2382629357.jpg 0 0 0 0 0 0 0 1 0 0 0 1 0 0 1 0 0 0 0 1 0
images/column/0345_2056604667.jpg 0 0 0 0 0 0 0 0 0 0 0 0 0 0 0 0 0 0 0 0 1
images/shrubs/0312_2058412457.jpg 0 0 0 0 0 1 0 0 0 0 1 0 1 0 0 1 0 0 0 0 0
images/sun/0440_216104228.jpg 0 1 0 0 0 0 0 0 0 0 0 0 0 0 1 0 0 0 0 1 0
images/military_base/0377_1083197612.jpg 0 0 0 0 0 0 0 0 0 0 0 0 0 0 0 0 0 0 0 1 0
images/aircraft_carrier/0598_298031594.jpg 0 0 0 0 0 0 0 0 0 0 0 0 0 0 1 0 0 0 0 0 0
images/hill/0066_469744027.jpg 0 0 0 1 0 1 0 1 0 0 0 0 0 0 1 0 0 0 0 0 0
images/sphinx/0522_243234027.jpg 0 0 0 0 0 0 0 0 0 0 0 0 0 1 1 0 0 0 0 0 0
images/rowboat/0430_90791755.jpg 0 1 0 1 0 0 0 0 0 0 0 1 0 0 1 0 0 0 0 1 0
images/model/0088_145485774.jpg 0 0 0 0 0 0 0 0 0 0 0 0 0 0 0 0 0 0 1 0 1
images/door/0078_353556442.jpg 0 0 1 0 0 0 0 0 0 0 0 0 0 0 0 0 0 0 0 0 1
images/subway_station/0446_1886575724.jpg 0 0 0 0 0 0 0 0 0 1 0 0 0 0 0 0 0 0 0 0 1
images/hillside/0420_2251210646.jpg 0 0 0 1 0 0 0 0 0 1 0 0 0 0 1 0 0 0 0 0 0
images/golf_player/0010_2530042325.jpg 0 0 0 0 0 1 0 0 0 0 0 1 0 0 1 0 0 0 0 1 0
images/swimming_pools/0430_278720620.jpg 0 1 0 1 0 0 0 0 0 0 0 0 0 0 1 0 0 0 0 1 0
images/highway/0326_2595072160.jpg 0 0 0 1 0 1 0 1 0 0 0 0 1 0 1 0 0 0 0 0 1
images/shrubs/0037_2452832052.jpg 0 0 0 0 0 1 1 0 0 0 1 0 0 0 1 0 0 0 0 1 0
images/raft/0415_230357258.jpg 0 1 0 0 0 0 0 0 0 0 0 0 0 0 1 0 0 0 1 1 0
images/waterfalls/0278_1801874766.jpg 0 0 0 0 0 0 1 0 0 0 0 0 0 0 0 0 0 0 0 0 0
images/facade/0277_437674005.jpg 0 0 1 0 0 0 0 0 0 0 0 0 0 0 0 0 0 0 0 0 0
images/shrubs/0257_439966156.jpg 0 0 0 0 0 1 0 0 0 0 1 0 0 0 0 0 0 1 0 0 0
images/slope/0552_1469564469.jpg 0 0 1 0 0 0 0 0 0 0 0 0 0 0 1 0 0 0 0 0 1
images/trunk/0455_146368087.jpg 0 0 0 0 0 1 0 0 0 0 1 0 0 0 0 0 0 1 0 0 0
images/houseboat/0022_2148123252.jpg 0 0 0 1 0 0 1 0 1 0 0 0 0 0 1 0 0 0 0 1 1
images/plants/0299_1498351564.jpg 0 0 0 0 0 1 0 1 0 0 1 0 0 0 0 0 0 0 0 1 0
images/pole/0304_2254423282.jpg 0 0 0 1 0 0 0 0 1 0 0 0 0 0 1 0 0 0 0 0 0
images/lake/0086_145447896.jpg 0 0 0 1 0 0 1 0 0 0 0 1 0 0 1 0 1 0 0 1 0
images/amusement_park/0235_2613698623.jpg 0 0 0 1 0 0 0 0 0 0 0 0 0 0 1 0 0 0 0 0 0
images/islands/0236_1578799226.jpg 0 0 1 0 0 0 0 0 0 0 0 0 0 0 0 0 0 0 0 0 1
images/guest/0639_2371095251.jpg 0 0 0 0 0 0 0 0 0 0 0 0 1 0 0 0 0 0 1 0 0
images/rocks/0523_2379177359.jpg 0 1 0 1 0 0 0 0 1 0 0 0 0 1 1 0 0 0 0 1 0
images/hill/0255_2217145804.jpg 0 0 0 0 0 1 0 0 0 0 1 0 0 0 1 0 0 1 0 0 0
images/tornado/0626_1104408662.jpg 0 0 0 0 1 0 0 0 0 0 1 0 0 0 0 0 0 0 0 0 0
images/submarine/0012_95729365.jpg 0 0 0 0 0 0 1 0 1 0 0 0 0 0 1 0 0 0 0 1 0
images/fields/0302_2428378006.jpg 0 0 0 1 1 1 0 0 0 0 1 0 0 0 1 0 0 1 0 0 0
images/autumn/0518_459662508.jpg 0 0 0 0 0 1 0 0 0 0 0 0 0 0 0 0 0 1 0 0 0
images/ocean/0559_431020421.jpg 0 1 0 0 0 0 0 0 1 0 0 0 0 0 1 0 0 0 0 1 0
images/basketball/0030_2081362385.jpg 0 0 0 1 0 0 0 0 0 0 0 0 0 0 1 0 1 0 0 1 0
images/path/0550_1450635803.jpg 0 0 0 1 0 1 0 0 0 0 0 0 0 0 1 0 1 0 0 0 0
images/shore/0095_328921982.jpg 0 0 0 1 0 0 1 0 1 0 0 0 0 0 1 0 1 0 0 1 0
images/mast/0319_278641176.jpg 0 0 0 0 0 0 0 0 1 0 0 1 0 0 0 0 0 0 0 1 0
images/shell/0288_162877585.jpg 0 1 0 0 0 0 0 0 1 0 0 0 0 0 0 0 0 0 0 0 0
images/prisoner/0384_437768557.jpg 0 0 0 0 0 1 0 0 0 0 0 0 0 0 1 0 0 0 0 0 0
images/shipyards/0018_2614374496.jpg 0 0 1 0 0 0 0 0 0 0 0 0 0 0 1 0 0 0 0 0 0
images/powerlines/0057_2572056093.jpg 0 0 1 0 0 1 0 1 0 0 0 0 0 0 0 0 0 0 0 0 0
images/reefs/0438_311137800.jpg 0 1 0 1 0 0 1 0 1 1 0 0 0 0 1 0 0 0 0 1 0
images/runway/0475_2235767058.jpg 0 0 0 1 0 0 0 0 0 0 0 0 0 0 1 0 0 0 1 0 0
images/shadows/0414_1484187627.jpg 0 0 0 0 0 0 0 0 0 1 0 0 0 0 0 0 0 0 0 0 0
images/formation/0024_2070653878.jpg 0 1 0 0 0 0 0 0 1 0 0 0 0 1 0 0 0 0 0 0 0
images/crops/0256_2505125775.jpg 0 0 0 1 0 1 0 0 0 0 0 0 0 0 1 0 0 1 0 0 0
images/stream/0504_2403238818.jpg 0 0 0 0 0 1 1 0 0 0 0 1 0 0 0 0 0 1 0 1 0
images/roofs/0519_376964636.jpg 0 0 0 1 0 0 0 0 0 0 0 0 0 0 1 0 0 0 0 0 0
images/pillar/0303_48982501.jpg 0 0 0 0 0 1 0 0 0 0 1 0 0 0 1 0 0 1 0 1 0
images/ship/0220_1333338663.jpg 0 0 0 1 0 0 1 0 1 0 0 0 0 0 1 0 0 0 1 1 0
images/sheep/0097_508929068.jpg 0 0 0 1 0 0 0 0 0 0 0 0 0 0 1 0 0 1 0 0 0
images/military_personnel/0070_1321530191.jpg 0 0 0 0 0 0 0 0 0 0 0 0 1 0 0 0 0 0 0 0 0
images/lynx/0385_2654041068.jpg 1 0 0 0 0 0 0 0 0 0 0 0 0 1 1 0 0 0 0 1 0
images/arch/0341_366610119.jpg 0 0 0 1 0 0 0 0 0 0 0 0 0 1 1 0 0 0 0 0 0
images/window/0555_2120707831.jpg 0 0 0 0 0 0 0 0 0 0 0 0 0 0 0 1 0 0 0 0 0
images/mosques/0313_350339322.jpg 0 0 1 1 0 0 1 0 0 0 0 1 0 0 1 0 0 0 0 1 0
images/train/0315_1776997343.jpg 0 0 0 0 0 0 0 0 0 0 0 0 1 0 0 0 0 0 1 0 1
images/cafe/0223_2741018563.jpg 1 0 0 0 0 1 0 0 0 0 0 0 0 0 1 0 0 0 0 0 0
images/individual/0473_2434773841.jpg 0 0 0 0 0 0 0 0 0 1 0 0 0 0 0 0 0 0 0 0 1
images/power_plant/0535_2400129728.jpg 0 0 1 1 0 0 0 0 0 0 0 1 0 0 1 0 0 0 0 1 0
images/skiing/0544_2148362355.jpg 0 0 0 0 0 0 0 0 0 0 0 0 0 0 0 0 0 1 0 0 0
images/harbor/0318_2496042967.jpg 0 0 1 1 0 0 1 0 1 0 0 0 0 0 1 0 0 0 1 1 0
images/trunk/0502_145795677.jpg 0 0 0 0 0 0 0 1 0 0 1 0 0 0 1 0 0 1 0 1 0
images/smoke_stack/0584_2340971019.jpg 0 0 1 1 0 0 0 0 0 0 0 0 0 0 1 0 0 0 0 0 0
images/perch/0575_46825303.jpg 0 1 0 0 0 0 1 0 1 0 0 0 0 1 1 0 1 0 0 1 0
images/peaks/0503_2211747649.jpg 0 0 0 0 0 0 0 0 0 0 0 0 0 0 0 1 0 0 0 0 0
images/pair/0225_1558028479.jpg 1 0 0 0 0 0 0 0 0 0 0 0 0 0 0 0 0 0 0 0 0
images/cooling_tower/0064_170206650.jpg 0 0 0 1 0 0 0 0 0 0 0 0 0 0 1 0 0 0 0 0 0
images/ships/0008_56252436.jpg 0 1 0 0 0 0 0 0 0 1 0 0 0 0 1 0 0 0 0 1 0
images/coast/0301_430437988.jpg 0 0 0 1 0 0 0 0 0 0 0 0 0 1 0 0 0 0 0 0 0
images/coast/0419_232730006.jpg 0 0 0 1 0 0 0 0 0 0 0 0 0 1 1 0 0 0 0 0 0
images/cars/0597_864958389.jpg 0 0 0 0 0 0 0 0 0 0 0 0 1 0 0 0 0 0 0 1 0
images/slope/0297_2090582215.jpg 0 0 1 0 0 0 0 0 0 0 0 0 0 0 1 0 1 1 0 0 0
images/rabbit/0551_2558213725.jpg 1 0 0 0 0 0 0 0 0 0 0 0 0 0 0 0 0 0 0 0 0
images/tiger/0401_2558016261.jpg 1 0 0 0 0 0 0 0 0 0 0 0 0 0 0 0 0 0 0 0 0
images/alley/0100_2415133297.jpg 0 0 0 0 0 1 0 0 0 0 0 0 1 0 0 0 0 1 0 0 0
images/bay/0589_2123568566.jpg 0 0 0 1 0 0 1 0 1 0 0 0 0 0 1 0 0 0 0 1 0
images/land/0548_1849442494.jpg 0 0 0 1 0 0 0 0 1 0 0 0 0 0 1 0 1 0 0 0 0
images/lakes/0513_510994188.jpg 0 0 0 0 0 1 1 0 0 0 1 0 0 1 1 0 0 0 0 1 0
images/buildings/0670_1802920463.jpg 0 0 0 0 0 0 0 0 1 0 0 0 0 1 1 0 0 0 0 1 0
images/frigate/0434_2694439107.jpg 0 0 0 1 0 0 0 0 1 0 0 0 0 0 1 0 0 0 0 1 0
images/anemone/0065_482616536.jpg 0 0 0 0 1 0 0 0 0 0 0 0 0 0 0 0 0 0 0 0 0
images/door/0206_2048162396.jpg 0 0 0 0 0 0 0 0 0 0 0 0 0 0 1 0 0 1 0 0 1
images/sphinx/0283_1293892855.jpg 0 0 0 0 0 0 0 0 0 0 0 0 0 0 1 0 0 0 0 0 0
images/windows/0037_232913658.jpg 0 0 0 1 0 0 1 0 0 0 0 0 0 0 1 0 1 0 0 0 0
images/pots/0466_184363013.jpg 0 0 0 0 1 0 0 0 0 0 1 0 0 0 0 0 0 0 0 0 0
images/albatross/0245_1066649327.jpg 1 0 0 0 0 0 0 0 0 0 0 0 0 0 0 0 0 0 0 1 0
images/sailboats/0540_280939505.jpg 0 0 0 1 0 0 0 0 0 0 0 0 0 0 1 0 0 0 0 0 0
images/rocks/0552_350123467.jpg 0 1 0 1 0 0 1 0 1 0 0 0 0 1 1 0 0 0 0 1 0
images/cow/0297_1128630075.jpg 1 0 0 0 0 1 0 0 0 1 0 0 0 0 0 0 0 0 0 0 0
images/buddhist/0323_2218892994.jpg 0 0 0 1 0 0 0 0 0 0 0 0 0 0 1 0 0 0 0 0 0
images/bazaar/0473_2332740357.jpg 0 0 0 0 0 1 0 0 0 0 0 0 0 0 0 0 0 0 0 0 0
images/range/0496_558434540.jpg 0 0 0 1 0 1 1 1 0 0 1 0 0 1 1 1 0 0 0 1 0
images/tennis/0643_2400911632.jpg 1 0 0 0 0 1 0 0 0 0 0 0 0 0 0 0 0 0 0 0 0
images/mosques/0279_226450238.jpg 0 0 1 1 0 0 0 0 0 0 0 0 1 0 1 0 0 0 0 0 0
images/pebbles/0380_116026409.jpg 0 0 0 1 0 0 0 0 1 0 0 0 0 0 1 0 0 0 0 1 0
images/stems/0083_2218188964.jpg 0 0 1 0 0 0 0 0 0 0 0 0 0 0 1 0 0 0 0 0 0
images/white_house/0237_560013736.jpg 0 0 1 0 0 0 0 0 0 1 0 0 0 0 0 0 0 0 0 0 1
images/shrubs/0097_705629898.jpg 0 0 0 0 1 1 0 0 0 0 1 0 0 0 0 0 0 1 0 0 0
images/steps/0251_2111921851.jpg 0 0 0 0 1 0 0 0 0 0 0 0 0 0 0 0 0 0 0 0 0
images/machine_guns/0095_2474750473.jpg 0 0 0 0 0 0 0 0 0 0 0 0 0 0 0 0 0 0 1 0 0
images/hotel/0599_47412894.jpg 0 0 1 1 0 0 0 0 0 0 0 0 0 0 0 0 0 0 0 1 0
images/dock/0057_726353356.jpg 0 0 0 1 0 0 1 0 1 0 0 0 0 0 1 0 0 0 0 0 0
images/pickup_truck/0217_1386102912.jpg 0 0 0 0 0 1 0 0 0 1 0 0 0 0 1 0 0 0 1 0 0
images/lake/0661_2420557455.jpg 0 0 0 0 0 0 1 0 0 0 0 1 0 0 1 0 0 0 0 0 0
images/architecture/0481_2038458347.jpg 0 0 0 1 0 0 1 0 0 0 0 1 0 0 1 0 0 0 0 1 0
images/swimming/0593_2112684118.jpg 0 0 0 1 0 0 0 0 1 1 0 0 0 0 1 0 0 0 0 1 0
images/field/0512_2060468993.jpg 0 0 0 1 0 1 0 0 0 0 1 0 0 0 1 0 0 0 0 0 0
images/chrysanthemums/0500_2476549076.jpg 0 0 0 0 0 0 0 0 0 1 0 0 0 0 0 0 0 0 0 0 0
images/boy/0553_2574836931.jpg 0 0 0 0 0 0 0 0 0 1 0 0 0 0 0 0 0 0 0 0 0
images/cityscape/0386_2234226870.jpg 0 0 1 1 0 0 0 0 0 0 0 0 0 0 1 0 0 0 0 0 0
images/zoos/0490_2053700230.jpg 1 0 0 0 0 0 0 0 0 0 0 0 0 1 0 0 0 0 0 0 0
images/harbors/0210_2674552720.jpg 0 0 1 0 0 0 0 0 0 0 0 0 0 0 1 0 0 0 0 0 0
images/hills/0458_2188793926.jpg 0 0 0 1 0 1 0 0 0 0 1 0 0 0 1 0 0 0 0 0 0
images/frozen/0247_2488408.jpg 0 0 0 0 0 0 0 0 0 0 0 0 0 1 0 0 0 0 0 0 0
images/plants/0204_24814774.jpg 0 0 0 0 0 0 0 0 0 0 1 0 0 0 0 0 0 0 0 0 0
images/television_tower/0333_59367381.jpg 0 0 1 0 0 0 0 0 0 0 0 0 0 0 1 0 0 0 0 0 1
images/hill/0248_2222861316.jpg 0 0 0 1 0 0 1 0 1 0 0 0 0 1 1 0 0 0 0 1 0
images/white_house/0324_1888918270.jpg 0 0 1 0 0 0 0 0 0 0 0 0 0 0 1 0 0 0 0 0 1
images/run/0453_500975084.jpg 0 0 0 0 0 0 0 0 0 0 0 0 0 0 0 0 1 0 0 0 0
images/valley/0485_1643492293.jpg 0 0 0 1 0 0 1 0 0 0 0 1 0 1 1 0 0 0 0 1 0
images/meadow/0476_1921629860.jpg 0 0 0 0 0 0 0 1 0 0 0 0 0 0 1 1 0 1 0 0 0
images/bridges/0385_78883085.jpg 0 0 1 0 0 0 0 0 0 0 0 1 0 0 0 0 0 0 0 1 0
images/harbor/0469_1717430470.jpg 0 0 1 0 0 0 0 0 0 0 0 0 0 0 0 0 0 0 0 1 0
images/hillside/0513_315502578.jpg 0 0 0 0 0 1 0 0 0 0 0 0 0 0 0 0 0 0 0 0 0
images/truck/0383_1103004765.jpg 0 0 0 0 0 0 0 0 0 0 0 0 1 0 0 0 0 0 1 0 0
images/light/0582_340562003.jpg 0 0 0 1 0 0 1 0 1 0 0 0 0 0 1 0 0 0 0 1 0
images/reporters/0315_160271331.jpg 0 0 1 0 0 0 0 0 0 0 0 0 0 0 0 0 0 0 0 0 1
images/coast/0336_471309372.jpg 0 1 0 1 0 0 1 1 1 0 0 0 0 1 1 0 1 0 0 0 0
images/flag/0589_2299020418.jpg 0 1 0 1 0 0 1 0 1 0 0 0 1 0 1 0 1 0 0 1 0
images/animal/0409_1675682584.jpg 1 0 0 0 0 0 0 0 0 0 0 0 0 0 0 0 0 0 0 0 0
images/slope/0250_2228593641.jpg 0 0 0 0 0 0 0 0 0 0 1 0 0 0 1 1 0 1 0 0 0
images/airport_terminal/0070_155536518.jpg 0 0 0 1 0 1 0 1 1 0 0 0 0 0 1 0 0 0 0 1 0
images/landing_craft/0027_2424842355.jpg 0 0 0 1 0 0 1 0 1 0 0 0 0 0 1 0 0 0 0 1 0
images/meadow/0352_120581199.jpg 0 0 0 1 0 1 1 1 0 0 1 0 0 1 1 0 0 0 0 1 0
images/plain/0300_324133102.jpg 0 0 0 1 0 0 1 0 1 0 0 0 0 0 1 0 1 0 1 0 0
images/road_block/0178_889125956.jpg 0 0 0 0 0 0 0 0 0 1 0 0 1 0 0 0 0 0 0 0 0
images/road_block/0021_2509183709.jpg 0 0 1 0 0 0 0 0 0 0 0 0 1 0 0 0 0 0 0 0 1
images/horizon/0492_2264140939.jpg 0 0 0 1 0 0 0 0 1 1 0 0 0 0 1 0 0 0 0 1 0
images/barge/0257_651741916.jpg 0 0 0 0 0 0 0 0 0 0 0 1 0 0 1 0 0 0 0 1 0
images/horse/0445_397574114.jpg 1 0 0 0 0 0 0 0 0 0 0 0 0 0 0 0 0 0 0 0 0
images/garden/0241_196216015.jpg 0 0 0 0 0 1 0 1 0 0 1 0 0 0 1 0 0 0 0 0 0
images/rapids/0398_2086289388.jpg 0 0 0 1 0 0 1 0 0 0 1 0 0 0 0 0 0 0 0 1 0
images/arctic/0547_1780158521.jpg 0 0 0 0 0 1 1 1 0 0 0 1 0 1 0 0 0 0 0 1 0
images/conference_room/0412_2185170546.jpg 0 0 0 0 0 0 0 0 0 1 0 0 0 0 0 0 0 0 0 0 0
images/urban_park/0238_2106804850.jpg 0 1 1 1 0 0 0 0 0 0 0 0 0 0 1 0 0 0 0 0 0
images/classroom/0287_1360407092.jpg 0 0 0 0 0 0 0 0 0 0 0 0 0 0 0 0 0 0 0 0 1
images/cul-de-sac/0020_315591946.jpg 0 0 0 0 0 0 0 0 0 0 0 0 1 0 0 0 0 0 0 0 0
images/camera/0352_1324368504.jpg 0 0 0 0 1 0 0 0 0 0 0 0 0 0 0 0 0 0 0 0 0
images/cliff/0461_2193695603.jpg 0 0 0 0 0 0 0 0 0 0 0 0 0 1 0 0 0 0 0 1 0
images/furniture/0256_2143363587.jpg 0 0 0 1 0 0 0 0 0 0 0 0 1 0 1 0 0 0 0 0 0
images/clearing/0422_479000948.jpg 0 0 1 0 0 0 0 0 0 0 0 0 0 0 0 0 0 0 0 0 1
images/lily/0091_1890374435.jpg 0 0 0 0 1 0 0 0 0 0 0 0 0 0 0 0 0 0 0 0 0
images/empire_state/0373_1311750089.jpg 0 0 1 0 0 0 0 0 0 0 0 0 0 0 1 0 1 0 0 0 0
images/armored_vehicles/0004_314285121.jpg 0 0 0 0 0 0 0 0 0 1 0 0 0 0 0 0 0 0 1 0 0
images/bank/0297_226764576.jpg 0 0 1 0 0 1 0 0 0 0 0 0 0 0 1 0 0 0 0 0 0
images/stems/0397_147548852.jpg 0 0 0 0 0 0 0 0 0 0 1 0 0 0 0 0 0 0 0 0 0
images/vines/0342_108740178.jpg 0 0 0 0 0 0 0 0 0 0 0 0 0 0 0 0 0 0 0 0 1
images/officers/0201_2104064189.jpg 1 0 0 0 0 1 0 0 0 1 0 0 0 0 0 0 0 0 0 0 0
images/rockface/0492_1392748373.jpg 0 0 0 1 0 0 0 1 0 0 0 0 0 0 1 1 0 0 0 0 0
images/leaf/0350_145589990.jpg 0 0 0 0 0 0 0 0 0 0 1 0 0 0 0 0 0 0 0 0 0
images/vehicle/0491_229028589.jpg 0 0 0 0 0 0 0 0 0 1 0 0 1 0 0 0 0 0 1 0 0
images/hu_jintao/0042_172375178.jpg 0 0 0 0 0 0 0 0 0 0 0 0 1 0 0 0 0 0 0 0 0
images/sidewalks/0388_315202755.jpg 0 0 0 0 0 0 0 0 0 1 0 0 0 0 0 1 0 0 1 0 0
images/fog/0478_339646825.jpg 0 0 0 0 0 0 0 0 0 0 1 0 0 0 0 0 0 1 0 0 0
images/castle/0033_470301262.jpg 0 0 0 1 0 1 0 0 0 0 0 1 0 0 1 0 0 0 0 1 0
images/cathedral/0289_1659996344.jpg 0 0 0 0 0 0 0 0 0 0 0 0 0 0 0 0 0 0 0 0 1
images/clock_tower/0367_2052830704.jpg 0 0 1 1 0 0 0 0 0 0 0 0 0 0 1 0 0 0 0 0 0
images/swimmers/0305_2271805553.jpg 0 0 1 0 0 0 0 0 0 0 0 0 0 0 0 0 0 0 0 1 0
images/porcupine/0204_2266525547.jpg 0 0 0 1 0 0 0 0 0 0 1 0 0 0 1 0 0 1 0 0 0
images/grass/0319_372433168.jpg 0 0 0 0 0 1 0 0 0 0 0 0 1 0 1 0 0 1 0 1 0
images/market/0590_96482636.jpg 0 0 1 0 0 0 0 0 0 0 0 0 1 0 0 0 0 0 0 0 1
images/athlete/0356_2206282062.jpg 0 1 0 1 0 0 0 0 0 1 0 0 0 0 1 0 0 0 0 0 0
images/earthquake/0208_109594655.jpg 0 0 0 0 1 1 0 0 0 0 0 0 0 0 0 0 0 0 0 0 0
images/mare/0321_2291446610.jpg 0 0 0 1 0 1 0 1 1 0 0 0 0 0 1 0 0 0 0 1 0
images/battleship/0025_779187539.jpg 0 0 0 1 0 0 0 0 0 0 0 0 0 0 1 0 0 0 0 0 0
images/military_base/0380_2601252596.jpg 0 0 1 0 0 0 0 0 0 0 0 0 0 0 0 0 0 0 0 0 1
images/boy/0206_34849985.jpg 0 0 0 1 0 0 1 0 1 1 0 0 0 0 1 0 0 0 0 1 0
images/clock_tower/0355_49446706.jpg 0 0 1 1 0 0 0 0 0 0 0 0 0 0 1 0 0 0 0 0 0
images/underpass/0089_233559762.jpg 0 0 0 0 0 0 0 0 0 0 0 0 1 0 0 0 0 0 0 0 0
images/streets/0459_1998973253.jpg 0 0 0 0 0 0 0 0 0 1 0 0 0 0 0 0 0 0 0 0 0
images/apartments/0376_1021936548.jpg 0 0 0 0 0 0 0 0 0 0 0 0 0 0 0 0 0 0 0 0 1
images/indian/0585_2530376447.jpg 0 0 0 0 0 1 0 0 0 0 1 0 0 0 0 0 0 0 0 1 0
images/helicopters/0206_2263127796.jpg 0 0 0 1 0 0 1 0 1 0 0 0 0 0 1 0 0 0 1 1 0
images/frozen/0291_2052945315.jpg 0 0 0 0 0 0 0 0 0 0 0 0 0 0 0 0 0 1 0 0 0
images/arctic/0086_209751315.jpg 0 0 0 1 0 0 1 0 0 0 0 1 0 0 1 0 0 1 0 1 0
images/landscape/0458_223893961.jpg 0 0 0 0 0 1 0 0 0 0 1 0 0 0 1 0 0 0 0 0 0
images/highway/0580_375525274.jpg 0 1 0 1 0 0 1 0 1 0 0 0 0 0 1 0 1 0 0 1 0
images/aircraft_carrier/0429_2492982398.jpg 0 0 0 1 0 0 0 0 0 0 0 0 1 0 1 0 0 0 0 1 0
images/floor/0235_1541447264.jpg 0 0 0 1 0 0 0 0 0 0 0 0 0 0 1 0 0 0 0 0 0
images/skiing/0383_2224010193.jpg 0 0 0 1 0 0 0 1 0 0 0 0 0 0 1 1 0 0 0 0 0
images/cougar/0581_1779431158.jpg 0 0 0 0 0 0 0 0 0 0 0 0 0 0 1 0 0 0 0 0 1
images/arctic/0458_205139914.jpg 0 0 0 1 0 0 1 1 1 0 0 1 0 0 1 0 0 0 0 1 0
images/lake/0668_188687861.jpg 0 0 0 1 0 0 1 1 0 0 0 1 0 0 1 0 0 0 0 1 0
images/cars/0447_354106768.jpg 0 0 0 0 0 0 0 0 0 0 0 0 0 0 0 0 0 0 0 0 1
images/embassy/0379_117930702.jpg 0 0 1 0 0 0 0 0 0 0 0 0 0 0 1 0 0 0 0 0 1
images/pond/0370_1940831584.jpg 0 0 0 1 0 0 1 0 0 0 0 1 0 0 1 0 0 0 0 1 0
images/judge/0401_2718650611.jpg 0 0 0 0 0 0 0 0 0 1 0 0 0 0 0 0 0 0 0 0 0
images/town/0591_2693639861.jpg 0 0 1 1 0 0 0 0 0 0 0 0 0 0 1 0 1 0 0 0 0
images/ditch/0525_795651825.jpg 0 0 0 0 0 0 0 0 0 0 0 0 0 0 1 0 0 1 0 0 0
images/wood/0484_1184770557.jpg 0 0 0 1 0 0 1 0 0 0 1 1 0 0 1 0 1 0 0 1 0
images/hills/0568_1799469645.jpg 0 0 0 0 0 0 1 0 0 0 1 0 0 0 1 0 0 0 0 1 0
images/smoke/0566_2551314088.jpg 0 0 1 0 0 0 0 0 0 0 0 0 0 1 0 0 0 0 0 0 1
images/sand/0544_570617693.jpg 0 1 0 1 0 0 0 0 1 0 0 0 0 0 1 0 0 0 0 1 0
images/maui/0277_1470610993.jpg 0 0 0 1 0 0 1 0 1 0 0 0 0 0 1 0 1 0 0 1 0
images/scotland/0576_2634399583.jpg 0 0 0 1 0 0 0 1 0 0 0 0 0 1 1 0 0 0 0 0 0
images/cows/0599_2573793538.jpg 1 0 0 1 0 1 0 0 0 0 0 0 0 0 1 0 0 0 0 1 0
images/first_lady/0057_268253530.jpg 0 0 0 0 0 0 0 0 0 1 0 0 0 0 0 0 0 0 0 0 0
images/hospital/0430_2291789570.jpg 1 0 0 0 0 0 0 0 0 0 0 0 0 0 0 0 0 0 0 1 0
images/calf/0310_368323526.jpg 0 0 0 0 0 0 0 0 0 0 0 0 0 1 0 0 0 0 0 0 0
images/harbor/0324_2625323124.jpg 0 0 1 1 0 0 0 0 0 0 0 0 0 0 1 0 0 0 1 0 0
images/formation/0296_2551672599.jpg 0 0 0 0 0 0 0 1 0 0 0 0 0 0 1 0 0 0 0 0 0
images/art/0411_256457642.jpg 0 0 0 1 0 0 0 0 0 0 0 0 0 1 1 0 0 0 0 0 0
images/bay/0427_2081477503.jpg 0 0 1 1 0 0 0 0 0 0 0 0 0 0 0 0 0 0 0 1 1
images/post/0072_2242854327.jpg 0 0 0 1 0 0 0 0 0 0 0 0 0 0 1 1 0 0 0 0 0
images/tanks/0616_2144305239.jpg 0 0 1 0 0 0 0 0 0 0 0 0 0 0 0 0 0 0 1 0 0
images/shore/0437_2273757829.jpg 0 1 0 1 0 0 1 0 1 0 0 0 0 0 1 1 1 0 0 1 0
images/prop/0459_2259597506.jpg 0 0 0 0 0 0 0 0 0 0 0 0 0 0 1 0 0 0 0 0 0
images/pyramid/0040_2131715250.jpg 0 0 0 1 0 1 1 1 0 0 0 1 0 1 1 0 0 1 0 1 0
images/sphinx/0518_871925535.jpg 0 0 0 0 0 0 0 0 1 0 0 0 0 0 1 0 0 0 0 1 0
images/avalanche/0274_84903352.jpg 0 0 0 0 0 0 0 0 0 0 0 0 0 1 0 1 0 0 0 0 0
images/beach/0416_425024500.jpg 0 1 0 1 0 0 1 0 1 0 0 0 0 1 0 0 0 0 0 1 0
images/canoe/0204_2565634445.jpg 0 0 0 1 0 0 1 0 0 0 0 1 0 0 1 0 1 0 0 1 0
images/meadow/0081_552040340.jpg 0 0 0 1 0 1 0 0 0 0 0 0 0 0 1 0 0 1 0 0 0
images/ground_crew/0436_117975383.jpg 0 0 0 1 0 1 0 0 0 0 0 0 0 0 0 0 0 0 0 0 0
images/canal/0348_2116794597.jpg 0 0 1 1 0 0 0 0 0 0 0 1 0 0 1 0 0 0 0 1 0
images/umbrella/0420_2509109478.jpg 0 1 0 1 0 0 0 0 0 0 0 0 0 0 1 0 1 0 0 1 0
images/telephones/0091_54083156.jpg 0 0 0 0 0 0 0 0 0 0 0 0 0 0 0 0 0 0 0 0 1
images/cubs/0216_264933987.jpg 1 0 0 0 0 0 0 0 0 0 0 0 0 0 0 0 0 0 0 0 0
images/architecture/0549_76649093.jpg 0 0 0 0 0 0 0 0 0 0 0 0 0 0 1 0 0 0 0 0 1
images/television_tower/0015_264280572.jpg 0 0 1 1 0 0 0 0 0 0 0 0 0 0 1 0 0 0 0 0 0
images/hawaii/0072_1431933926.jpg 0 1 0 1 0 0 1 0 1 0 0 0 0 1 1 0 1 0 0 1 0
images/mountain/0325_372037065.jpg 0 0 0 0 0 0 0 1 0 0 0 0 0 1 1 1 0 0 0 0 0
images/entertainment/0553_2629196483.jpg 1 0 0 0 0 0 0 0 0 1 0 0 0 0 0 0 0 0 0 0 0
images/sidewalks/0473_2430541793.jpg 0 0 0 0 0 0 0 0 0 0 0 0 1 0 1 0 0 0 1 0 1
images/fence/0206_205911536.jpg 0 0 0 1 0 1 1 0 0 0 0 1 0 0 1 0 0 0 0 1 0
images/sunny/0562_898330065.jpg 0 0 0 0 1 0 0 0 0 0 0 0 0 0 0 0 0 0 0 0 0
images/beach/0358_421886246.jpg 0 0 0 1 0 0 0 0 1 0 0 0 0 1 1 0 1 0 0 1 0
images/machine_guns/0375_532737582.jpg 0 0 1 0 0 0 0 0 0 1 0 0 0 0 0 0 0 0 1 0 0
images/carpet/0532_120331899.jpg 0 0 0 0 1 0 0 0 0 0 0 0 0 0 0 0 0 0 0 0 0
images/prisoner/0098_471285846.jpg 0 0 0 0 0 0 0 0 0 1 0 0 0 0 0 1 0 0 0 0 0
images/basketball/0365_399042663.jpg 0 0 0 1 0 0 0 0 0 1 0 0 0 0 1 0 0 0 0 0 0
images/bench/0250_1513346832.jpg 0 0 0 0 0 1 0 1 0 0 0 0 0 0 1 0 0 1 0 0 0
images/pebbles/0261_1460535706.jpg 0 1 0 1 0 0 0 0 0 0 0 0 0 1 1 0 0 0 0 1 0
images/desert/0080_2209239122.jpg 0 0 0 1 0 0 0 0 0 0 0 0 0 1 1 0 0 0 0 0 0
images/land/0276_2193689358.jpg 0 0 0 1 0 0 0 0 0 0 0 0 0 0 1 0 0 1 0 0 0
images/turn/0022_1213345560.jpg 0 1 0 0 0 0 0 0 0 1 0 0 0 0 1 0 0 0 0 0 0
images/silhouette/0536_92691743.jpg 0 0 0 1 0 0 0 0 0 1 0 0 0 0 0 1 0 0 0 0 0
images/jeep/0035_2563697722.jpg 0 0 0 1 0 0 0 0 0 0 0 0 1 0 1 0 0 0 0 0 1
images/fields/0443_2218741664.jpg 0 0 0 1 0 1 0 0 0 0 0 0 1 0 0 0 0 1 0 0 0
images/airport_terminal/0235_2291352147.jpg 0 0 0 1 0 0 1 0 0 0 0 0 0 0 1 0 0 0 0 0 0
images/pillar/0398_67658466.jpg 0 0 0 1 0 0 0 0 0 0 0 0 0 0 1 0 1 0 0 0 0
images/suits/0232_204826465.jpg 0 0 0 0 0 0 0 0 0 0 0 0 0 0 1 0 0 1 0 0 1
images/frozen/0049_69283726.jpg 0 0 0 1 0 0 0 0 0 0 0 0 0 0 1 0 0 0 0 0 1
images/palm/0090_778760077.jpg 0 1 0 1 0 0 0 0 1 0 0 1 0 0 1 0 0 0 0 1 0
images/pool/0095_543974066.jpg 0 0 0 0 0 0 0 0 0 0 0 0 0 0 1 0 0 0 0 1 0
images/islands/0593_411151040.jpg 0 0 0 1 0 0 0 1 0 0 0 0 0 0 1 0 1 0 0 0 0
images/cabin/0498_1388379739.jpg 0 0 1 1 0 1 0 0 0 0 0 0 0 0 1 0 0 0 0 0 1
images/donkeys/0344_100426016.jpg 1 0 0 1 0 0 0 0 0 0 0 0 1 0 1 0 0 0 0 0 0
images/hut/0478_2089730167.jpg 0 0 1 0 0 0 0 0 0 0 0 0 0 0 0 1 0 0 0 0 0
images/airport_terminal/0066_236875696.jpg 0 0 0 0 0 0 0 0 0 0 0 0 0 0 0 0 0 0 0 0 1
images/pole/0306_429262869.jpg 0 0 0 0 0 0 0 0 0 0 0 0 0 0 1 0 1 0 0 0 0
images/car_crash/0042_2375093152.jpg 0 0 1 0 0 0 0 0 0 1 0 0 0 0 1 0 0 0 0 0 1
images/bank/0237_1484271408.jpg 0 0 0 0 0 1 0 0 0 0 0 0 0 0 0 0 0 1 0 1 0
images/rockface/0374_262742925.jpg 0 0 0 1 0 0 1 1 1 0 0 0 0 1 1 1 0 0 0 1 0
images/rainbow/0656_32498607.jpg 0 0 1 0 0 0 0 0 0 0 0 0 0 0 0 0 0 0 0 0 0
images/ground_crew/0292_117969107.jpg 0 0 0 1 0 0 0 0 0 0 0 0 1 0 1 0 0 0 1 0 0
images/insurgents/0424_1278820876.jpg 0 0 0 0 0 0 0 0 0 1 0 0 1 0 0 0 0 0 0 0 0
images/aqueduct/0499_2390477201.jpg 0 0 1 1 0 1 1 0 0 0 0 1 0 0 1 0 0 0 1 0 1
images/shrubs/0021_510775339.jpg 0 0 0 0 1 0 0 0 0 0 1 0 0 0 0 0 0 0 0 0 0
images/town/0448_2169316979.jpg 0 0 0 1 0 0 0 0 0 0 0 0 0 0 1 1 0 1 0 0 0
images/urban_park/0615_2609714621.jpg 0 0 0 0 1 1 0 0 0 0 1 0 0 0 0 0 0 0 0 0 0
images/apartments/0469_2425544810.jpg 0 0 0 0 0 0 0 0 0 0 0 0 0 0 0 0 0 0 0 0 1
images/blooms/0327_153704793.jpg 0 1 0 1 1 1 0 0 1 0 0 0 0 0 1 0 1 0 0 0 0
images/golf/0086_1667074849.jpg 0 0 1 1 0 0 0 0 0 0 0 0 0 0 1 0 0 0 0 0 1
images/swimmers/0529_272079512.jpg 0 1 0 0 0 0 0 0 0 1 0 0 0 0 1 0 0 0 0 1 0
images/park/0607_2128992155.jpg 0 0 0 0 0 1 0 0 0 0 1 0 0 0 1 0 1 0 0 0 0
images/hotel/0510_511356366.jpg 0 0 1 0 0 0 0 0 0 0 0 0 0 0 0 0 0 0 0 0 1
images/conference_room/0656_349861343.jpg 0 0 0 0 0 0 0 0 0 1 0 0 1 0 0 0 0 0 0 0 0
images/cottage/0014_127859785.jpg 0 0 1 1 0 0 0 0 0 0 0 0 0 0 1 0 0 0 0 0 1
images/porcupine/0318_121664415.jpg 1 0 0 0 0 0 0 0 0 0 0 0 0 0 0 0 0 1 0 0 0
images/crops/0015_191484327.jpg 0 0 0 1 0 0 0 0 0 0 0 0 0 0 1 0 0 0 0 0 0
images/slope/0349_2609947468.jpg 0 0 0 1 0 0 0 0 0 0 1 0 0 0 1 0 0 1 0 0 0
images/houseboat/0462_485220755.jpg 0 0 0 0 0 0 0 0 0 0 0 0 0 0 0 0 0 0 0 0 1
images/meadow/0048_540551313.jpg 0 1 0 1 0 0 1 0 1 0 0 0 0 0 1 0 0 0 0 1 0
images/tanker/0251_1361679500.jpg 0 0 0 0 0 0 0 0 0 0 0 0 1 0 0 0 0 0 1 0 1
images/foals/0380_205231285.jpg 1 0 0 1 0 0 0 0 0 0 0 0 0 0 0 0 0 0 0 0 0
images/empire_state/0384_2523646512.jpg 0 0 1 1 0 0 1 0 0 0 0 0 0 0 1 0 0 0 0 1 0
images/boats/0458_2586955392.jpg 0 1 1 1 0 0 1 0 0 0 0 0 0 0 1 0 0 0 0 1 0
images/white_house/0049_366495512.jpg 0 0 1 0 0 0 0 0 0 0 0 0 1 0 1 1 0 0 0 0 0
images/weather/0635_2680617934.jpg 0 0 0 1 0 0 1 0 0 0 0 1 0 0 1 0 0 0 0 1 0
images/autumn/0364_1708453129.jpg 0 0 1 1 0 1 0 0 0 0 0 0 0 0 1 0 0 0 0 0 0
images/river/0227_2348903901.jpg 0 0 0 1 0 0 1 0 0 0 1 1 0 0 0 0 0 1 0 1 0
images/tiger/0485_2389218876.jpg 1 0 0 0 0 0 0 0 0 0 0 0 0 0 0 0 0 0 0 0 0
images/vegetation/0077_1805570446.jpg 0 0 0 1 0 1 0 0 0 0 1 0 0 0 1 0 0 0 0 0 0
images/car_racing/0282_35515971.jpg 0 0 0 0 0 0 0 0 0 0 0 0 0 0 0 0 0 0 1 0 1
images/formula/0432_182706522.jpg 0 0 0 0 0 0 0 0 0 1 0 0 0 0 0 0 0 0 0 0 0
images/elk/0587_224206513.jpg 1 0 0 0 0 1 0 0 0 0 0 0 0 0 1 0 0 0 0 0 0
images/waterways/0322_514794995.jpg 0 0 0 1 0 1 0 0 0 0 0 0 0 0 1 0 0 0 0 0 0
images/crops/0460_119996092.jpg 0 0 0 1 0 0 0 0 0 0 0 0 0 0 1 0 0 0 0 0 0
images/soldiers/0369_2223546251.jpg 0 0 0 0 0 0 0 0 0 1 0 0 0 0 0 0 0 0 0 0 0
images/tree/0008_2741267046.jpg 0 0 1 0 0 0 0 0 0 0 0 0 1 0 1 0 0 0 0 0 1
images/terrace/0477_2671108842.jpg 0 0 0 1 0 0 0 0 0 0 0 1 0 0 1 0 0 0 0 0 0
images/dog/0207_203795169.jpg 1 0 0 0 0 1 0 0 0 0 0 0 0 0 0 0 0 0 0 0 0
images/river_bank/0404_2111864840.jpg 0 0 0 1 0 0 1 0 0 0 0 1 0 0 1 0 0 0 0 1 0
images/eagle/0086_343711924.jpg 1 0 0 1 0 0 0 0 0 0 0 0 0 0 1 0 0 0 0 0 0
images/coral/0319_256029580.jpg 0 0 0 1 0 0 1 0 1 0 0 0 0 0 1 0 0 0 0 1 0
images/court/0335_1356233234.jpg 0 0 0 0 0 0 0 0 0 0 0 0 0 0 0 0 0 0 0 0 1
images/cubs/0336_449747800.jpg 1 0 0 0 0 1 0 0 0 0 0 0 0 0 0 0 0 0 0 0 0
images/hillside/0254_2225245719.jpg 0 0 0 0 0 0 0 0 0 0 0 0 0 0 0 1 0 1 0 0 0
images/tulip/0492_2315033016.jpg 0 0 0 0 1 0 0 0 0 0 1 0 0 0 0 0 0 0 0 0 0
images/mast/0440_952476440.jpg 0 0 0 1 0 0 1 0 0 0 0 0 0 0 1 0 0 0 0 1 0
images/george_bush/0338_269680610.jpg 0 0 1 0 0 1 0 0 0 0 0 0 0 0 1 0 0 0 0 0 0
images/arch/0442_118877763.jpg 0 0 0 0 0 0 1 0 0 0 0 0 0 0 0 0 0 0 0 0 0
images/ruins/0266_2197923760.jpg 0 1 0 0 0 0 0 0 1 0 0 0 0 0 1 0 0 0 0 0 0
images/cell_phones/0066_322396201.jpg 0 0 0 0 0 0 0 0 0 1 0 0 0 0 0 0 0 0 0 0 1
images/sailboats/0563_2041998266.jpg 0 0 0 0 0 0 0 0 0 0 0 1 0 0 0 0 1 0 0 1 0
images/blooms/0205_2372121995.jpg 0 0 0 0 1 0 0 0 0 0 1 0 0 0 0 0 0 0 0 0 0
images/coyote/0016_2159783088.jpg 1 0 0 0 0 0 0 0 0 0 0 0 0 0 0 1 0 0 0 0 0
images/grass/0403_139585100.jpg 0 0 0 1 0 1 1 0 0 0 1 1 0 0 1 0 1 0 0 1 0
images/waterways/0519_349234958.jpg 0 0 0 0 0 0 0 0 0 0 1 1 0 0 0 0 0 1 0 1 0
images/ice/0423_141311643.jpg 0 1 0 1 0 0 1 1 0 0 0 1 0 0 0 0 0 0 0 1 0
images/television_tower/0568_2407881137.jpg 0 0 1 1 0 0 0 0 0 0 0 0 0 0 1 0 0 0 0 0 0
images/bush/0253_2171424976.jpg 0 0 0 1 0 0 0 0 0 0 0 0 0 0 1 0 0 0 0 0 0
images/snow/0268_2113193070.jpg 0 0 0 0 0 0 0 0 0 0 1 0 0 0 1 1 0 1 0 0 0
images/skyline/0505_1088935697.jpg 0 0 0 1 0 0 0 0 0 0 0 0 0 0 1 0 1 0 0 0 0
images/road/0696_314235134.jpg 0 0 0 0 0 0 0 0 0 0 0 0 1 0 0 0 0 0 1 0 0
images/clouds/0213_221922041.jpg 0 0 0 0 0 0 1 1 1 0 0 1 0 0 1 0 0 0 0 1 0
images/barge/0100_155672912.jpg 0 0 0 1 0 0 1 0 0 0 0 1 0 0 1 0 0 0 0 1 0
images/cheering/0668_130787687.jpg 0 0 1 0 0 0 0 0 0 1 0 0 1 0 0 0 0 0 0 0 1
images/court/0549_1331186602.jpg 0 0 0 1 0 1 0 0 0 0 0 0 0 0 1 0 0 0 0 0 0
images/outside/0227_2374855886.jpg 0 1 0 1 0 0 0 0 1 0 0 0 0 0 1 0 1 0 0 1 0
images/cliff/0202_465021574.jpg 0 0 0 1 0 0 1 0 1 0 0 0 0 0 1 0 1 0 0 1 0
images/hut/0286_319925872.jpg 0 0 0 1 0 0 0 0 0 0 1 0 0 0 1 0 0 1 0 0 0
images/harvest/0510_189550798.jpg 0 0 0 1 0 0 0 0 0 0 0 0 0 0 1 0 0 0 0 0 0
images/mast/0088_2264130877.jpg 0 0 1 0 0 0 1 0 0 0 0 1 0 0 1 0 0 0 0 1 0
images/adult/0489_2550286660.jpg 0 0 0 0 0 0 0 0 0 0 1 0 0 0 0 0 0 0 0 0 0
images/street_battle/0083_2053620120.jpg 0 0 0 0 0 0 0 0 0 1 0 0 0 0 0 0 0 0 0 0 0
images/airplane/0519_504236140.jpg 0 0 0 0 0 0 0 0 0 1 0 0 0 0 1 0 0 0 0 0 0
images/pool/0293_81659655.jpg 0 0 0 0 0 0 0 0 0 0 0 0 0 0 0 0 0 0 0 1 0
images/meadow/0300_2502305709.jpg 0 0 0 0 1 1 0 0 0 0 0 0 0 0 0 0 0 0 0 0 0
images/natural_disasters/0403_2567803426.jpg 0 0 0 1 0 1 1 0 0 0 0 0 0 0 1 0 0 0 0 1 0
images/radar/0635_166560014.jpg 0 0 0 0 0 0 0 0 0 0 0 0 0 1 1 0 0 0 0 0 0
images/car_racing/0218_1624841520.jpg 0 0 0 0 0 0 0 0 0 0 0 0 1 0 0 0 0 0 1 0 0
images/oahu/0274_2472213021.jpg 0 0 0 1 0 0 1 1 0 0 0 1 0 0 1 0 0 0 0 1 0
images/bank/0593_2091764593.jpg 0 0 0 1 0 0 0 0 1 0 0 1 0 0 1 0 0 0 0 1 0
images/construction_site/0222_2432634654.jpg 0 0 0 0 0 0 0 0 0 0 0 0 0 0 1 0 0 0 0 0 1
images/vehicle/0082_497546764.jpg 0 0 0 1 0 0 0 0 0 0 0 0 0 0 1 0 0 0 1 0 1
images/riot/0546_125166689.jpg 0 0 1 0 0 0 0 0 0 1 0 0 0 0 0 0 0 0 0 0 0
images/grass/0321_2291592653.jpg 1 0 0 0 0 1 0 0 0 0 0 0 0 0 0 0 0 0 0 0 0
images/hotel/0007_2290447890.jpg 0 0 0 0 0 0 0 0 0 0 0 0 0 0 0 0 0 0 0 0 1
images/bay/0550_2681241824.jpg 1 0 0 0 0 0 0 0 0 0 0 1 0 0 0 0 0 0 0 1 0
images/shade/0338_43804430.jpg 0 0 0 0 0 0 0 1 0 0 0 1 0 0 1 1 0 0 0 1 1
images/nets/0687_2177106726.jpg 0 0 1 0 0 0 0 0 0 0 0 0 0 0 1 0 0 0 0 0 1
images/horizon/0209_62190334.jpg 0 0 0 1 0 0 0 0 0 0 0 0 0 0 0 0 0 0 0 0 1
images/wood/0529_1828817938.jpg 0 0 0 0 0 0 1 0 0 0 0 1 0 0 1 0 0 0 0 1 0
images/stock_market/0326_2402937153.jpg 0 0 1 0 0 0 0 0 0 0 0 0 0 0 1 0 0 0 0 0 1
images/canal/0312_2586831049.jpg 0 0 0 1 0 0 0 0 0 0 0 0 0 0 1 0 1 0 0 0 0
images/rifles/0667_1479967004.jpg 0 0 0 0 0 1 0 0 0 0 0 0 0 0 0 0 0 0 0 0 0
images/processing_plant/0040_2613613465.jpg 0 0 0 0 0 0 0 0 0 0 0 0 1 0 0 0 0 0 0 0 0
images/oahu/0402_2252781151.jpg 0 1 0 1 0 0 0 0 1 0 0 0 0 0 1 0 0 0 0 1 0
images/railroad/0671_1577478047.jpg 0 0 0 1 0 1 0 0 1 0 0 0 0 0 1 0 0 0 0 1 0
images/nighttime/0566_505621370.jpg 0 1 0 0 0 0 0 0 1 0 0 0 0 0 1 0 0 0 0 1 0
images/race/0230_2431829073.jpg 0 0 0 1 0 0 0 0 0 0 0 0 1 0 0 0 0 0 0 0 0
images/canyon/0385_595279494.jpg 0 0 0 0 0 0 0 0 0 0 0 0 0 0 1 0 0 0 0 1 0
images/vehicle/0348_181536454.jpg 0 0 0 1 0 0 0 0 0 0 0 0 1 0 1 0 0 0 1 0 1
images/helicopters/0064_24928678.jpg 0 0 0 1 0 0 0 0 0 0 0 0 0 0 1 0 0 0 1 0 0
images/houseboat/0068_2173288897.jpg 0 0 0 1 0 0 1 0 0 0 0 0 0 0 1 0 1 0 1 1 0
images/seals/0513_484398619.jpg 1 0 0 0 0 0 0 0 1 0 0 0 0 0 1 0 0 0 0 1 0
images/military_base/0630_421700404.jpg 0 0 1 0 0 0 0 0 0 0 0 0 0 0 1 0 0 0 0 0 0
images/bride/0214_2139533184.jpg 0 0 0 0 0 0 0 0 0 1 0 0 0 0 0 0 0 0 0 0 1
images/slope/0280_2092331211.jpg 0 0 0 1 0 1 0 0 0 0 1 0 0 0 1 0 0 1 0 0 0
images/antelope/0595_1355872624.jpg 1 0 0 0 0 0 0 0 0 0 0 0 0 0 0 0 0 0 0 0 0
images/canyon/0373_242888135.jpg 0 0 0 0 0 0 0 1 0 0 0 0 0 1 1 0 0 0 0 0 0
images/dance/0406_2183522866.jpg 0 1 0 0 0 0 0 0 1 1 0 0 0 0 0 0 0 0 0 1 0
images/sunglasses/0468_49869227.jpg 0 0 0 0 0 0 0 0 0 1 0 0 1 0 0 0 0 0 0 0 0
images/african/0361_18400330.jpg 1 0 0 0 0 0 0 0 0 0 0 0 0 0 1 0 1 0 0 0 0
images/underpass/0319_317689987.jpg 0 0 0 0 0 0 0 0 0 1 0 0 0 0 0 0 0 0 0 0 0
images/courthouse/0520_123206576.jpg 0 0 1 1 0 0 0 0 0 0 0 0 0 0 1 0 0 0 0 0 1
images/canoe/0080_770970835.jpg 0 0 0 0 0 0 1 0 0 0 0 0 0 1 0 0 0 0 0 1 0
images/rockface/0385_268338693.jpg 0 0 0 1 0 0 1 0 0 1 0 1 0 0 1 0 0 0 0 1 0
images/arctic/0030_1038150842.jpg 0 0 0 1 0 0 1 0 1 0 0 0 0 1 1 0 0 0 0 1 0
images/village/0539_2471723482.jpg 0 1 0 0 0 0 1 0 0 0 0 1 0 0 1 0 0 0 0 1 0
images/underpass/0417_2292564376.jpg 0 0 0 0 0 0 0 0 0 1 0 0 0 0 0 0 0 0 1 0 1
images/castle/0236_475267923.jpg 0 0 1 0 0 0 0 0 0 0 0 0 0 0 0 0 0 0 0 0 0
images/water/0379_914585541.jpg 0 1 0 1 0 0 1 0 1 0 0 0 0 0 0 0 0 0 0 1 0
images/mare/0589_2557527755.jpg 0 0 1 1 0 0 0 0 1 0 0 0 0 0 1 0 0 0 0 1 0
images/balcony/0319_22607536.jpg 0 0 0 0 0 1 0 0 0 0 0 0 0 0 1 0 0 0 0 0 0
images/chapel/0480_40310498.jpg 0 0 0 1 0 0 0 0 0 0 0 0 0 0 0 0 0 0 0 0 0
images/rose/0529_390006169.jpg 0 0 0 0 1 0 0 0 0 0 1 0 0 0 0 0 0 0 0 0 0
images/albatross/0314_160778360.jpg 1 0 0 1 0 0 0 1 0 0 0 0 0 1 1 0 0 0 0 0 0
images/peaks/0340_115921202.jpg 0 0 0 0 0 0 0 1 0 0 1 0 0 1 1 0 0 0 0 1 0
images/nets/0648_5339970.jpg 0 0 0 1 0 0 0 0 0 0 0 1 0 0 1 0 0 0 0 1 0
images/tundra/0089_2521148531.jpg 0 0 0 1 0 0 0 1 0 0 0 0 0 1 0 1 0 1 0 0 0
images/baseball/0538_863248613.jpg 0 0 0 0 0 0 0 0 0 1 0 0 1 0 0 0 0 0 0 0 0
images/helicopters/0459_2513706273.jpg 0 0 0 0 0 0 0 0 0 0 0 0 0 0 1 0 0 0 0 0 0
images/skiing/0515_140383581.jpg 0 0 1 1 0 0 0 0 0 0 0 0 0 0 1 1 0 0 0 0 0
images/f-16/0533_734010566.jpg 0 0 0 1 0 0 0 0 0 0 0 0 0 0 1 0 1 0 0 0 0
images/horse/0561_194414948.jpg 1 0 0 0 0 0 0 0 0 1 0 0 0 0 0 0 0 0 0 0 0
images/house/0695_838109472.jpg 0 0 0 0 0 0 0 0 0 0 0 0 0 0 0 0 0 0 0 0 1
images/terrace/0322_1427904493.jpg 0 0 0 0 0 0 0 0 0 1 0 0 0 0 0 0 0 0 0 1 0
images/agent/0423_369396646.jpg 0 0 0 0 0 1 1 0 0 0 0 0 0 0 0 0 0 0 0 0 0
images/emergency_vehicles/0019_2279520606.jpg 0 0 0 0 0 0 0 0 0 0 0 0 1 0 0 0 0 0 1 0 1
images/penguin/0465_5991095.jpg 1 0 0 0 0 0 0 0 0 0 0 0 0 0 0 1 0 0 0 0 0
images/bridges/0084_2155685744.jpg 0 0 0 1 0 0 0 0 0 0 0 0 0 0 1 0 0 0 0 0 0
images/cityscape/0053_320770754.jpg 0 0 1 0 0 0 0 0 0 0 0 0 0 0 1 1 0 0 0 0 0
images/elephants/0016_436443378.jpg 1 0 0 0 0 0 0 0 0 0 0 0 0 0 0 0 0 0 0 0 0
images/lighthouse/0219_562446468.jpg 0 0 1 0 0 0 0 0 0 0 0 0 0 0 1 0 0 0 0 0 1
images/buddha/0349_2535552430.jpg 0 0 1 1 0 0 0 0 0 0 0 0 0 1 1 0 0 0 0 0 0
images/cheerleader/0036_1533484445.jpg 0 1 0 0 0 0 0 0 0 1 0 0 0 0 0 0 0 0 0 0 0
images/perch/0475_2199838769.jpg 1 0 0 0 0 0 1 0 0 0 0 1 0 0 0 0 0 0 0 1 0
images/trail/0359_357395681.jpg 0 0 0 0 0 0 0 0 0 0 1 0 0 0 0 1 0 1 0 0 0
images/ships/0456_1467301675.jpg 0 0 0 1 0 0 0 0 1 0 0 0 0 0 1 0 0 0 0 1 0
images/meadow/0509_1579812053.jpg 0 0 0 0 0 1 0 0 0 0 1 0 0 0 0 0 0 1 0 0 0
images/ruins/0491_2143629191.jpg 0 0 1 0 0 0 0 0 0 0 0 0 0 0 0 0 0 0 0 0 0
images/fog/0585_1457251050.jpg 0 0 0 0 0 0 0 0 0 0 0 0 0 0 1 0 0 1 0 0 0
images/parade/0550_1689858291.jpg 0 0 0 0 1 0 0 0 0 0 0 0 0 0 0 0 0 0 0 0 0
images/anemone/0048_2351255323.jpg 0 0 0 0 1 0 0 0 0 0 0 0 0 0 0 0 0 0 0 0 0
images/golf/0212_483666525.jpg 0 0 1 1 0 0 1 0 0 0 0 1 0 0 1 0 1 0 0 1 1
images/race/0271_2354170642.jpg 1 0 0 0 0 1 0 0 0 1 0 0 0 0 1 0 0 0 0 0 0
images/tower/0521_2245237640.jpg 0 0 0 0 0 0 1 0 0 0 0 0 0 0 1 0 1 0 0 1 0
images/pool/0564_267452282.jpg 0 0 0 1 0 0 1 0 1 0 0 1 0 0 1 0 0 0 0 1 0
images/guard/0276_36559808.jpg 0 0 0 1 0 0 0 0 1 0 0 0 0 1 1 0 0 0 0 1 0
images/shadows/0552_2322975313.jpg 0 0 0 0 0 0 0 0 0 0 0 0 0 0 0 0 0 0 0 0 1
images/swimmer/0328_2364865933.jpg 0 1 0 0 0 0 0 0 0 1 0 0 0 0 0 0 0 0 0 0 0
images/business_people/0309_2541551246.jpg 0 0 0 1 0 1 0 0 0 1 0 0 0 0 0 0 0 0 0 0 0
images/oceans/0599_2547620633.jpg 0 0 0 1 0 0 0 0 0 0 0 0 0 0 0 0 0 0 0 1 0
images/ground/0338_2606359953.jpg 0 0 0 0 0 0 0 0 0 0 0 0 0 1 0 0 0 1 0 0 0
images/canoe/0493_2487337643.jpg 0 1 0 1 0 0 0 0 1 0 0 0 0 0 1 0 0 0 0 0 0
images/landscape/0032_1936194109.jpg 0 0 0 1 0 0 1 0 0 0 0 0 0 0 1 0 1 0 0 1 0
images/water_tower/0260_14127167.jpg 0 0 1 0 0 0 0 0 0 1 0 0 0 0 1 0 0 0 0 0 1
images/coast/0432_2359863862.jpg 0 1 0 1 0 0 0 0 1 0 0 0 0 1 1 0 0 0 0 1 0
images/business_people/0249_272465150.jpg 0 0 0 0 0 0 0 0 0 0 0 0 1 0 0 0 0 0 1 0 0
images/rapids/0582_346582961.jpg 0 0 0 1 0 0 0 0 0 0 0 0 0 1 1 0 0 0 0 0 0
images/skiing/0029_124895809.jpg 0 0 0 0 0 0 0 0 0 0 0 0 0 0 1 1 0 0 0 0 0
images/freighter/0268_2334226698.jpg 0 0 0 1 0 1 0 0 0 0 0 0 1 0 1 0 0 0 0 0 0
images/waterways/0486_1790150609.jpg 0 0 1 0 0 0 0 0 0 0 0 1 0 0 0 0 1 0 0 0 0
images/palm/0529_136207765.jpg 0 1 0 0 0 0 0 0 1 0 0 0 0 0 1 0 0 0 0 1 0
images/helicopter/0540_2142685580.jpg 0 0 0 1 0 0 0 0 0 0 0 0 0 0 1 0 1 0 0 0 0
images/rainy/0286_2558699841.jpg 0 0 0 1 0 0 0 0 0 0 0 1 0 0 1 0 0 0 0 1 0
images/balcony/0209_167010218.jpg 0 0 1 0 0 0 0 0 0 0 0 0 0 0 0 0 0 0 0 0 1
images/garden/0045_48711842.jpg 0 0 0 0 1 0 0 0 0 0 1 0 0 0 0 0 0 0 0 1 0
images/cars/0435_428300790.jpg 0 0 1 1 0 0 0 0 0 0 0 0 0 0 1 0 0 0 0 0 0
images/military_base/0474_1434180651.jpg 0 0 1 1 0 1 0 0 0 0 0 0 0 0 1 0 0 0 0 0 0
images/eagle/0565_1894195033.jpg 1 0 0 0 0 0 0 0 0 0 0 0 0 0 0 0 0 0 0 0 0
images/rose/0535_2406214219.jpg 0 0 0 0 0 0 0 0 0 0 1 0 0 0 0 0 0 0 0 0 0
images/emergency_vehicles/0005_1294767987.jpg 0 0 0 1 0 0 0 0 0 0 0 0 1 0 1 0 0 0 1 0 0
images/door/0244_516141169.jpg 0 0 0 0 1 0 0 0 0 0 0 0 0 0 0 0 0 0 0 0 0
images/rocks/0323_199112329.jpg 0 1 0 1 0 0 1 0 1 0 0 0 0 1 1 0 1 0 0 1 0
images/peaks/0277_2379482237.jpg 0 0 0 1 0 0 0 1 0 0 0 0 0 1 1 1 0 0 0 1 0
images/lily/0449_2214731890.jpg 0 0 0 0 1 0 0 0 0 0 1 0 0 0 0 0 0 0 0 0 0
images/booby/0590_143033459.jpg 1 0 0 1 0 0 0 0 0 0 0 0 0 1 0 0 0 0 0 0 0
images/aircraft_carrier/0533_2188165297.jpg 0 0 0 1 0 0 0 0 1 0 0 1 0 0 1 0 1 0 0 1 0
images/trail/0061_2371639808.jpg 0 0 0 0 0 0 1 0 0 0 0 0 0 0 0 1 0 0 0 1 1
images/kit/0435_562195987.jpg 0 0 0 0 0 0 0 0 0 0 0 0 0 1 1 0 0 0 0 1 0
images/church/0236_397308738.jpg 0 0 1 1 0 0 0 0 0 0 0 0 0 0 1 1 0 0 0 0 0
images/maps/0346_911643809.jpg 0 0 0 1 0 0 1 0 1 0 0 1 0 0 1 0 0 0 0 1 0
images/tower/0351_2128522824.jpg 0 0 0 1 0 0 0 0 0 0 0 1 0 0 1 0 0 0 0 1 0
images/ice/0301_100407758.jpg 0 1 0 1 0 0 1 0 0 0 1 0 0 0 1 0 0 0 0 1 0
images/road/0246_399587287.jpg 0 0 0 1 0 0 0 0 0 1 0 0 1 0 1 0 1 0 0 0 0
images/horns/0437_152102599.jpg 1 0 0 1 0 1 0 1 0 0 0 0 0 0 1 0 0 0 0 0 0
images/white_house/0286_2081561144.jpg 0 0 0 0 0 0 0 0 0 1 0 0 1 0 0 0 0 0 0 0 0
images/refugees/0556_82328989.jpg 0 0 0 1 0 0 0 0 0 0 0 0 0 0 1 0 0 0 0 1 0
images/car_racing/0216_141786818.jpg 0 0 0 0 0 1 0 0 0 0 0 0 1 0 0 0 0 0 1 0 1
images/outdoor/0379_515134097.jpg 0 1 0 0 0 0 1 0 1 0 0 1 0 0 0 0 1 0 0 1 0
images/sea/0047_528865728.jpg 0 0 0 0 0 0 0 0 0 0 0 0 1 0 1 0 0 0 0 0 0
images/parking_lot/0590_178725048.jpg 0 0 0 0 0 0 0 0 0 0 0 0 1 0 0 0 0 0 0 0 0
images/horizon/0292_2652662987.jpg 0 1 0 1 0 0 0 0 1 0 0 0 0 0 1 0 0 0 0 0 0
images/power_plant/0559_2362135740.jpg 0 0 0 0 0 0 0 0 0 0 0 0 0 0 0 0 0 0 0 0 1
images/waterways/0312_2223380487.jpg 0 0 1 0 0 0 1 0 0 0 0 1 0 0 1 0 0 0 0 1 0
images/peaks/0408_210196597.jpg 0 0 0 1 0 0 0 1 0 0 0 0 0 0 1 0 0 0 0 0 0
images/phone_booths/0305_1135692096.jpg 0 0 1 0 0 0 0 1 0 0 0 0 0 0 1 0 0 0 1 0 1
images/earthquake/0562_240134803.jpg 0 1 1 1 0 0 0 0 1 0 0 0 0 0 1 0 0 0 0 1 0
images/tugboat/0071_2073499871.jpg 0 0 0 1 0 0 1 0 1 0 0 0 0 0 1 0 1 0 0 1 0
images/moose/0029_2285060690.jpg 0 0 0 1 0 0 1 0 0 0 0 0 0 0 1 0 0 0 0 1 0
images/anemone/0396_2279220688.jpg 0 0 0 0 1 0 0 0 0 0 0 0 0 0 0 0 0 0 0 0 0
images/cottage/0329_2345305974.jpg 0 0 0 0 0 0 0 0 0 0 0 0 0 0 1 1 0 0 0 0 0
images/boats/0076_1419207038.jpg 0 0 0 1 0 0 1 0 1 0 0 1 0 0 1 0 1 0 0 1 0
images/capital/0525_2266655911.jpg 0 0 1 0 0 0 0 0 0 0 0 0 1 0 1 0 1 0 0 0 0
images/outdoor/0414_415090121.jpg 1 0 0 0 0 0 0 0 0 1 0 0 0 0 1 0 0 0 0 0 0
images/group/0493_1543554415.jpg 1 0 0 0 0 0 0 0 0 0 0 1 0 0 0 0 0 0 0 0 0
images/court/0580_1953996796.jpg 0 0 1 1 0 0 0 0 0 0 0 0 0 0 0 0 0 0 0 0 1
images/commercials/0274_2141490920.jpg 0 0 0 1 0 1 0 0 0 0 0 0 0 0 0 0 0 0 0 0 1
images/sailboats/0524_2634846741.jpg 0 0 0 0 0 0 1 0 1 1 0 0 0 0 1 0 0 0 0 1 0
images/lakes/0207_220779059.jpg 0 0 0 1 0 0 1 0 0 0 0 1 0 0 1 0 0 0 0 1 0
images/scotland/0452_2497403564.jpg 0 1 0 1 0 0 0 0 1 0 0 0 0 1 1 0 1 0 0 1 0
images/designs/0294_367564164.jpg 0 0 0 0 0 0 0 0 0 0 0 0 0 0 0 0 0 1 0 0 0
images/mare/0342_2283215119.jpg 0 0 0 1 0 1 0 0 1 0 0 0 0 0 1 0 0 0 1 0 0
images/kauai/0236_400761409.jpg 0 0 0 0 0 0 0 1 0 0 0 0 0 1 1 0 0 0 0 0 0
images/hillside/0303_2334151484.jpg 0 0 0 1 0 0 0 0 0 0 0 0 0 1 0 0 0 0 0 0 0
images/pups/0219_2105981035.jpg 1 0 0 0 0 0 0 0 0 0 0 0 0 0 0 0 0 0 0 0 0
images/cul-de-sac/0667_2659874221.jpg 0 0 0 0 0 1 0 0 0 0 1 0 0 0 0 0 0 0 0 0 0
images/freighter/0494_2432743275.jpg 0 0 0 0 0 0 0 0 1 0 0 0 0 0 1 0 0 0 0 1 1
images/man/0426_188624831.jpg 0 0 0 0 0 0 0 0 0 1 0 0 0 0 0 0 0 0 0 0 0
images/volcano/0394_509199644.jpg 0 0 0 1 0 1 0 1 0 0 1 0 0 0 1 0 0 0 0 0 0
images/booby/0018_532902330.jpg 1 0 0 0 0 0 0 0 0 0 0 0 0 0 0 0 0 0 0 0 0
images/firefighter/0493_1088735339.jpg 0 0 0 0 0 0 0 0 0 1 0 0 0 0 0 0 0 0 0 0 1
images/pool/0648_2175516131.jpg 0 1 0 1 0 0 0 0 1 0 0 0 0 0 1 0 0 0 0 1 0
images/tulip/0090_352064495.jpg 0 0 0 0 1 0 0 0 0 0 0 0 0 0 0 0 0 0 0 0 0
images/sheep/0380_103844578.jpg 1 0 0 0 0 1 0 0 0 0 0 0 0 0 0 0 0 0 0 0 0
images/den/0367_419729940.jpg 0 0 1 1 0 0 0 0 0 0 0 0 0 0 1 0 0 0 0 1 1
images/sails/0499_35867567.jpg 0 0 0 1 0 0 1 0 1 0 0 0 0 0 1 0 0 0 0 1 0
images/city/0218_96061933.jpg 0 0 1 1 0 0 0 1 0 0 0 0 0 1 1 0 1 0 0 0 0
images/pickup_truck/0358_1427282827.jpg 0 0 0 0 0 0 0 0 0 0 0 0 1 0 1 0 0 0 1 0 1
images/greeting/0016_2235092212.jpg 0 0 0 1 0 0 0 0 1 0 0 0 0 0 1 0 0 0 0 1 0
images/backpackers/0224_168344991.jpg 0 0 0 0 0 0 0 0 0 1 0 0 0 0 0 0 0 0 0 0 0
images/highway/0295_2261513737.jpg 0 0 0 0 0 0 0 0 0 0 0 0 1 0 0 0 0 0 0 0 0
images/horse/0410_475754458.jpg 1 0 0 1 0 0 0 0 1 0 0 0 0 0 0 0 1 0 0 1 0
images/natural_disasters/0083_124020049.jpg 0 0 0 0 0 0 0 0 0 0 0 0 1 0 0 0 0 0 0 0 0
images/boeing/0339_115962836.jpg 0 0 0 1 0 0 0 0 0 0 0 0 0 0 1 0 1 0 0 0 0
images/dogs/0496_2700760031.jpg 0 0 0 0 0 0 1 1 1 0 0 1 0 1 1 1 0 0 0 1 0
images/farms/0339_1577114615.jpg 0 0 0 0 0 1 0 0 0 0 1 0 0 0 0 0 1 0 0 0 0
images/police_station/0093_2341204650.jpg 0 0 0 0 0 0 0 0 0 1 0 0 0 0 0 0 0 0 0 0 1
images/canoe/0365_989451493.jpg 0 0 0 0 0 0 1 0 0 0 0 0 0 0 0 0 0 0 0 1 0
images/lawyer/0279_93932953.jpg 0 0 1 1 0 0 0 0 0 0 0 0 0 0 1 0 0 0 0 0 0
images/motorcycle/0421_68882933.jpg 0 0 0 0 0 0 0 0 0 1 0 0 0 0 0 0 0 0 1 0 0
images/fish/0381_2118977570.jpg 0 0 0 0 0 1 1 0 0 0 1 1 0 0 1 0 0 0 0 1 0
images/pagoda/0567_2110693702.jpg 0 0 1 1 0 0 0 0 0 0 0 0 0 0 1 0 0 0 0 0 0
images/path/0295_1478541236.jpg 0 0 0 0 0 0 0 0 0 0 1 0 1 0 1 0 0 0 0 0 0
images/ties/0434_2700278943.jpg 0 0 0 0 1 0 0 0 0 0 1 0 0 0 0 0 0 0 0 0 0
images/standing/0252_2247584386.jpg 1 0 0 0 0 0 0 0 0 1 0 0 0 0 0 0 0 0 0 0 1
images/monastery/0499_66854286.jpg 0 0 1 1 0 0 0 0 0 0 0 0 0 0 0 0 0 0 0 0 1
images/pair/0059_246565144.jpg 0 0 0 0 1 0 0 0 0 0 1 0 0 0 0 0 0 0 0 0 0
images/path/0353_160734757.jpg 0 0 0 0 0 0 0 0 0 0 1 0 0 0 0 0 0 1 0 0 0
images/hillside/0401_19034492.jpg 0 0 1 1 0 0 0 0 0 0 0 0 0 0 1 0 0 0 0 0 1
images/frozen/0206_394834296.jpg 0 0 0 1 0 0 0 0 0 0 0 0 0 0 0 0 1 0 0 0 0
images/row/0259_2520720876.jpg 0 0 0 0 0 1 0 0 0 0 0 0 0 0 0 0 0 1 0 0 0
images/beach/0336_94728274.jpg 0 1 0 1 0 0 0 0 1 1 0 0 0 0 1 0 0 0 0 1 0
images/marsh/0091_137187350.jpg 0 0 0 0 0 0 1 0 0 0 1 1 0 0 0 0 0 0 0 1 0
images/mushrooms/0339_1540568146.jpg 0 0 0 0 0 0 0 0 0 0 1 0 0 0 0 0 0 0 0 0 0
images/glacier/0469_2322953002.jpg 0 0 0 1 0 1 0 1 0 0 0 0 0 1 1 0 0 0 0 0 0
images/snow/0218_390133036.jpg 0 0 0 1 0 0 0 0 0 0 0 0 0 0 1 1 0 0 0 0 0
images/guard/0308_59908588.jpg 1 0 0 0 0 0 0 0 0 0 0 0 0 0 0 0 0 0 0 0 0
images/shipyards/0278_265599735.jpg 0 0 0 0 1 0 0 0 0 1 0 0 0 0 0 0 0 0 0 0 0
images/house_of_worship/0479_2260503795.jpg 0 0 1 0 0 0 0 0 0 0 0 0 0 0 0 0 0 0 0 0 0
images/trail/0383_2490869688.jpg 0 0 0 1 0 0 0 1 0 0 0 0 0 0 0 0 0 0 0 0 0
images/islands/0560_914816824.jpg 1 0 0 0 0 1 0 0 0 0 0 0 0 0 0 0 0 0 0 1 0
images/bicycles/0029_319903797.jpg 0 0 0 1 0 0 0 0 0 0 0 0 0 0 0 0 0 0 0 0 0
images/sea/0489_1903062242.jpg 0 0 0 1 0 0 1 0 1 0 0 0 0 1 1 0 1 0 0 1 0
images/truck/0541_508832959.jpg 0 0 0 0 0 0 0 0 0 0 0 0 1 0 0 0 0 0 1 0 1
images/cottage/0307_2093771338.jpg 0 0 1 0 0 1 0 0 0 0 1 0 0 0 1 0 0 0 0 0 1
images/raft/0345_151635154.jpg 0 0 0 0 0 0 0 1 0 0 0 0 0 0 1 0 0 0 0 1 0
images/battleship/0419_447652835.jpg 0 0 0 1 0 0 1 0 1 0 0 0 0 0 1 1 0 0 0 1 0
images/glacier/0503_495399697.jpg 0 0 0 0 0 1 1 1 0 0 1 1 0 0 0 1 0 0 0 1 0
images/flowers/0097_495346745.jpg 0 0 0 0 1 0 0 0 0 0 1 0 0 0 0 0 0 0 0 0 0
images/peaks/0313_34731585.jpg 0 1 0 1 0 0 1 0 1 0 0 0 0 0 1 0 0 0 0 1 0
images/greenhouse/0301_797694269.jpg 0 0 0 0 1 0 0 0 0 0 0 0 0 0 0 0 0 0 0 0 0
images/pickup_truck/0089_2047254467.jpg 0 0 0 0 0 1 0 0 0 0 1 0 0 0 0 0 0 1 1 0 0
images/sidewalk/0464_2071629790.jpg 0 0 0 1 0 0 0 0 1 1 0 0 0 0 1 0 0 0 0 1 0
images/canal/0553_1652430284.jpg 0 0 0 0 0 1 0 0 0 0 0 1 0 0 0 0 0 0 0 1 0
images/rainbow/0414_252091142.jpg 0 0 0 1 0 1 0 0 0 0 1 0 0 0 1 0 0 0 0 0 0
images/lake/0091_397428944.jpg 0 0 0 1 0 0 1 1 0 0 0 0 0 1 1 0 0 0 0 1 0
images/meadow/0207_2357849285.jpg 0 0 0 1 0 1 0 1 0 0 1 0 0 0 1 0 0 0 0 0 0
images/pipes/0441_2467077930.jpg 0 0 0 0 0 0 0 0 0 1 0 0 0 0 0 0 0 0 0 0 0
images/vendor/0276_2456868654.jpg 0 0 0 0 0 0 0 0 0 1 0 0 0 0 0 0 0 0 0 0 0
images/spider/0430_636707605.jpg 1 0 0 0 0 0 0 0 0 0 0 0 0 0 0 0 0 0 0 0 0
images/beach/0312_457345435.jpg 0 1 0 1 0 0 1 0 1 0 0 0 0 0 1 1 0 0 0 1 0
images/harbors/0515_326519556.jpg 0 0 1 0 0 0 0 0 0 0 0 0 0 0 1 0 0 0 0 1 0
images/formation/0080_1601245268.jpg 0 0 0 1 0 0 0 0 0 0 1 0 0 1 1 0 0 1 0 0 0
images/refugees/0295_2197339742.jpg 0 0 0 0 0 0 1 0 0 0 0 1 0 0 1 0 0 0 0 1 0
images/iguana/0056_1498906651.jpg 1 0 0 0 0 1 0 0 0 0 0 0 0 0 0 0 0 0 0 0 0
images/tracks/0397_76336077.jpg 0 0 0 0 0 0 0 0 0 0 0 0 0 0 0 1 0 0 1 0 0
images/angelfish/0541_2086180304.jpg 1 0 0 0 0 0 0 0 0 0 0 0 0 0 0 0 0 0 0 1 0
images/cliff/0313_2504581133.jpg 0 1 0 0 0 0 1 0 1 0 0 0 0 1 1 0 0 0 0 0 0
images/boeing/0561_2541184540.jpg 0 0 1 1 0 0 0 0 0 0 0 0 0 0 1 0 0 0 0 0 0
images/hats/0461_213823119.jpg 0 0 0 0 0 0 0 0 1 1 0 0 0 0 1 0 0 0 0 1 0
images/hotel/0469_2562891262.jpg 0 1 0 1 0 0 1 0 0 0 0 0 0 0 1 0 0 0 0 1 0
images/suits/0480_380796538.jpg 0 0 0 0 0 0 0 0 0 1 1 0 1 0 0 0 0 0 0 0 0
images/vendor/0233_124653272.jpg 0 0 0 0 0 0 0 0 0 0 0 0 0 0 1 0 0 0 0 1 0
images/lakes/0483_636465755.jpg 0 0 0 1 0 0 1 0 0 0 0 0 0 0 1 1 0 0 0 1 0
images/capital/0541_131785391.jpg 0 0 1 1 0 0 0 0 0 0 0 0 1 0 0 0 0 0 0 0 0
images/tulip/0208_127743528.jpg 0 0 0 1 1 1 0 0 0 0 0 0 0 0 1 0 0 0 0 0 0
images/swimming_pools/0453_2661501096.jpg 0 0 0 1 0 0 0 0 1 0 0 0 0 0 1 0 0 0 0 1 0
images/cliff/0364_2108309011.jpg 0 1 0 0 0 0 1 0 1 0 0 0 0 0 1 0 0 0 0 1 0
images/reefs/0474_2213277252.jpg 0 0 0 0 0 0 0 0 1 0 0 0 0 0 1 0 0 0 1 1 0
images/moose/0241_584399462.jpg 0 0 0 0 1 0 0 0 0 0 0 0 0 0 1 0 0 0 0 0 0
images/barge/0235_2327975839.jpg 0 0 0 1 0 0 0 0 0 0 0 0 0 0 1 0 1 1 0 1 0
images/power_plant/0039_238373837.jpg 0 0 0 0 0 0 0 0 0 0 0 0 0 0 1 0 0 0 0 0 0
images/waves/0349_2195680536.jpg 0 0 0 1 0 0 1 0 1 0 0 0 0 0 1 0 1 0 0 1 0
images/canyon/0384_191921498.jpg 0 0 0 1 0 1 0 1 0 0 0 0 0 0 0 0 0 0 0 0 0
images/rowboat/0263_539273014.jpg 0 0 1 0 0 0 0 0 0 0 0 1 0 0 0 0 0 0 0 0 0
images/range/0578_2083496516.jpg 0 0 0 1 0 0 1 1 0 0 0 0 0 0 1 0 1 0 0 0 0
images/tornado/0474_35493316.jpg 0 0 0 1 0 0 0 0 0 0 0 0 0 0 1 0 0 0 0 0 0
images/squirrel/0086_1407119869.jpg 1 0 0 0 0 0 0 0 0 0 0 0 0 0 0 0 0 0 0 0 0
images/railing/0384_332637385.jpg 0 0 1 0 0 0 0 0 0 0 0 0 0 0 0 0 0 0 0 0 1
images/tanks/0629_371793047.jpg 0 0 0 1 0 0 0 0 0 0 0 0 1 0 1 0 0 0 1 0 0
images/flags/0208_57694681.jpg 0 0 0 0 0 1 0 0 0 0 0 0 0 0 0 0 0 0 0 0 0
images/prisoner/0509_25498444.jpg 0 0 1 0 0 0 0 0 0 0 0 0 1 0 0 0 0 0 1 0 1
images/valleys/0296_2078363386.jpg 0 0 0 0 0 0 0 0 0 0 0 0 0 1 0 0 0 0 0 0 0
images/earthquake/0070_241179394.jpg 0 0 1 1 0 0 0 0 0 0 0 0 0 0 1 0 0 0 0 1 0
images/f-16/0536_2173613390.jpg 0 0 0 1 0 0 0 0 0 0 0 0 0 0 1 0 0 0 0 1 0
images/bus/0580_699396092.jpg 0 0 0 0 0 0 0 0 0 1 0 0 0 0 0 0 0 0 1 0 0
images/snow/0444_488041152.jpg 0 0 0 1 0 0 1 0 0 0 1 1 0 0 1 0 0 0 0 1 0
images/antenna/0240_502795210.jpg 0 0 0 1 0 1 0 0 0 0 0 0 0 0 1 0 0 0 0 0 0
images/river_bank/0463_145771121.jpg 0 0 0 0 0 1 0 0 0 0 0 0 0 0 0 0 0 1 0 0 0
images/nest/0533_509205280.jpg 1 0 0 0 0 0 0 0 0 0 0 0 0 0 0 0 0 0 0 0 0
images/plaza/0318_2163010999.jpg 0 0 1 1 0 0 0 0 0 0 0 0 0 0 0 0 0 0 0 1 0
images/black/0426_117661377.jpg 1 0 0 0 1 0 0 0 0 0 1 0 0 0 0 0 0 0 0 0 0
images/backpack/0282_121001983.jpg 0 0 0 1 0 0 0 0 0 1 0 0 0 0 0 0 0 0 0 0 0
images/shrubs/0568_1044949893.jpg 0 0 1 1 0 1 0 0 0 0 1 0 0 0 1 0 0 0 0 0 1
images/tails/0357_251507840.jpg 0 0 0 0 0 0 0 0 0 0 0 0 1 0 1 0 0 0 0 0 0
images/sailboats/0534_2161798334.jpg 0 0 0 1 0 0 1 0 1 0 0 0 0 0 1 0 1 0 0 1 0
images/monks/0209_1397792975.jpg 0 0 0 1 0 0 0 0 0 1 0 1 0 0 0 0 0 0 0 1 0
images/lawn/0465_2453278794.jpg 0 0 0 0 0 1 0 0 0 0 1 0 0 0 0 0 0 0 0 1 0
images/swimmers/0263_369587804.jpg 0 0 0 0 0 0 0 0 1 1 0 0 0 0 0 0 0 0 0 1 0
images/herd/0281_2683472674.jpg 1 0 0 0 0 1 0 0 0 1 1 0 0 0 1 0 0 0 0 0 0
images/waterfalls/0324_1609304021.jpg 0 0 0 0 0 0 0 0 0 0 0 0 0 0 0 0 0 0 0 1 0
images/camera/0219_1372485191.jpg 1 0 0 0 0 1 0 0 0 0 0 0 0 0 0 0 0 0 0 0 0
images/school/0327_2734505324.jpg 0 0 0 1 0 1 0 0 0 0 1 0 0 0 1 0 0 1 0 0 0
images/police/0297_116289893.jpg 0 0 0 0 0 0 0 0 0 1 0 0 0 0 1 0 0 0 0 0 0
images/car_crash/0498_2466958221.jpg 0 0 0 0 0 1 0 0 0 0 0 0 0 1 0 0 0 0 0 0 0
images/gas_station/0042_2394354803.jpg 0 0 0 1 0 0 0 0 0 0 0 0 0 0 1 0 0 1 0 0 0
images/artillery/0344_111525776.jpg 0 0 0 0 0 0 0 0 0 0 0 0 0 0 0 0 0 0 1 0 0
images/cats/0538_280930216.jpg 1 0 0 0 0 0 0 0 0 0 0 0 0 0 0 0 0 0 0 0 0
images/museum/0594_146770823.jpg 0 0 1 0 0 0 0 0 0 0 0 0 0 0 0 0 0 0 0 0 1
images/smoke/0625_465617676.jpg 0 0 0 1 0 0 1 0 1 0 0 1 0 0 1 0 0 0 0 1 0
images/facade/0383_426548917.jpg 0 0 0 0 0 0 0 0 0 0 0 0 0 0 0 0 0 0 0 0 1
images/sails/0486_1811335424.jpg 0 0 0 0 0 0 0 0 1 0 0 0 0 0 1 0 0 0 0 1 0
images/john_kerry/0236_1174667.jpg 0 0 1 0 0 0 0 0 0 0 0 0 0 0 1 0 0 0 0 0 1
images/foals/0645_2700167478.jpg 0 0 0 0 0 1 0 0 0 1 0 0 0 0 0 0 0 0 0 0 0
images/grassland/0289_208702609.jpg 0 0 0 1 0 1 0 0 0 0 1 0 0 0 1 0 0 1 0 0 0
images/houseboat/0252_68847554.jpg 0 0 0 0 0 0 1 0 0 1 0 0 0 0 0 0 0 0 0 1 1
images/antenna/0248_1438141179.jpg 0 0 0 1 0 0 0 1 0 0 0 0 0 0 1 1 0 0 0 0 0
images/gate/0518_2064770137.jpg 0 0 0 0 0 0 0 0 0 1 0 0 0 0 0 0 0 0 0 0 0
images/ground/0281_932830988.jpg 0 0 0 0 0 0 0 0 0 0 0 0 0 0 1 0 1 0 0 0 0
images/hills/0495_2151690574.jpg 0 0 0 0 0 0 1 0 0 0 1 1 0 0 0 0 0 1 0 1 0
images/cougar/0053_437562875.jpg 1 0 0 0 0 0 0 0 0 0 0 0 0 0 0 0 0 0 0 0 0
images/barge/0332_2490595310.jpg 0 0 0 1 0 0 0 0 0 0 0 0 0 0 1 0 0 0 1 0 0
images/sheep/0545_158148378.jpg 1 0 0 1 0 1 0 0 0 0 1 0 0 0 1 0 0 0 0 0 0
images/outside/0274_501018541.jpg 0 0 0 0 1 0 0 0 0 0 0 0 0 0 0 0 0 0 0 0 0
images/freighter/0080_1968304896.jpg 0 0 0 0 0 0 1 0 1 0 0 0 0 0 1 0 0 0 0 1 0
images/city/0016_209525687.jpg 0 0 0 1 0 0 1 0 0 0 0 0 0 1 1 0 0 0 0 1 0
images/aircraft_carrier/0538_2419358427.jpg 0 0 1 1 0 0 0 0 0 0 0 0 0 0 1 0 0 0 0 1 0
images/grain_elevator/0595_2697221756.jpg 0 0 1 1 0 0 0 0 0 0 0 0 0 0 1 0 0 0 0 0 1
images/camels/0007_77690196.jpg 1 0 0 0 0 0 0 0 0 0 0 1 0 0 1 0 1 0 0 0 0
images/bicycle/0364_2235396429.jpg 0 0 0 0 0 0 0 0 0 0 0 0 0 0 0 0 0 0 1 0 0
images/frigate/0043_1464168787.jpg 0 0 0 1 0 0 0 0 0 0 0 0 0 0 1 0 0 0 0 0 0
images/smoke_stack/0228_124522292.jpg 0 0 0 1 0 0 0 0 0 0 0 0 0 0 0 0 0 0 0 0 0
images/courthouse/0099_2606375346.jpg 0 0 0 0 0 0 0 0 0 0 0 0 0 0 0 0 0 0 0 0 1
images/vegetation/0220_309647353.jpg 0 0 0 1 0 1 0 0 0 0 1 0 0 0 1 0 1 1 0 0 0
images/bay/0490_188581272.jpg 0 1 0 1 0 0 1 1 1 0 0 0 0 0 1 0 0 0 0 1 0
images/ship/0418_551947699.jpg 0 0 0 1 0 0 1 0 1 0 0 0 0 0 1 0 1 0 0 1 0
images/tunnel/0526_268936334.jpg 0 0 0 0 0 1 0 1 0 0 0 0 0 0 1 1 0 0 0 0 0
images/sports/0470_1439624200.jpg 0 0 0 0 0 0 0 0 0 1 0 0 1 0 0 0 0 0 0 0 0
images/skiing/0275_1884338866.jpg 0 0 0 1 0 0 0 1 0 0 0 0 0 1 1 1 0 0 0 0 0
images/raft/0050_2129769013.jpg 0 0 0 0 0 0 0 0 0 0 0 0 0 0 0 0 0 1 0 1 0
images/soldiers/0697_428230574.jpg 0 0 0 0 0 0 0 0 0 0 0 0 0 0 1 1 0 0 0 0 0
images/mountain/0445_218595082.jpg 0 0 0 1 0 1 0 1 0 0 1 0 0 0 1 0 0 0 0 0 0
images/cows/0049_2734960945.jpg 0 0 0 1 0 1 1 0 0 0 0 0 0 0 1 0 0 0 0 1 0
images/weapons/0681_53656602.jpg 0 0 0 0 0 0 0 0 0 1 0 0 0 0 0 0 0 0 0 0 0
images/cell_phones/0094_74284275.jpg 0 0 0 0 0 0 0 0 0 1 0 0 0 0 0 0 0 0 0 0 1
images/aerial/0568_2615179685.jpg 0 0 0 0 0 0 0 0 1 0 0 0 0 0 1 0 1 0 0 1 0
images/tables/0225_284186818.jpg 0 0 0 0 0 0 0 0 0 1 0 0 0 0 0 0 0 0 0 0 1
images/cactus/0248_1810579206.jpg 1 0 0 0 0 0 0 0 0 0 0 0 0 0 0 0 0 0 0 0 0
images/ships/0421_437069403.jpg 0 0 1 0 0 0 0 0 0 0 0 1 0 0 1 0 0 0 0 1 0
images/elk/0354_2092064802.jpg 1 0 0 0 0 0 0 0 0 0 0 0 0 0 0 1 0 0 0 0 0
images/lakes/0289_123620796.jpg 0 1 0 0 0 0 1 1 0 0 0 1 0 1 1 0 0 0 0 1 0
images/bridges/0043_241119718.jpg 0 0 1 1 0 0 0 0 0 0 0 0 0 0 1 0 0 0 0 0 0
images/car_racing/0300_2247590627.jpg 0 0 0 0 0 1 0 0 0 0 0 0 1 0 0 0 0 0 0 0 1
images/hill/0462_2248458075.jpg 0 0 0 1 0 0 0 0 0 0 1 0 0 0 1 0 0 0 0 0 0
images/pagoda/0026_1497671129.jpg 0 0 0 0 0 1 0 0 0 0 0 0 0 0 0 0 0 1 0 0 0
images/underpass/0543_74758788.jpg 0 0 1 0 0 0 0 0 0 0 0 0 0 0 0 0 0 0 0 0 1
images/harbor/0007_1325640806.jpg 0 0 1 1 0 0 0 0 1 0 0 0 0 1 1 0 1 0 0 1 0
images/tracks/0213_2288316928.jpg 0 0 0 1 0 0 0 0 0 0 1 0 0 0 1 1 1 0 0 1 0
images/rockface/0398_2676448227.jpg 0 0 0 1 0 0 0 1 0 0 0 0 0 1 1 0 0 0 0 0 0
images/fish/0007_259645139.jpg 0 0 0 0 0 0 1 0 1 0 0 0 0 1 1 0 0 0 0 1 0
images/power_plant/0450_252207482.jpg 0 0 0 1 0 0 0 1 0 0 0 0 0 1 1 0 0 0 0 1 0
images/scientists/0504_2497578853.jpg 0 0 1 1 0 0 0 0 0 0 0 0 0 0 0 0 0 0 0 0 0
images/fog/0590_178728181.jpg 0 0 0 1 0 0 1 0 1 0 0 0 0 0 1 0 0 0 0 1 0
images/shore/0352_2040900116.jpg 0 1 0 1 0 0 1 0 0 0 0 0 0 1 1 0 0 0 0 1 0
images/fire_station/0341_2687141265.jpg 0 0 0 1 0 0 0 0 0 0 0 0 1 0 0 0 0 0 1 0 1
images/arctic/0385_1580993946.jpg 0 1 0 1 0 0 0 0 1 0 0 0 0 0 1 0 0 0 0 1 0
images/infants/0314_45688946.jpg 0 0 0 0 0 0 0 0 0 1 0 0 0 0 0 0 0 0 0 0 0
images/porches/0487_2147746112.jpg 0 0 1 0 0 0 0 0 0 0 0 0 0 0 0 0 0 0 0 0 1
images/lake/0208_8131794.jpg 0 0 0 1 0 0 1 0 0 0 0 1 0 0 1 0 0 0 0 1 0
images/rockface/0213_2529803614.jpg 0 0 0 0 0 0 0 0 0 0 0 0 0 0 0 0 0 0 0 1 0
images/cougar/0382_42541889.jpg 1 0 0 0 0 0 0 0 0 0 0 0 0 0 0 0 0 0 0 0 0
images/river_bank/0435_266874315.jpg 0 0 0 0 0 0 0 0 0 0 1 0 0 0 0 0 0 1 0 0 0
images/observation_tower/0565_463699767.jpg 0 0 1 0 0 0 0 0 0 0 0 0 0 0 1 0 0 0 0 0 0
images/shrine/0240_427826183.jpg 0 0 0 0 0 0 0 0 0 0 1 0 0 0 0 0 0 1 0 0 0
images/dust/0017_117963751.jpg 0 0 0 1 0 0 0 0 0 0 1 0 1 0 1 0 0 0 0 0 0
images/path/0428_2243638541.jpg 0 0 0 1 0 0 0 0 0 0 1 0 1 0 1 0 0 1 0 0 0
images/animals/0056_2080850546.jpg 1 0 0 0 0 0 0 0 0 0 0 0 0 0 0 0 0 0 0 0 0
images/freighter/0482_378730347.jpg 0 0 0 1 0 0 0 0 0 0 0 0 0 0 1 0 0 0 1 0 0
images/zebra/0470_2740233256.jpg 1 0 0 0 0 0 0 0 0 0 0 0 0 0 0 0 0 0 0 0 0
images/hotel/0346_2328024686.jpg 0 0 1 0 0 0 0 0 0 0 0 0 0 1 1 0 1 0 0 1 0
images/crops/0358_2618047410.jpg 0 0 0 0 0 1 0 0 0 0 0 0 0 0 1 0 0 1 0 0 0
images/raft/0537_2666192871.jpg 0 0 0 1 0 0 1 0 0 0 1 1 0 0 1 0 0 0 0 1 0
images/construction_site/0598_2663781478.jpg 0 0 0 0 0 0 0 0 0 0 0 0 0 0 1 0 1 0 0 0 0
images/hats/0396_2457227022.jpg 0 0 0 0 0 0 0 0 0 1 0 0 0 0 0 0 0 0 0 0 1
images/scotland/0285_369764976.jpg 0 0 0 1 0 0 1 1 1 0 0 1 0 1 1 0 0 0 0 1 0
images/landing_craft/0049_951632992.jpg 0 1 0 0 0 0 0 0 0 0 0 0 0 0 0 0 0 0 1 1 0
images/jeep/0493_461538986.jpg 0 0 0 0 0 0 0 0 0 0 0 0 0 1 0 0 0 0 1 1 1
images/whales/0360_1234352563.jpg 0 0 0 0 0 0 0 0 0 1 0 0 0 0 0 0 0 0 0 0 0
images/horizon/0497_176396050.jpg 0 1 0 1 0 0 0 0 1 0 0 0 0 0 1 0 0 0 0 0 0
images/water_tower/0557_385149518.jpg 0 0 0 1 0 0 0 0 0 1 0 0 1 0 1 0 0 0 0 1 0
images/bear/0061_109119471.jpg 0 0 0 1 0 0 0 0 0 1 0 0 1 0 1 0 0 0 0 0 0
images/clearing/0064_2586222411.jpg 0 0 0 1 0 0 0 0 0 0 0 0 0 0 1 0 1 0 0 0 0
images/volcano/0348_2078812882.jpg 0 0 0 1 0 0 0 1 0 0 0 0 0 0 0 0 0 0 0 0 0
images/canoe/0369_357014889.jpg 0 1 0 1 0 0 1 0 0 0 1 1 0 0 0 0 0 0 0 1 0
images/powerlines/0332_500243350.jpg 0 0 1 0 0 1 0 0 0 0 0 0 1 0 1 0 0 0 0 0 1
images/dock/0021_2093877194.jpg 1 0 0 0 0 0 1 0 0 1 0 0 0 0 1 0 0 0 0 1 0
images/courthouse/0374_74187187.jpg 0 0 1 1 0 1 0 0 0 0 0 0 0 0 1 0 0 0 0 0 1
images/bulls/0337_1342585405.jpg 0 0 0 0 0 0 0 0 0 1 0 0 0 0 0 0 0 0 0 0 0
images/rifles/0042_2410862556.jpg 0 0 0 0 0 0 0 0 0 1 0 0 0 0 0 0 0 1 0 0 0
images/wings/0646_2154678878.jpg 1 0 0 0 0 0 0 0 0 0 0 1 0 0 0 0 0 0 0 1 0
images/airport_terminal/0017_241052316.jpg 0 0 0 1 0 0 0 0 0 0 0 0 1 0 1 0 0 0 0 1 1
images/host/0061_2732744109.jpg 0 0 0 0 0 0 0 0 0 1 0 0 0 0 0 0 0 0 0 0 0
images/river/0467_349679205.jpg 0 0 0 0 0 0 1 0 0 0 1 1 0 0 1 1 0 0 0 1 0
images/computers/0035_323265707.jpg 0 0 0 0 0 0 0 0 0 1 0 0 0 0 0 0 0 0 1 0 0
images/fox/0062_349005428.jpg 1 0 0 0 0 0 0 0 0 0 0 0 0 0 0 0 0 0 0 0 0
images/white-tailed/0211_162119042.jpg 1 0 0 0 0 1 0 0 0 0 0 0 1 0 0 0 0 1 0 0 0
images/river_bank/0505_2138196329.jpg 0 0 0 0 0 0 0 0 0 0 0 1 0 0 0 0 0 1 0 0 0
images/meeting/0419_2652656730.jpg 0 1 0 1 0 0 0 0 1 0 0 0 0 0 1 0 0 0 0 1 0
images/autumn/0425_1653706933.jpg 0 0 0 0 0 1 0 0 0 0 0 0 0 0 0 0 0 0 0 0 0
images/tugboat/0021_309968770.jpg 0 0 0 1 0 0 1 0 1 0 0 1 0 0 1 0 1 0 1 1 0
images/individual/0417_482664748.jpg 0 0 0 1 0 1 0 1 0 0 1 0 0 0 1 0 0 1 0 0 0
images/tracks/0489_2105218401.jpg 0 0 0 0 0 1 0 0 0 0 1 0 1 0 1 0 0 1 0 0 0
images/lake/0237_426771214.jpg 0 0 0 0 0 0 1 0 0 0 0 1 0 0 0 0 0 1 0 1 0
images/cityscape/0463_372449461.jpg 0 0 1 1 0 0 0 0 0 0 0 0 1 0 1 0 1 0 0 0 0
images/television_tower/0402_580442420.jpg 0 0 1 1 0 0 0 0 0 0 0 0 0 0 1 0 0 0 0 0 1
images/forest/0683_2144739404.jpg 0 0 0 0 0 0 0 0 0 0 1 0 0 0 0 0 0 1 0 0 0
images/steps/0298_2679541580.jpg 0 0 0 0 0 0 0 0 0 0 0 0 1 0 0 0 0 1 0 0 0
images/boats/0541_409659009.jpg 0 1 0 1 0 0 0 0 0 0 0 0 0 0 1 0 0 0 0 0 0
images/giraffe/0582_2417795565.jpg 1 0 0 1 0 0 0 0 0 0 0 0 0 0 1 0 0 0 0 0 0
images/underpass/0084_2386717836.jpg 0 0 0 0 0 0 0 0 0 0 0 0 1 0 0 0 0 0 1 0 1
images/rose/0467_390819435.jpg 0 0 0 0 1 0 0 0 0 0 1 0 0 0 0 0 0 0 0 0 0
images/row/0595_1921959385.jpg 0 0 0 0 0 0 0 0 1 0 0 0 0 0 0 0 1 0 0 1 0
images/leopard/0551_432282251.jpg 1 0 0 1 0 0 0 0 0 0 0 0 0 0 0 0 0 0 0 0 0
images/flowers/0581_89359146.jpg 0 0 0 0 1 1 0 0 0 0 1 0 1 0 0 0 0 0 0 0 0
images/moon/0498_2609949502.jpg 1 0 0 1 0 0 0 0 0 0 0 0 0 1 0 0 0 0 0 1 0
images/antenna/0449_156462743.jpg 0 0 0 1 0 0 0 0 0 0 0 0 0 0 1 0 1 0 0 0 0
images/vegetation/0055_2586129168.jpg 1 0 0 0 1 0 0 0 0 0 1 0 0 0 0 0 0 0 0 0 0
images/range/0469_2166878676.jpg 0 0 0 0 0 0 0 0 0 0 0 0 0 0 1 1 0 1 0 0 0
images/church/0560_405549376.jpg 0 0 0 1 0 0 0 1 0 0 0 0 0 0 1 1 0 0 0 0 0
images/bathroom/0373_84311050.jpg 0 0 0 0 0 0 0 0 0 1 0 0 0 0 0 0 0 0 0 0 0
images/slope/0265_1318778479.jpg 0 0 1 1 0 0 0 1 1 0 0 0 0 0 1 0 0 0 0 1 1
images/boats/0223_432930956.jpg 0 0 0 1 0 0 1 0 0 0 0 1 0 0 1 0 0 0 0 0 0
images/police/0345_210927608.jpg 0 0 0 1 0 0 0 0 0 1 0 0 1 0 1 0 0 0 1 0 1
images/reflection/0022_440919412.jpg 0 0 0 0 0 0 0 0 0 0 0 1 0 0 1 0 0 1 0 1 0
images/smoke/0553_499480911.jpg 0 0 0 0 0 0 0 0 0 0 0 0 0 0 1 0 0 1 0 1 0
images/sculpture/0522_444154601.jpg 0 0 0 1 0 0 0 0 0 0 0 0 0 0 1 0 0 0 0 1 0
images/ladder/0020_2349126207.jpg 0 0 0 1 0 0 1 0 0 0 0 1 0 1 1 0 0 0 0 1 0
images/flood/0369_2104593549.jpg 0 0 0 1 0 0 1 0 0 0 0 1 0 0 1 0 1 0 0 1 0
images/raft/0443_3527389.jpg 0 0 0 0 0 0 0 0 0 1 0 0 0 0 0 0 0 0 0 1 0
images/sheep/0530_2084834209.jpg 1 0 0 0 0 0 0 0 0 0 0 0 0 0 0 0 0 0 0 0 0
images/observation_tower/0349_1810846228.jpg 0 0 1 1 0 0 0 1 0 0 0 0 0 0 1 0 0 1 0 0 0
images/beach/0062_437328167.jpg 0 0 0 1 0 1 0 0 1 0 0 0 0 0 1 0 0 0 0 1 0
images/meadow/0499_2440831712.jpg 0 0 0 1 0 1 0 1 0 0 0 0 0 1 1 0 0 0 0 0 0
images/cul-de-sac/0299_351845013.jpg 0 0 0 0 0 0 0 0 0 0 0 0 0 0 1 0 0 0 0 0 1
images/theater/0548_1273714642.jpg 0 0 0 0 0 0 0 0 0 1 0 0 0 0 0 0 0 0 0 0 0
images/aqueduct/0077_369951212.jpg 0 0 0 0 0 0 0 0 0 0 0 0 0 0 1 0 0 0 0 0 0
images/pebbles/0301_381322730.jpg 0 0 0 1 0 0 0 0 1 0 0 0 0 1 1 0 0 0 0 1 0
images/rockface/0432_264366450.jpg 0 0 0 0 0 0 0 1 0 0 0 0 0 1 0 0 0 0 0 0 0
images/bus/0275_2264605932.jpg 0 0 0 0 0 0 0 0 0 0 0 0 0 0 0 1 0 0 0 0 1
images/tower/0593_370121389.jpg 0 0 1 0 0 0 1 0 0 0 0 0 0 0 1 0 0 0 0 0 1
images/ships/0335_184673512.jpg 0 0 0 0 0 0 1 0 0 0 0 1 0 0 1 0 0 0 1 1 1
images/mountain/0254_106987103.jpg 0 0 0 0 0 0 0 1 0 0 1 0 0 0 0 0 0 0 0 0 0
images/outdoor/0456_2344094862.jpg 1 0 0 0 0 0 1 0 0 0 0 1 0 0 1 0 0 0 0 1 0
images/television_tower/0315_426614188.jpg 0 0 0 0 0 0 0 0 0 0 0 0 0 0 1 0 0 0 0 0 0
images/elephants/0294_2655366716.jpg 0 0 0 0 0 1 0 0 0 0 0 0 0 0 0 0 0 0 0 0 0
images/tugboat/0581_2353212959.jpg 0 0 0 1 0 0 1 0 0 0 0 0 0 0 1 0 0 0 0 1 0
images/decoration/0571_2223647254.jpg 0 0 1 0 0 0 0 0 0 0 0 0 0 0 0 0 0 0 0 0 1
images/white_house/0530_78907815.jpg 0 1 0 1 0 0 0 1 1 0 1 0 1 0 1 0 0 0 0 0 0
images/house_of_worship/0609_1330351565.jpg 0 0 0 0 0 0 0 0 0 0 1 0 0 0 1 0 0 0 0 0 0
images/actor/0086_2231548041.jpg 0 0 0 0 0 0 0 0 0 1 0 0 1 0 0 0 0 0 0 0 0
images/suburban/0308_297001826.jpg 0 0 0 1 0 0 0 0 0 0 1 0 0 0 1 0 0 1 0 0 0
images/tugboat/0453_383340081.jpg 0 0 0 0 0 0 1 0 0 0 0 0 0 0 1 0 0 0 1 1 0
images/swimming_pools/0636_266477355.jpg 0 0 0 0 0 0 0 0 1 0 0 0 1 0 0 0 0 0 0 1 0
images/horizon/0339_490427861.jpg 0 0 0 1 0 0 1 0 0 0 0 0 0 0 1 0 1 0 0 1 0
images/frost/0262_2080609168.jpg 0 0 0 1 0 1 0 0 0 0 0 0 0 0 1 0 0 1 0 0 0
images/hill/0322_1304071544.jpg 0 0 0 0 0 0 0 0 0 0 0 0 0 0 1 0 0 0 0 0 0
images/village/0376_2359398298.jpg 0 0 0 0 0 0 1 1 0 0 0 1 0 0 1 0 0 0 0 1 0
images/baby/0342_61953531.jpg 0 0 0 0 0 0 0 0 0 1 0 0 0 0 0 0 0 0 0 0 0
images/clock_tower/0594_2188849321.jpg 0 0 1 0 0 0 1 0 1 0 0 0 0 0 0 0 0 0 0 1 0
images/skyline/0508_2063685708.jpg 0 0 1 1 0 0 1 0 0 0 0 1 0 0 1 0 0 0 0 1 0
images/train/0012_9478475.jpg 0 0 0 0 0 0 0 0 0 1 0 0 0 0 0 0 0 0 1 0 0
images/court/0520_313939492.jpg 0 0 0 0 0 1 0 0 0 0 0 0 0 0 0 0 0 0 0 0 0
images/bus/0390_2403901591.jpg 0 0 0 1 0 0 0 0 0 0 0 0 0 0 0 0 0 0 1 0 0
images/entrance/0479_215116173.jpg 0 0 1 0 1 0 0 0 0 0 0 0 0 0 0 0 0 0 0 0 0
images/old_people/0347_1429881674.jpg 0 0 0 0 0 1 0 0 0 1 0 0 0 0 0 0 0 0 0 0 0
images/vegetation/0454_2535666115.jpg 0 0 0 0 0 0 0 0 0 0 1 0 0 0 0 0 0 0 0 0 0
images/fox/0373_2438154835.jpg 0 0 0 1 0 0 0 0 0 0 0 0 0 0 1 0 0 0 0 0 0
images/cheerleader/0079_2039454458.jpg 0 0 0 0 0 0 0 0 0 1 0 0 0 0 0 0 0 0 0 0 0
images/camera/0251_2313333077.jpg 0 0 0 0 0 0 0 0 0 1 0 0 0 0 0 0 1 0 0 0 0
images/mountain/0210_107164429.jpg 0 0 0 0 0 0 0 0 0 0 1 0 0 0 0 1 0 1 0 0 0
images/tusks/0636_1290628369.jpg 0 1 0 0 0 0 0 0 0 1 0 0 0 0 1 0 0 0 0 0 0
images/lakes/0015_109239506.jpg 0 0 0 1 0 1 1 1 0 0 1 1 0 1 1 0 0 0 0 1 0
images/vegetation/0032_504816705.jpg 0 0 0 0 0 1 0 0 0 0 1 0 0 0 0 0 0 0 0 0 0
images/house/0492_1247511899.jpg 0 0 0 1 0 1 0 0 0 0 1 0 0 0 1 0 0 0 0 0 0
images/pool/0534_374558451.jpg 0 0 0 0 0 0 0 0 0 0 0 1 0 0 0 0 0 0 0 1 1
images/bank/0331_2249988691.jpg 0 0 1 0 0 0 0 0 0 1 0 0 1 0 0 0 0 0 1 0 1
images/castle/0039_99833944.jpg 0 1 0 1 0 0 0 0 0 0 0 1 0 1 1 0 0 0 0 1 0
images/emergency_vehicles/0068_1556616803.jpg 0 0 0 0 0 0 0 0 0 0 0 0 0 0 1 0 0 0 0 0 1
images/coral/0239_2071984876.jpg 1 0 0 0 0 0 0 0 0 0 0 0 0 0 0 0 0 0 0 1 0
images/athlete/0577_2425081550.jpg 0 0 0 0 0 0 0 0 0 1 0 0 0 0 0 0 0 0 0 0 0
images/swimming/0644_1441273857.jpg 0 0 0 0 0 0 0 0 0 1 0 0 0 0 0 0 0 0 0 1 0
images/relief/0016_39202236.jpg 0 0 0 0 0 0 0 0 0 0 0 0 0 0 1 0 0 1 0 0 0
images/parade/0012_209830933.jpg 0 0 0 0 0 0 0 0 0 1 0 0 0 0 0 0 0 0 0 0 0
images/ceiling/0597_532031533.jpg 0 0 0 0 0 0 0 0 0 0 0 0 0 0 0 0 0 0 0 0 1
images/harvest/0254_1696539621.jpg 0 0 0 0 0 0 0 0 0 0 1 0 0 0 0 0 0 0 0 0 0
images/orchid/0539_2427326669.jpg 0 0 0 0 1 0 0 0 0 0 1 0 0 0 0 0 0 0 0 0 0
images/golf/0322_138659511.jpg 1 0 0 1 0 0 0 0 0 1 0 0 0 0 1 0 0 0 0 0 0
images/backpackers/0338_255173533.jpg 0 0 0 1 0 0 1 0 0 0 0 0 0 0 1 0 1 0 0 1 0
images/wings/0669_262035385.jpg 1 0 0 0 0 0 0 0 0 0 0 0 1 0 0 0 0 0 0 0 0
images/lighthouse/0322_2063549777.jpg 0 0 0 1 0 0 1 0 1 0 0 0 0 0 1 0 0 0 0 1 0
images/ceremony/0322_1801987529.jpg 0 0 0 0 0 0 0 0 0 1 0 0 0 0 0 0 0 0 0 0 0
images/waterfalls/0311_327129905.jpg 0 0 0 1 0 0 0 0 0 0 1 0 0 0 0 0 0 0 0 1 0
images/sailboats/0096_1657433574.jpg 0 0 0 1 0 0 1 0 0 0 0 0 0 0 1 0 0 1 0 1 0
images/avalanche/0235_39030230.jpg 0 1 0 1 0 0 1 1 0 0 1 0 0 0 1 0 0 0 0 1 0
images/branch/0476_352713518.jpg 0 0 0 0 0 0 0 0 0 0 0 0 0 0 0 0 0 1 0 0 0
images/white-tailed/0299_1900288314.jpg 1 0 1 1 0 1 0 1 0 0 1 0 0 1 1 0 0 0 0 0 0
images/restaurant/0390_1393051393.jpg 0 1 1 1 0 0 0 0 1 0 0 0 1 0 1 0 0 0 0 1 0
images/antlers/0364_16965282.jpg 0 0 0 0 0 0 0 0 0 0 0 0 0 0 0 0 0 0 0 1 0
images/power_plant/0090_2075409315.jpg 0 0 0 1 0 0 0 0 0 0 0 1 0 0 1 0 1 0 0 1 0
images/plain/0517_2346954554.jpg 0 0 0 1 0 1 0 1 0 0 0 0 0 0 1 0 0 0 0 0 0
images/donkeys/0527_2289131468.jpg 0 0 0 0 0 0 0 0 0 0 0 0 0 0 1 1 0 0 0 0 0
images/sailboats/0327_19147909.jpg 0 0 0 1 0 0 1 0 0 0 0 0 0 0 1 0 1 0 0 1 0
images/rockface/0267_264366474.jpg 0 0 0 0 0 0 1 1 0 0 1 1 0 0 1 0 0 0 0 1 0
images/harvest/0583_2688517201.jpg 0 0 0 1 0 1 0 0 0 0 1 0 0 0 1 0 0 0 0 0 0
images/rockface/0313_2737710036.jpg 0 0 0 0 0 0 0 0 0 0 0 1 0 0 0 0 0 0 0 1 0
images/park/0653_128541269.jpg 0 0 0 0 0 0 0 1 0 0 0 0 0 1 1 0 0 0 0 0 0
images/balcony/0594_60441235.jpg 0 0 1 0 0 0 0 0 0 0 0 0 0 0 0 0 0 0 0 0 1
images/peaks/0447_481529726.jpg 0 0 0 0 0 0 1 0 1 0 0 0 0 0 1 1 0 0 0 1 0
images/host/0658_457444018.jpg 0 0 0 0 0 1 0 0 0 0 1 0 0 0 0 0 0 0 0 0 0
images/car_racing/0250_2432446717.jpg 0 0 0 0 0 0 0 0 0 0 0 0 1 0 0 0 0 0 0 0 0
images/tent/0021_32265389.jpg 0 0 0 0 0 0 0 0 0 0 0 0 0 0 0 0 0 0 0 1 0
images/ground_crew/0078_117970146.jpg 0 0 0 0 0 1 0 0 0 0 0 0 1 0 0 0 0 0 1 0 0
images/land/0259_118607218.jpg 1 0 0 0 0 0 0 0 0 0 0 0 0 0 0 1 0 0 0 1 0
images/shade/0599_2711332771.jpg 0 0 0 0 0 0 0 0 0 0 0 0 0 0 0 0 0 1 0 0 0
images/herd/0299_29128942.jpg 0 0 0 0 0 1 0 0 0 0 1 0 0 0 0 0 0 0 0 0 0
images/raft/0066_417942492.jpg 0 0 0 1 0 0 1 0 0 0 0 0 0 0 0 0 0 0 1 1 0
images/lighthouse/0492_1951279073.jpg 0 1 0 0 0 0 0 0 1 0 0 0 0 0 1 0 1 0 0 1 0
images/plain/0277_2314626393.jpg 0 0 0 1 0 1 0 1 0 0 0 0 0 0 1 0 0 0 0 0 0
images/cats/0355_575806609.jpg 1 0 0 0 0 0 0 0 0 0 0 0 0 0 0 0 0 0 0 0 0
images/statue/0512_2586204251.jpg 0 0 0 1 0 0 0 0 0 0 0 0 0 0 1 0 0 0 1 1 0
images/tornado/0598_933651.jpg 0 0 0 1 1 1 0 0 0 0 0 0 0 0 1 0 0 0 0 0 0
images/skiing/0054_64307953.jpg 0 0 0 1 0 0 0 1 0 0 0 0 0 0 1 1 0 0 0 0 0
images/elephant/0353_2098546434.jpg 1 0 0 0 0 1 0 0 0 0 0 0 0 0 0 0 0 0 0 0 0
images/cave/0228_352154499.jpg 0 0 0 0 0 0 0 0 1 0 0 0 0 1 1 0 0 0 0 1 0
images/relief/0403_2480827662.jpg 0 0 0 0 0 1 0 0 0 0 1 1 0 0 0 0 0 0 0 0 0
images/trunk/0053_2227155326.jpg 0 0 0 1 0 0 0 0 0 0 1 0 0 0 0 0 0 1 0 0 0
images/underpass/0285_2742685454.jpg 0 0 0 0 0 0 0 0 0 1 0 0 0 0 0 0 0 0 0 0 0
images/harbors/0261_238753866.jpg 0 0 0 0 0 0 0 0 0 1 0 0 0 0 0 0 0 0 0 0 1
images/water_tower/0618_2233919817.jpg 0 0 1 0 0 0 0 0 0 0 0 0 0 0 1 0 0 0 0 0 0
images/pagoda/0043_1574548964.jpg 0 0 1 1 0 0 0 1 0 0 0 0 0 0 1 0 0 0 0 0 0
images/shore/0529_338970070.jpg 0 1 0 0 0 0 0 0 1 0 0 0 0 1 1 0 0 0 1 1 0
images/dance/0061_52754814.jpg 0 0 0 0 0 1 0 0 0 0 0 0 0 0 0 0 0 0 0 0 0
images/soldiers/0458_149864372.jpg 0 0 0 0 0 1 0 0 0 1 0 0 0 0 0 0 0 0 0 0 0
images/sea/0003_403801345.jpg 0 1 0 1 0 0 0 0 1 0 0 0 0 0 1 0 0 0 0 1 0
images/grassland/0333_467457265.jpg 1 0 0 0 1 0 0 0 0 0 0 0 0 0 0 0 0 0 0 0 0
images/horse/0046_1565868361.jpg 1 0 0 0 0 0 0 0 1 0 0 0 0 0 0 0 0 0 0 1 0
images/tunnel/0544_2366745362.jpg 0 0 0 0 0 0 0 0 0 1 0 0 1 0 0 0 0 0 0 0 0
images/oceans/0509_186659986.jpg 0 0 0 0 0 0 0 0 1 0 0 0 0 0 0 0 0 0 0 0 0
images/hill/0423_2671944278.jpg 0 0 0 0 0 1 0 0 0 0 0 0 0 0 0 0 0 0 0 0 0
images/horses/0588_2266615855.jpg 1 0 0 0 0 0 0 0 0 1 0 0 0 0 1 0 0 0 0 0 0
images/river_bank/0249_2603135880.jpg 0 0 0 0 0 0 1 0 0 0 0 1 0 0 0 0 0 0 0 1 0
images/waterways/0038_2202965989.jpg 0 0 1 0 0 0 1 0 0 0 0 0 0 0 1 0 0 0 0 1 0
images/range/0298_978854863.jpg 0 0 1 0 0 0 0 0 0 0 0 0 0 0 1 0 0 0 0 0 0
images/eagle/0562_2126365792.jpg 0 0 0 0 0 0 0 0 0 0 0 0 1 0 0 0 0 0 0 1 1
images/tanker/0449_2553502408.jpg 0 0 0 0 0 0 1 0 1 0 0 0 0 0 1 0 0 0 0 1 0
images/oahu/0462_2056215720.jpg 0 1 0 1 0 0 0 0 0 0 0 0 0 0 1 0 1 0 0 1 0
images/whales/0050_2718778951.jpg 1 0 0 1 0 0 0 0 1 0 0 0 0 0 0 0 0 0 0 1 0
images/roofs/0375_88212001.jpg 0 0 1 0 0 0 0 0 0 0 0 0 0 0 0 0 0 0 0 0 1
images/individual/0215_2075448273.jpg 0 0 0 1 0 0 0 0 1 0 0 0 0 1 1 0 0 0 0 1 0
images/rainy/0054_2143884977.jpg 0 0 0 0 0 0 0 0 0 0 1 0 0 0 0 0 0 1 0 0 0
images/sailboat/0240_279492640.jpg 0 0 0 1 0 0 0 0 1 0 0 0 0 0 1 0 1 0 0 1 0
images/courthouse/0261_2355833197.jpg 0 0 0 1 0 0 0 0 0 0 0 0 0 0 1 1 0 0 0 0 1
images/pack/0467_2749627778.jpg 0 0 0 1 0 0 0 0 0 0 0 0 0 0 0 0 0 0 1 0 1
images/windmills/0484_2378903563.jpg 0 0 1 0 0 0 0 0 0 0 0 0 0 1 1 0 0 0 0 0 0
images/silhouette/0583_99700751.jpg 0 0 0 1 0 0 0 0 0 0 0 0 0 0 1 0 1 0 0 0 0
images/monastery/0428_2185870550.jpg 0 0 0 0 0 0 0 1 0 0 1 0 0 1 1 0 0 0 0 0 0
images/arctic/0060_192746744.jpg 0 0 1 0 0 0 0 0 0 0 0 0 0 0 1 1 0 0 0 0 1
images/rocks/0495_1366113570.jpg 0 0 0 1 0 0 1 0 1 0 0 0 0 1 1 0 1 0 0 1 0
images/bank/0010_88829066.jpg 0 0 1 1 0 0 0 0 0 0 0 0 0 0 1 0 1 0 0 0 0
images/grassland/0587_2301700469.jpg 0 0 0 0 0 1 0 0 0 0 1 0 0 0 0 0 0 0 0 0 0
images/rice/0293_2495724473.jpg 0 0 0 0 0 0 0 0 0 0 0 0 0 0 0 0 0 0 0 1 0
images/flight/0094_217132929.jpg 0 0 0 1 0 0 0 0 0 0 0 0 0 0 1 0 0 0 0 0 1
images/houseboat/0687_2629272273.jpg 0 0 0 1 0 0 1 0 1 0 0 0 0 0 1 0 1 0 0 1 0
images/beach/0020_40997434.jpg 0 1 0 1 0 0 1 0 1 0 0 0 0 0 1 0 0 0 0 1 0
images/straightaway/0073_122130131.jpg 0 0 0 0 0 0 0 0 0 0 0 0 0 0 0 1 0 0 0 0 0
images/castle/0259_2330789432.jpg 0 0 0 0 0 0 1 0 0 0 0 1 0 0 0 0 0 0 0 1 1
images/steeple/0537_186747448.jpg 0 0 1 0 0 0 0 0 0 0 0 0 0 0 1 0 0 0 0 0 0
images/fire_station/0027_1934932189.jpg 0 0 0 1 0 1 0 0 0 0 0 0 0 0 1 0 0 0 1 0 1
images/window/0395_2408883838.jpg 0 0 1 1 1 0 0 0 0 0 0 0 0 0 0 0 0 0 0 0 1
images/hawk/0557_2092176354.jpg 1 0 0 0 0 0 0 0 0 0 0 0 0 0 0 0 0 0 0 0 0
images/ocean/0480_455364525.jpg 0 0 0 1 0 0 1 0 1 0 0 0 0 0 1 0 1 0 0 1 0
images/canoe/0385_1014328720.jpg 0 0 0 1 0 0 1 1 1 0 0 0 0 0 1 0 0 0 0 1 0
images/shops/0600_2433030322.jpg 0 0 0 0 0 0 0 0 0 0 0 0 1 0 1 0 0 0 0 0 0
images/maui/0550_2385922467.jpg 0 1 0 0 0 0 1 0 1 0 0 0 0 0 0 0 0 0 0 1 0
images/paintings/0592_1475964764.jpg 0 0 0 0 1 0 0 0 0 0 1 0 0 0 0 0 0 0 0 0 0
images/frozen/0587_98542653.jpg 0 0 0 1 0 0 1 0 0 0 0 0 0 1 1 1 0 0 0 1 0
images/formula/0242_277721735.jpg 0 0 0 0 0 0 0 0 0 0 0 0 1 0 0 0 0 0 1 0 0
images/court/0547_1140874584.jpg 0 0 1 0 0 0 0 0 0 0 0 1 0 0 1 0 1 0 0 1 0
images/bridge/0255_528580841.jpg 0 0 0 0 0 0 1 0 0 0 0 0 0 0 0 0 0 1 0 0 0
images/vegetation/0384_1274139554.jpg 0 0 0 0 0 0 0 0 0 0 1 1 0 0 0 0 0 1 0 1 0
images/pebbles/0071_394497432.jpg 0 0 0 1 0 0 1 0 0 0 0 0 0 1 1 0 0 0 0 1 0
images/sailboats/0242_493146972.jpg 0 0 0 1 1 0 1 0 0 0 0 0 0 0 0 0 0 0 0 1 0
images/rockface/0491_265702812.jpg 0 0 0 1 0 0 1 1 0 0 0 1 0 1 1 0 0 0 0 1 0
images/anemone/0397_285794391.jpg 0 0 0 0 1 0 0 0 1 0 0 0 0 0 0 0 0 0 0 0 0
images/railing/0410_58930865.jpg 0 0 0 0 0 0 0 0 1 0 0 0 0 0 0 0 0 0 0 1 0
images/pipelines/0050_14927199.jpg 0 0 0 0 0 0 0 0 0 0 1 0 1 0 0 0 0 0 1 0 1
images/interior/0418_2311565237.jpg 0 0 0 0 0 0 0 0 0 0 0 0 0 0 1 0 0 0 0 0 0
images/car_racing/0531_154408476.jpg 0 0 0 0 0 0 0 0 0 0 0 0 0 0 0 0 0 0 1 0 0
images/gymnastics/0305_224163049.jpg 0 0 0 0 0 1 0 0 0 1 0 0 0 0 1 0 0 0 1 0 0
images/highway/0516_184270268.jpg 0 0 0 1 0 0 0 1 0 0 0 0 0 0 1 1 0 0 0 0 0
images/forest/0349_411144343.jpg 0 0 0 0 0 1 0 0 0 0 1 0 0 0 0 0 0 1 0 0 0
images/town/0565_65452635.jpg 0 0 0 0 0 0 0 0 0 1 0 0 1 0 0 0 0 0 0 0 0
images/orchid/0481_446021738.jpg 0 0 0 0 1 0 0 0 0 0 1 0 0 0 0 0 0 0 0 0 0
images/pond/0019_354959065.jpg 0 1 1 0 0 0 0 0 0 0 0 1 0 0 1 1 0 0 0 1 0
images/slope/0596_285404952.jpg 0 0 0 1 0 1 0 1 0 0 1 0 0 0 1 1 0 0 0 0 0
images/valleys/0649_2264394439.jpg 0 0 0 0 0 0 0 1 0 0 0 0 0 0 1 0 0 0 0 0 0
images/car_racing/0401_141784798.jpg 0 0 0 0 0 1 0 0 0 0 0 0 0 0 0 0 0 0 1 0 0
images/forest/0514_2266390201.jpg 0 0 0 0 0 1 0 0 0 0 0 0 0 0 0 1 0 1 0 0 0
images/storms/0408_2665462292.jpg 0 0 0 1 0 0 0 0 1 0 0 0 0 0 1 0 0 0 0 1 0
images/landscape/0498_253734975.jpg 0 0 0 0 0 0 0 0 0 0 0 0 0 0 1 0 1 0 0 1 0
images/marine/0575_2423518603.jpg 0 0 0 1 0 0 1 0 1 0 0 1 0 0 1 0 0 0 1 1 0
images/ice_skating/0442_166196659.jpg 0 0 0 0 0 0 0 0 0 1 0 0 0 0 0 0 0 0 0 0 0
images/graveyard/0536_84145218.jpg 0 0 0 0 0 1 0 0 0 0 1 0 0 0 0 0 0 0 0 0 0
images/row/0349_2045285769.jpg 0 0 0 0 0 0 0 0 0 0 0 0 0 0 0 0 0 1 0 0 0
images/road_block/0548_1402855897.jpg 0 0 1 0 0 0 0 0 0 0 0 0 1 0 0 0 0 0 0 0 1
images/apartments/0401_197573111.jpg 0 0 1 1 0 0 0 0 1 0 0 0 0 0 1 1 0 0 0 1 0
images/forest/0622_2580587084.jpg 0 0 0 0 0 0 1 0 1 0 0 0 0 0 0 0 0 0 0 1 0
images/shipyards/0255_2386993184.jpg 0 1 0 0 0 0 0 0 0 0 0 0 0 0 1 0 0 0 0 1 0
images/ice/0206_403406763.jpg 0 0 0 0 0 0 0 1 0 0 0 0 0 0 1 1 0 0 0 0 0
images/tundra/0596_13183067.jpg 0 0 0 1 0 1 0 1 0 0 0 0 0 1 1 0 0 0 0 0 0
images/road_block/0198_2578322245.jpg 0 0 0 0 0 0 0 0 0 1 0 0 1 0 0 0 0 0 0 0 0
images/smoke_stack/0477_532567164.jpg 0 0 0 0 0 0 0 1 0 0 0 0 0 1 1 0 0 0 0 0 0
images/balcony/0487_2215683172.jpg 0 0 0 0 0 0 0 0 0 0 0 0 0 0 0 0 0 0 0 0 1
images/motorcycle/0452_2254759860.jpg 0 0 0 1 0 0 1 0 1 0 0 0 0 0 1 0 1 0 0 1 0
images/field/0062_377577000.jpg 0 0 0 1 0 1 0 0 0 0 0 0 0 0 1 0 1 1 0 0 0
images/oceans/0251_2718301205.jpg 0 1 0 1 0 0 0 0 1 0 0 0 0 1 0 0 0 0 0 1 0
images/traffic/0418_51455338.jpg 0 0 0 1 0 0 0 0 0 0 0 0 0 0 0 0 0 0 1 0 0
images/shrubs/0398_483621078.jpg 1 0 0 0 1 0 0 0 0 0 1 0 0 0 0 0 0 0 0 0 0
images/dining_room/0325_335765248.jpg 0 0 0 0 0 0 0 0 0 0 0 0 0 0 0 0 0 0 0 0 1
images/battleship/0375_1798933169.jpg 0 0 0 0 0 0 0 0 1 1 0 0 0 0 0 0 0 0 0 1 0
images/coyote/0566_311261508.jpg 1 0 0 0 0 1 0 0 0 0 0 0 0 0 0 0 0 0 0 0 0
images/amusement_park/0528_297882739.jpg 0 0 0 1 0 0 0 0 0 0 0 0 0 0 1 0 0 0 0 0 0
images/castle/0249_2383780762.jpg 0 0 1 0 0 1 0 0 0 0 0 1 0 0 0 0 0 0 0 0 1
images/orchid/0221_2036857113.jpg 0 0 0 0 1 0 0 0 0 0 1 0 0 0 0 0 0 0 0 0 0
images/horizon/0300_433031283.jpg 0 0 0 0 0 0 0 0 0 0 1 0 0 0 1 0 1 1 0 0 0
images/moss/0652_2296168490.jpg 0 0 0 0 0 0 0 0 0 0 0 0 0 0 0 0 0 0 0 1 0
images/cheerleader/0322_509109988.jpg 0 0 0 0 0 1 0 0 0 1 0 0 0 0 0 0 0 0 0 0 0
images/water_tower/0463_1768314.jpg 0 0 1 1 0 0 0 0 0 0 0 0 0 0 1 0 0 0 0 1 0
images/valley/0379_899508363.jpg 0 0 0 0 0 0 0 1 0 0 1 0 0 0 1 0 0 0 0 0 0
images/pair/0209_2267466176.jpg 0 0 0 0 1 0 0 0 0 0 1 0 0 0 0 0 0 0 0 0 0
images/farms/0242_2405019488.jpg 0 0 0 1 0 0 0 0 0 0 0 0 0 0 1 0 1 0 0 0 0
images/graveyard/0058_176122344.jpg 0 0 0 0 0 1 0 0 0 0 1 0 0 0 0 0 0 1 0 0 0
images/cat/0063_157717081.jpg 1 0 0 0 0 0 0 0 0 0 0 0 0 0 0 0 0 0 0 0 0
images/pond/0519_2123248639.jpg 0 0 0 1 0 0 0 0 0 0 0 0 0 0 1 1 1 0 0 1 0
images/swimmers/0481_371255349.jpg 0 0 0 0 0 0 0 0 0 1 0 0 0 0 0 0 0 0 0 0 0
images/deer/0597_876526543.jpg 1 0 0 0 0 1 0 0 0 0 0 0 0 0 0 0 0 0 0 0 0
images/beach/0397_453314557.jpg 0 0 0 1 0 0 0 0 1 0 0 0 0 0 1 0 0 0 0 0 0
images/aerial/0092_2290060819.jpg 0 0 0 1 0 0 0 1 0 0 0 0 0 1 1 1 0 0 0 0 0
images/military_personnel/0237_2494970870.jpg 0 0 0 0 0 0 0 0 0 1 0 0 0 0 0 0 0 0 0 0 0
images/column/0280_470090480.jpg 0 0 0 0 0 0 0 0 0 1 0 0 0 0 0 0 0 0 0 0 0
images/bengal/0319_72316433.jpg 1 0 0 0 0 0 0 0 0 0 0 0 0 0 0 0 0 0 0 0 0
images/horns/0322_120343813.jpg 1 0 0 0 0 1 0 0 0 0 0 0 0 0 0 0 0 0 0 0 0
images/bench/0291_2682447106.jpg 0 0 0 0 0 0 0 0 0 0 0 0 1 0 0 0 0 0 0 0 0
images/jeep/0481_418114830.jpg 0 0 0 0 0 0 0 0 0 1 0 0 0 0 0 0 0 0 1 0 0
images/rapids/0386_221096399.jpg 0 0 0 0 0 0 0 0 0 0 0 0 0 1 0 0 0 0 0 1 0
images/tanker/0642_2263263602.jpg 0 0 0 1 0 0 0 0 0 0 0 0 0 0 1 0 0 0 0 0 0
images/peaks/0060_2572602511.jpg 0 0 0 1 0 0 0 1 0 0 0 0 0 0 1 1 0 0 0 0 0
images/rapids/0252_200258258.jpg 0 0 0 0 0 0 0 0 0 0 1 0 0 0 1 0 0 0 0 0 0
images/press_conference/0380_30919970.jpg 0 0 0 0 0 0 0 0 0 1 0 0 0 0 0 0 0 0 0 0 0
images/diver/0039_443060558.jpg 1 0 0 0 0 0 0 0 0 0 0 0 0 0 0 0 0 0 0 1 0
images/volcano/0311_837939143.jpg 0 0 0 1 0 0 0 1 0 0 0 0 0 1 1 0 0 0 0 0 0
images/natural_disasters/0250_1166044053.jpg 0 0 0 1 0 0 0 0 1 0 0 0 0 0 1 0 0 0 0 1 0
images/vineyard/0507_151114114.jpg 0 0 0 1 0 0 0 0 0 0 0 0 0 0 1 0 0 0 0 0 0
images/ditch/0329_464114181.jpg 1 0 0 0 0 1 0 0 0 0 1 0 0 0 0 0 0 0 0 0 0
images/facade/0576_2489666503.jpg 0 0 0 0 0 0 0 0 0 0 0 0 0 0 0 0 0 0 0 0 1
images/land/0351_69837334.jpg 0 0 0 1 0 0 0 0 0 0 1 0 0 0 1 0 0 1 0 0 0
images/tugboat/0064_2235411283.jpg 0 0 0 0 0 0 1 0 1 0 0 0 0 0 0 0 0 0 1 1 0
images/designs/0505_210200190.jpg 0 0 0 0 0 0 0 0 0 0 0 0 0 0 0 0 0 0 0 0 1
images/tunnel/0044_110319347.jpg 0 0 0 1 0 0 0 1 0 0 0 0 0 1 1 0 0 0 0 0 0
images/porches/0346_1019256828.jpg 0 0 1 0 0 0 0 0 0 0 0 0 0 0 1 0 0 0 0 0 1
images/oahu/0375_398072639.jpg 0 0 0 0 1 0 0 0 0 0 1 0 0 0 0 0 0 0 0 0 0
images/communications_tower/0041_2661187123.jpg 0 0 1 0 0 0 0 0 0 0 0 0 0 0 1 0 0 0 0 0 1
images/coast/0318_162244641.jpg 0 0 0 1 0 0 0 0 1 0 0 0 0 0 1 0 1 0 0 0 0
images/cottage/0049_2495041307.jpg 0 0 0 1 0 1 0 1 0 0 0 0 0 0 1 0 1 0 0 0 1
images/freighter/0246_2051374169.jpg 0 0 0 0 0 0 0 0 1 0 0 0 0 0 1 0 0 0 1 1 0
images/referees/0408_965351572.jpg 0 0 0 0 0 1 0 0 0 1 0 0 0 0 1 0 0 0 0 0 0
images/cougar/0024_2098784277.jpg 1 0 0 0 0 0 0 0 0 0 0 0 0 0 0 0 0 0 0 0 0
images/weather/0490_383623210.jpg 0 0 0 0 0 0 0 0 0 0 0 0 0 0 0 1 0 1 0 0 0
images/sand/0594_37059683.jpg 1 1 0 0 0 0 0 0 0 0 0 0 0 0 0 0 0 0 0 0 0
images/harbors/0524_238484225.jpg 0 0 1 1 0 0 1 0 0 0 0 0 0 0 1 0 0 0 0 1 0
images/grain_elevator/0564_91938533.jpg 0 0 0 1 0 0 0 0 0 0 0 0 0 0 0 0 0 0 0 0 1
images/slope/0564_99269744.jpg 0 0 0 0 0 0 0 1 0 0 0 0 0 0 1 1 0 0 0 0 0
images/lake/0411_114540672.jpg 0 0 0 1 0 0 1 0 1 0 0 1 0 0 1 1 1 0 0 1 0
images/canoe/0555_2711907159.jpg 0 1 0 0 0 0 1 0 0 0 0 1 0 0 0 0 0 0 0 1 0
images/straightaway/0034_2699540329.jpg 0 0 0 0 0 0 0 0 0 1 1 0 0 0 0 0 0 0 0 0 0
images/pots/0498_2401550525.jpg 0 0 0 0 1 0 0 0 0 0 1 0 0 0 0 0 0 0 0 0 0
images/dock/0080_200013588.jpg 0 0 0 1 0 0 1 1 0 0 0 0 0 0 1 0 0 0 0 1 0
images/canoe/0055_2346749559.jpg 0 0 0 1 0 0 1 0 0 0 0 1 0 0 1 0 1 0 0 1 0
images/cars/0536_69461560.jpg 0 0 0 0 0 1 0 0 0 1 0 0 0 0 0 0 0 0 0 0 0
images/golf_course/0358_751175463.jpg 0 0 0 1 0 0 1 0 0 0 1 1 0 0 1 0 1 0 0 0 0
images/dock/0573_241440216.jpg 0 0 1 0 0 0 0 1 0 0 0 1 0 0 0 0 0 0 0 1 1
images/rocks/0374_233657988.jpg 0 0 0 1 0 0 1 0 1 0 0 0 0 1 1 0 0 0 0 1 0
images/road_block/0183_302833675.jpg 0 0 0 0 0 0 0 0 0 0 0 0 1 0 0 0 0 0 0 0 0
images/swimming_pools/0407_473409381.jpg 0 0 0 0 0 0 1 0 0 0 0 0 0 1 1 0 0 0 0 1 0
images/beach/0513_266153190.jpg 0 0 0 1 0 0 1 0 1 0 0 0 0 0 1 0 0 0 0 1 0
images/lighthouse/0269_690502029.jpg 0 0 0 1 0 0 1 0 1 0 0 0 0 1 1 0 0 0 0 1 0
images/cheering/0354_289923057.jpg 0 0 0 0 0 0 0 0 0 0 0 0 1 0 1 0 0 0 0 0 0
images/insurgents/0482_1490057667.jpg 0 0 0 1 0 0 0 0 0 0 0 0 0 0 1 0 0 0 1 0 1
images/wood/0413_2304497630.jpg 0 1 0 1 0 0 0 0 1 0 0 0 0 1 1 0 0 0 0 1 0
images/penguin/0034_354254670.jpg 1 0 0 0 0 0 0 0 0 0 0 0 0 0 1 0 0 0 0 0 0
images/boats/0493_2324985424.jpg 0 1 0 0 0 0 1 0 0 0 0 1 0 0 1 0 1 0 0 1 0
images/nighttime/0267_756163264.jpg 0 0 0 1 0 0 0 0 0 1 0 0 0 0 1 0 1 0 0 0 0
images/oahu/0300_134442017.jpg 0 0 0 1 0 0 0 0 1 0 0 0 0 0 1 0 1 0 0 0 0
images/beach/0481_540943084.jpg 0 1 0 1 0 0 1 0 1 0 0 0 0 0 1 0 0 0 0 1 0
images/elephant/0483_1909099536.jpg 1 0 0 0 0 0 0 0 0 0 0 0 0 0 0 0 0 0 0 0 0
images/hut/0008_416373953.jpg 0 0 0 0 0 0 0 0 0 0 0 0 0 0 1 1 0 0 0 0 0
images/jeep/0502_1046721794.jpg 0 0 0 1 0 0 0 0 0 0 0 0 0 0 0 0 0 0 0 0 1
images/coast/0372_149441046.jpg 1 0 0 0 0 0 0 0 0 0 0 0 0 0 0 0 0 0 0 1 0
images/cars/0475_957718147.jpg 0 0 1 1 0 0 0 0 0 0 0 0 1 0 1 0 0 0 0 0 1
images/hawaii/0246_867643548.jpg 0 0 0 0 0 1 0 0 0 1 0 0 0 0 0 0 0 0 0 0 0
images/avalanche/0067_234184021.jpg 0 0 0 0 0 0 1 1 0 0 0 0 0 1 1 0 0 0 0 0 0
images/swimmer/0067_423605901.jpg 0 0 0 1 0 0 1 0 0 1 0 0 0 0 0 0 0 0 0 1 0
images/volcano/0472_467325201.jpg 0 0 0 1 0 0 0 1 0 0 0 0 0 0 1 1 0 0 0 0 0
images/classroom/0068_269338780.jpg 0 0 0 0 0 0 0 0 0 1 0 0 0 0 0 0 0 0 0 0 0
images/rapids/0344_1011381507.jpg 0 0 0 1 0 0 0 0 0 0 0 0 0 0 1 0 0 0 0 0 1
images/booby/0518_222888161.jpg 0 1 0 0 0 0 1 0 0 0 0 0 0 1 1 0 0 0 0 1 0
images/den/0022_2352265143.jpg 0 0 0 1 0 0 0 0 0 0 0 0 0 0 1 1 0 1 0 0 0
images/desert/0558_2276859671.jpg 0 0 0 0 0 0 0 0 0 0 0 0 1 1 0 0 0 0 0 0 0
images/single_family_homes/0032_2470308251.jpg 0 0 0 0 0 1 0 0 0 0 1 0 0 0 0 0 0 0 1 0 0
images/river_bank/0569_350148554.jpg 0 0 0 0 0 0 0 0 0 0 0 0 0 0 1 0 0 0 1 1 0
images/oahu/0498_173043366.jpg 0 0 0 1 0 0 0 0 0 0 1 0 0 0 1 0 1 0 0 1 0
images/maui/0353_2556878969.jpg 0 0 0 1 0 0 1 0 1 0 0 0 0 0 1 0 1 0 0 1 0
images/shade/0272_2369945065.jpg 0 1 0 1 0 0 0 0 0 0 0 0 0 1 1 0 0 0 0 0 0
images/amusement_park/0422_377543302.jpg 0 1 0 1 0 0 0 0 1 0 0 0 0 0 1 0 0 1 0 0 0
images/commercials/0256_108753452.jpg 0 0 0 0 0 0 0 0 0 1 0 0 0 0 0 0 0 0 0 0 0
images/elephants/0309_2360978398.jpg 1 0 0 1 0 0 1 0 1 0 0 1 0 0 1 0 1 0 0 1 0
images/ditch/0072_74900729.jpg 1 0 0 1 0 1 1 0 0 0 0 0 0 0 1 0 0 0 0 1 0
images/peaks/0332_1757029554.jpg 0 0 0 1 0 0 0 1 0 0 0 1 0 0 1 0 0 0 0 1 0
images/amusement_park/0210_2464884857.jpg 0 0 0 0 0 0 0 0 1 0 0 0 0 0 0 0 0 0 0 0 0
images/meeting/0237_2645589939.jpg 0 0 0 0 0 1 0 0 0 0 0 0 0 0 0 0 0 0 0 0 0
images/cheering/0237_472116670.jpg 0 0 0 0 0 0 0 0 1 1 0 0 0 0 0 0 0 0 0 0 0
images/sails/0562_1438643949.jpg 0 1 0 0 0 0 1 0 1 0 0 0 0 0 1 0 0 0 0 1 0
images/canoe/0553_240600268.jpg 0 1 0 1 0 0 0 0 1 0 0 0 0 0 1 0 0 0 0 1 0
images/driver/0449_133460055.jpg 0 0 0 0 0 0 0 0 0 0 0 0 1 0 0 0 0 0 1 0 0
images/locomotive/0550_191726995.jpg 0 0 0 1 0 0 0 0 0 0 0 0 1 0 1 0 0 0 1 1 0
images/rapids/0354_744939984.jpg 0 0 0 0 0 0 1 0 1 0 0 0 0 0 0 0 0 0 0 1 0
images/athlete/0295_1356864021.jpg 0 0 0 0 0 0 0 0 0 1 0 0 1 0 0 0 0 0 1 0 0
images/helicopter/0067_318961606.jpg 0 0 0 1 0 0 0 0 0 0 0 0 0 0 1 0 0 0 1 0 0
images/rifles/0590_1356974666.jpg 0 0 0 0 0 0 0 0 0 1 0 0 0 0 0 0 0 0 0 0 0
images/person/0265_125065848.jpg 0 0 0 0 0 0 0 0 0 1 0 0 0 0 0 0 0 0 0 0 0
images/porches/0046_2559398260.jpg 0 0 1 0 0 0 0 0 0 0 0 0 0 0 0 0 0 0 0 0 1
images/rockface/0580_264427285.jpg 0 0 0 1 0 0 1 0 0 0 0 1 0 0 1 0 0 1 0 1 0
images/earthquake/0306_1985232158.jpg 0 0 0 0 0 0 0 0 0 0 0 0 0 0 0 0 0 0 0 0 1
images/tanker/0306_307978799.jpg 0 0 0 1 0 0 0 0 1 0 0 0 0 0 1 0 1 0 0 0 0
images/gymnastics/0422_12748448.jpg 0 0 0 1 0 0 0 0 0 0 0 0 0 0 0 0 0 0 0 0 0
images/foals/0369_407047608.jpg 0 0 1 0 0 0 0 0 0 0 0 0 0 0 0 0 0 0 0 0 1
images/helicopters/0591_1696292562.jpg 0 0 0 1 0 0 0 0 0 0 0 0 0 0 1 0 0 0 0 0 1
images/bride/0580_859598882.jpg 0 0 0 1 0 0 0 0 1 1 0 0 0 0 1 0 1 0 0 1 0
images/valleys/0582_2239479938.jpg 0 0 1 0 0 0 0 1 0 0 0 0 0 0 1 0 0 1 0 0 0
images/harbor/0526_1191659383.jpg 0 0 0 0 0 0 0 0 0 0 0 0 0 0 1 0 0 0 0 1 0
images/beach/0089_445926656.jpg 0 1 0 0 0 0 0 0 1 1 0 0 0 0 0 0 0 0 0 1 0
images/cruise_liner/0007_2387993015.jpg 0 0 0 1 0 0 0 0 0 0 0 0 0 0 1 0 1 0 0 0 0
images/cordless/0085_2095774218.jpg 0 0 0 0 0 0 0 0 0 1 0 0 0 0 0 0 0 0 0 0 0
images/branch/0524_2456016784.jpg 0 0 0 0 1 0 0 0 0 0 0 0 0 0 0 0 0 0 0 0 0
images/restaurant/0643_2651486688.jpg 0 0 0 0 0 0 0 0 0 1 0 0 0 0 0 0 0 0 0 0 0
images/freighter/0589_2421315854.jpg 0 0 0 0 0 0 0 0 0 0 0 0 0 0 1 0 0 0 1 1 0
images/blooms/0482_2325746875.jpg 0 0 0 0 1 0 0 0 0 0 0 0 0 0 0 0 0 0 0 0 0
images/remains/0464_45893942.jpg 0 0 0 1 0 0 0 0 0 0 0 0 0 0 1 1 0 0 0 0 0
images/windy/0483_112381440.jpg 0 1 0 0 0 0 0 0 0 0 0 0 0 0 1 0 0 0 0 0 0
images/frost/0054_2366427258.jpg 0 0 0 1 0 0 1 0 0 0 0 0 0 0 1 1 0 0 0 1 0
images/orchid/0087_2394982465.jpg 0 0 0 1 1 0 0 0 0 0 0 0 0 0 1 0 0 0 0 0 0
images/swimming/0243_213096183.jpg 0 0 0 0 0 0 0 0 1 0 0 0 0 0 1 0 0 0 0 1 0
images/frozen/0234_2176487427.jpg 0 0 0 0 0 0 0 0 0 0 0 0 0 0 1 1 1 1 0 0 0
images/log/0588_2188002221.jpg 1 0 0 0 0 0 0 0 0 0 0 0 0 0 0 0 0 0 0 0 0
images/fox/0094_2152844092.jpg 1 0 0 0 0 0 0 0 0 0 0 0 0 0 0 0 0 0 0 0 0
images/albatross/0518_2251903499.jpg 1 0 0 0 0 0 0 0 1 0 0 0 0 0 0 0 0 0 0 1 0
images/aerial/0263_830365950.jpg 0 0 1 1 0 0 0 0 1 0 0 0 1 0 1 0 0 0 0 1 0
images/lake/0537_1466146735.jpg 0 0 0 1 0 0 1 1 0 0 0 1 0 0 1 0 0 0 0 1 0
images/monks/0513_1236153082.jpg 1 0 0 0 0 0 0 0 0 1 0 0 0 0 0 0 0 0 0 0 0
images/tanks/0351_273400940.jpg 0 0 0 1 0 1 0 0 0 0 0 0 0 0 1 0 0 0 1 0 0
images/frost/0450_2184808996.jpg 0 0 0 0 0 0 0 1 0 0 0 0 0 1 1 1 0 0 0 1 0
images/cactus/0087_2403054849.jpg 0 0 0 0 1 0 0 0 0 0 0 0 0 0 0 0 0 0 0 0 0
images/photographers/0024_1109727306.jpg 0 0 0 0 0 1 0 0 0 1 0 0 0 0 0 0 0 1 0 0 0
images/helicopters/0435_2246460689.jpg 0 0 0 1 0 0 0 0 0 0 0 0 0 0 1 0 0 0 1 0 0
images/nighttime/0388_2611593545.jpg 0 0 0 1 0 0 0 1 0 0 0 0 1 0 1 0 0 0 0 0 0
images/cul-de-sac/0263_225710163.jpg 0 0 0 1 0 0 0 0 0 0 1 1 0 0 1 0 0 0 0 1 0
images/parade/0372_1972823102.jpg 0 0 0 1 0 0 0 0 1 0 0 0 0 0 1 0 0 0 0 1 0
images/hill/0278_2718612107.jpg 0 0 0 0 0 0 0 0 0 0 1 0 0 0 1 0 0 1 0 0 0
images/plants/0296_494762749.jpg 0 0 0 0 1 0 0 0 0 0 1 0 0 0 0 0 0 0 0 0 0
images/animals/0434_103676021.jpg 1 0 0 0 0 1 0 0 0 0 0 0 0 0 0 0 0 0 0 0 0
images/canal/0364_403714623.jpg 0 0 1 0 0 0 1 0 0 0 0 1 1 0 0 0 0 0 0 1 1
images/porches/0584_2363661089.jpg 0 0 1 0 0 0 0 0 0 0 0 0 0 0 0 0 0 0 0 0 0
images/restaurant/0675_68841222.jpg 0 0 0 0 0 0 0 0 0 0 0 0 0 0 0 0 0 0 0 0 1
images/golf_course/0573_1560261289.jpg 0 0 0 1 0 1 0 0 0 0 1 0 0 0 1 0 0 0 0 1 0
images/mist/0410_2694916773.jpg 0 0 0 0 0 0 0 0 0 0 1 0 0 0 1 0 0 1 0 0 0
images/formula/0025_2234066857.jpg 0 0 0 0 1 0 0 0 0 0 0 0 0 0 0 0 0 0 0 0 0
images/pagoda/0450_26885353.jpg 0 0 1 0 0 0 0 0 0 0 0 0 0 0 0 0 0 0 0 0 0
images/person/0589_2732184141.jpg 0 0 0 0 0 0 0 0 0 1 0 1 0 0 0 0 0 0 0 1 0
images/stems/0367_309662179.jpg 0 0 0 0 0 1 0 0 0 0 1 0 0 0 1 0 0 0 0 0 1
images/cliff/0081_2177149847.jpg 0 1 0 1 0 0 0 0 1 0 0 0 0 0 1 0 1 0 0 1 0
images/caribou/0549_208600256.jpg 0 0 1 1 0 0 0 0 0 0 0 0 1 0 1 0 0 0 0 0 1
images/path/0076_445958269.jpg 0 0 0 0 0 1 0 0 0 1 1 0 0 0 1 0 0 0 0 0 0
images/cow/0274_1149258557.jpg 1 1 0 1 0 0 0 0 1 0 0 0 0 0 1 0 0 0 0 0 0
images/sails/0438_97712241.jpg 0 0 1 0 0 0 0 0 0 0 0 0 0 0 1 0 0 0 0 0 1
images/valleys/0292_33711378.jpg 0 0 0 0 0 1 0 1 0 0 1 0 0 0 0 0 0 0 0 0 0
images/oahu/0444_310418142.jpg 0 0 0 0 1 0 0 0 0 0 1 0 0 0 0 0 0 0 0 0 0
images/room/0358_144547463.jpg 0 0 0 0 0 0 0 0 0 0 0 0 0 0 0 0 0 0 0 0 1
images/shopping_mall/0306_2051624439.jpg 0 0 0 1 0 0 0 0 0 0 0 0 0 0 1 0 1 0 0 0 0
images/pebbles/0347_2262624504.jpg 0 1 0 1 0 0 0 0 0 0 0 0 0 1 1 0 1 0 0 1 0
images/fawn/0360_2512711016.jpg 1 1 0 1 0 1 0 0 1 0 1 0 0 0 1 0 0 0 0 1 0
images/arch/0029_491153245.jpg 0 0 0 1 0 1 0 0 0 0 0 0 0 0 1 0 0 0 0 0 0
images/truck/0371_1223076122.jpg 0 0 1 0 0 0 0 0 0 0 0 0 0 0 0 0 0 0 1 0 1
images/cave/0372_2469829895.jpg 0 0 0 0 0 0 0 0 0 0 0 0 0 1 0 0 0 0 0 0 0
images/castle/0395_557067791.jpg 0 0 0 1 0 0 0 1 0 0 0 0 0 0 1 0 0 0 0 1 0
images/vehicle/0531_184315194.jpg 0 0 0 0 0 0 0 0 0 0 0 0 1 0 0 0 0 0 1 0 1
images/vegetation/0221_418251684.jpg 0 0 0 0 1 0 0 0 0 0 1 0 0 0 0 0 0 0 0 0 0
images/prop/0570_160153584.jpg 0 0 0 0 0 0 0 0 0 0 0 0 0 0 1 0 0 0 1 0 0
images/glacier/0532_283763964.jpg 0 0 0 1 0 0 0 1 0 0 0 0 0 1 1 1 0 0 0 0 0
images/palm/0507_1115424581.jpg 0 0 0 1 0 0 0 0 0 0 1 0 0 0 1 0 0 1 0 0 0
images/poppies/0206_1566533487.jpg 0 0 0 1 1 0 0 0 0 0 1 0 0 0 1 0 0 0 0 0 0
images/storms/0222_498988420.jpg 0 0 0 1 0 0 0 0 0 0 1 0 0 0 1 0 0 1 0 0 0
images/lily/0420_1924211645.jpg 0 0 0 0 1 0 0 0 0 0 1 0 0 0 0 0 0 0 0 0 0
images/aircraft_carrier/0027_2228777861.jpg 0 1 0 0 0 0 0 0 0 0 0 0 0 0 1 0 0 0 1 1 0
images/chrysanthemums/0319_70027294.jpg 0 0 0 0 1 0 0 0 0 0 0 0 0 0 0 0 0 0 0 0 0
images/canoe/0518_639649550.jpg 0 0 0 0 0 0 0 0 0 0 0 1 0 1 1 0 0 0 0 0 0
images/cat/0484_231795031.jpg 1 0 0 0 0 0 0 0 0 0 0 0 0 0 0 0 0 0 0 0 0
images/silhouette/0066_1897462865.jpg 0 0 0 1 0 0 0 0 0 1 0 0 0 0 1 0 1 0 0 0 0
images/cubs/0391_218937777.jpg 1 0 0 0 0 0 0 0 0 0 0 0 0 0 0 0 0 0 0 0 0
images/orchid/0550_2329225559.jpg 0 0 0 0 1 0 0 0 0 0 0 0 0 0 0 0 0 0 0 0 0
images/pole/0255_522952081.jpg 0 0 0 0 0 0 0 0 0 0 0 0 1 0 1 0 0 0 0 0 0
images/hu_jintao/0137_79121075.jpg 0 0 0 0 0 1 0 0 0 0 0 0 0 0 0 0 0 0 1 0 0
images/sponges/0603_501633873.jpg 0 0 1 0 0 0 0 0 0 0 0 0 0 0 0 0 0 0 0 0 0
images/chapel/0593_2103231932.jpg 0 0 0 0 0 0 0 0 0 0 0 0 0 0 0 0 0 0 0 0 1
images/island/0452_762218820.jpg 0 1 0 0 0 0 1 0 1 0 0 0 0 0 1 0 0 0 0 1 0
images/swimming_pools/0621_475512808.jpg 0 0 0 0 0 0 1 0 1 0 0 0 0 1 0 0 0 0 0 1 0
images/mule/0457_2002919414.jpg 1 0 0 0 0 0 0 0 0 0 0 0 0 0 0 0 0 0 0 0 0
images/hands/0488_2307374374.jpg 0 0 0 0 0 0 0 0 0 1 0 0 0 0 0 0 0 0 0 0 0
images/pavilions/0387_503092707.jpg 0 0 0 0 0 0 0 0 0 1 0 0 0 0 1 0 0 1 0 0 0
images/aerial/0444_498068901.jpg 1 0 0 0 0 0 0 0 0 0 0 0 0 0 0 0 0 0 0 0 0
images/nets/0073_2607144661.jpg 0 0 1 0 0 0 0 0 0 0 0 0 0 0 0 0 0 0 1 0 1
images/pepper/0425_1567337591.jpg 0 0 0 0 0 0 0 0 0 0 1 0 0 0 0 0 0 0 0 0 0
images/dancing/0631_1504030451.jpg 0 0 0 0 0 0 0 0 0 1 0 0 0 0 0 0 0 0 0 0 0
images/tony_blair/0543_30393739.jpg 0 0 1 0 0 0 0 0 0 1 0 0 0 0 1 0 0 0 0 0 0
images/parade/0420_838752247.jpg 0 1 0 0 0 0 0 0 0 0 0 0 0 0 1 0 0 0 0 1 0
images/truck/0336_1146185839.jpg 0 0 0 0 0 0 0 0 0 0 0 0 0 0 0 0 0 0 0 0 1
images/monks/0500_746061533.jpg 0 0 0 1 0 0 0 0 0 0 0 0 0 0 1 0 1 0 0 0 0
images/commercials/0225_108752998.jpg 0 0 0 0 0 0 0 0 0 1 0 0 0 0 0 0 0 0 0 0 0
images/tornado/0563_560798006.jpg 0 0 0 0 0 1 0 0 0 0 0 0 1 0 0 0 0 0 1 0 0
images/pickup_truck/0019_121229774.jpg 0 0 0 0 0 0 0 0 0 0 0 0 1 0 1 0 0 0 0 0 1
images/bush/0073_2403327557.jpg 1 0 0 1 0 0 0 0 0 0 0 0 0 0 0 0 0 0 0 0 0
images/judge/0392_2479691934.jpg 0 0 0 0 0 0 0 0 0 0 0 0 0 0 0 0 0 0 1 0 0
images/old_people/0322_175071658.jpg 0 0 0 0 0 0 0 0 0 1 0 0 0 0 0 0 0 0 0 0 0
images/skiing/0276_2274280615.jpg 0 0 0 1 0 0 0 1 1 0 0 0 0 0 1 1 0 0 0 0 0
images/carpet/0506_2090261692.jpg 0 0 0 0 0 0 0 0 0 0 0 0 0 0 0 0 0 0 0 0 1
images/shrubs/0266_516542595.jpg 1 0 0 0 0 0 0 0 0 0 1 0 0 0 0 0 0 0 0 0 0
images/graveyard/0400_131856348.jpg 0 0 0 1 0 0 0 0 0 0 0 0 0 0 0 0 0 1 0 0 0
images/barge/0363_321348912.jpg 0 0 0 0 0 0 0 0 0 0 0 1 0 0 0 0 0 0 0 1 0
images/glacier/0528_149875902.jpg 0 0 0 1 0 1 0 1 0 0 1 0 0 0 1 0 0 0 0 0 0
images/mast/0044_1851065353.jpg 0 0 0 0 0 0 1 0 0 0 1 1 0 0 0 0 0 0 0 1 0
images/boy/0559_2362229252.jpg 0 0 0 0 0 0 0 0 1 1 0 0 0 0 1 0 0 0 0 1 0
images/houseboat/0255_169257562.jpg 0 0 1 0 0 0 0 0 0 0 0 0 0 0 0 0 0 0 0 0 1
images/chrysanthemums/0091_317115263.jpg 0 0 0 0 1 0 0 0 0 0 0 0 0 0 0 0 0 0 0 0 0
images/sign/0403_201245592.jpg 0 0 1 1 0 1 0 0 0 0 0 0 0 0 1 0 0 0 0 0 0
images/golf_course/0582_281326070.jpg 0 1 0 1 0 1 0 0 1 0 1 0 0 0 1 0 0 0 0 1 1
images/white_house/0306_505900733.jpg 0 0 0 0 1 0 0 0 0 0 1 0 0 0 0 0 0 0 0 0 0
images/hawk/0415_2598864038.jpg 1 0 0 0 0 0 0 0 0 0 0 0 0 0 1 0 0 0 0 0 0
images/formation/0482_99858591.jpg 0 0 0 1 0 0 1 0 1 0 0 0 0 0 1 0 0 0 0 1 0
images/kauai/0100_167142422.jpg 0 0 0 0 0 0 0 0 0 0 0 0 0 0 1 0 0 0 0 0 1
images/clearing/0283_1580220645.jpg 0 0 0 0 0 0 0 0 0 0 1 0 0 0 0 0 0 1 0 0 0
images/lion/0484_1731618361.jpg 1 0 0 0 0 0 0 0 0 0 0 0 0 0 0 0 0 0 0 0 0
images/group/0323_2717315831.jpg 0 0 0 0 0 0 1 0 0 0 0 0 0 1 0 0 0 0 0 0 0
images/harbor/0427_452007620.jpg 0 1 0 1 0 0 1 1 0 0 0 0 0 0 1 0 1 0 0 1 0
images/porches/0071_2089393455.jpg 0 0 1 0 0 0 0 0 0 0 0 0 0 0 0 0 0 0 0 0 0
images/judge/0018_2667971162.jpg 0 0 0 0 0 0 0 1 0 0 0 0 0 1 0 0 0 0 0 0 0
images/autumn/0410_1598272599.jpg 0 0 0 1 0 1 0 0 0 0 0 0 0 0 1 0 0 1 0 0 0
images/elk/0031_2748798082.jpg 1 0 0 0 0 1 0 0 0 0 1 0 0 0 1 0 0 0 0 0 0
images/tails/0404_525642091.jpg 0 0 0 0 0 0 0 0 0 1 0 0 1 0 0 0 0 0 0 0 0
images/blossoms/0427_2352434723.jpg 0 0 0 0 1 0 0 0 0 0 0 0 0 0 0 0 0 0 0 0 0
images/pool/0589_40820861.jpg 0 1 0 1 0 0 1 0 0 0 0 0 0 0 1 0 0 1 0 1 0
images/waterfalls/0571_2546767273.jpg 0 0 0 0 0 0 0 1 0 0 0 0 0 1 0 0 0 0 0 1 0
images/zebra/0440_2257802548.jpg 0 0 1 0 0 0 0 0 0 0 0 0 1 0 0 0 0 0 0 0 1
images/car_crash/0099_1535769855.jpg 0 0 0 0 0 0 0 0 0 0 0 0 1 0 0 0 0 0 0 0 0
images/glacier/0055_845345006.jpg 0 1 0 1 0 0 1 0 0 0 0 0 0 1 1 0 0 0 0 1 0
images/lakes/0055_455630431.jpg 0 1 0 1 0 0 1 0 0 0 0 1 0 0 1 0 0 0 0 1 0
images/canoe/0510_37397863.jpg 0 0 0 0 0 0 1 0 0 0 0 1 0 0 1 1 0 0 0 0 0
images/beach/0457_144964636.jpg 0 1 0 1 0 0 1 0 1 0 0 0 0 1 1 0 0 0 0 1 0
images/walking/0549_324511569.jpg 0 0 0 0 0 0 0 0 0 0 0 0 0 0 0 1 0 0 0 0 0
images/fence/0488_1193395337.jpg 0 0 0 0 1 0 0 0 0 0 0 0 0 0 0 0 0 0 0 0 0
images/f-16/0088_2330428888.jpg 0 0 0 1 0 0 0 0 0 0 0 0 0 0 1 0 0 0 0 0 0
images/white-tailed/0344_192639988.jpg 1 0 0 0 0 1 0 0 0 0 0 0 0 0 0 0 0 0 0 0 0
images/pagoda/0205_1255707295.jpg 0 0 0 1 0 0 1 0 1 0 0 0 0 0 1 0 0 0 0 1 0
images/river/0371_246381042.jpg 0 0 0 0 0 0 0 0 0 0 0 1 0 0 1 0 0 0 0 1 0
images/dall/0594_2587541273.jpg 0 0 0 0 0 1 0 1 0 0 0 0 0 0 0 1 0 0 0 0 0
images/sailboat/0272_91425737.jpg 0 0 0 1 0 0 1 0 0 0 0 0 0 0 1 0 1 0 0 0 0
images/shirt/0413_325715000.jpg 0 0 0 0 0 0 0 0 0 1 0 0 0 0 0 0 0 0 0 0 0
images/courtyard/0276_392354450.jpg 0 0 1 0 0 0 0 0 0 0 0 0 0 0 0 0 0 0 0 0 1
images/close-up/0502_6994861.jpg 1 0 0 0 0 0 0 0 0 0 0 0 0 0 0 0 0 0 0 0 0
images/frozen/0570_2067617547.jpg 0 0 0 1 0 0 1 1 0 0 0 0 0 0 1 1 1 0 0 1 0
images/mountain/0067_650657985.jpg 0 0 0 1 0 0 0 1 0 0 0 0 0 0 1 1 0 0 0 0 0
images/arch/0036_143636966.jpg 0 0 0 1 0 0 0 1 1 0 0 0 0 1 1 0 0 0 0 0 0
images/hunter/0599_588730249.jpg 0 0 0 1 0 0 1 0 0 0 0 1 0 0 1 0 0 1 0 1 0
images/avalanche/0269_1485035971.jpg 0 0 0 0 0 0 0 0 0 1 0 0 0 0 0 0 0 0 0 0 0
images/cell_phones/0230_376852044.jpg 0 0 0 0 0 0 0 0 0 1 0 0 1 0 0 0 0 0 0 0 0
images/bank/0515_2389559584.jpg 0 0 0 1 0 0 0 0 0 0 0 0 0 0 1 0 0 0 1 0 1
images/road_block/0618_83351324.jpg 0 0 0 0 0 0 0 0 0 1 0 0 1 0 1 0 0 0 0 0 0
images/golf_course/0230_2454763430.jpg 0 0 0 0 0 0 0 0 0 0 0 0 0 0 1 0 0 0 0 0 0
images/cruise_liner/0496_2483779792.jpg 0 0 1 1 0 0 0 0 0 0 0 0 0 0 1 0 0 0 0 0 0
images/shore/0453_2658771943.jpg 0 0 0 1 0 0 1 0 0 0 0 1 0 1 1 0 1 0 0 1 0
images/birds/0216_292785016.jpg 0 0 0 1 0 0 0 0 1 0 0 0 0 0 1 0 1 0 0 0 0
images/art/0536_56663816.jpg 1 0 0 0 0 0 0 0 0 0 0 0 1 0 0 0 0 0 0 0 0
images/john_edwards/0066_2576873236.jpg 0 0 0 0 0 0 0 0 0 1 0 0 0 0 1 0 0 0 0 0 0
images/mist/0573_538179046.jpg 0 0 0 1 0 1 0 0 0 0 1 0 0 0 1 0 0 1 0 0 0
images/sunrise/0556_425247277.jpg 0 0 0 1 0 0 1 0 0 0 1 1 0 0 1 0 0 1 0 1 0
images/glacier/0434_182206645.jpg 0 0 0 0 0 0 0 1 0 0 0 1 0 1 1 0 0 0 0 0 0
images/porches/0041_2310514534.jpg 0 0 1 0 0 0 0 0 0 0 0 0 0 0 0 0 0 0 0 0 1
images/urban_park/0623_2391338852.jpg 0 0 0 0 0 1 0 0 0 0 0 0 0 0 0 0 0 1 1 0 0
images/volcano/0081_263292142.jpg 0 0 0 0 0 0 0 0 0 0 0 0 0 1 0 1 0 0 0 0 0
images/harbor/0204_2086389146.jpg 0 0 1 1 0 0 1 0 0 0 0 1 0 0 1 0 0 0 0 1 0
images/beach/0051_1060151652.jpg 0 1 0 0 0 0 0 0 0 1 0 0 0 0 0 0 0 0 0 1 0
images/dog/0574_407559864.jpg 1 0 0 0 0 0 0 0 0 0 0 0 0 0 0 1 0 0 0 0 0
images/cruise_liner/0433_1414327291.jpg 0 0 0 1 0 0 1 0 0 0 0 0 0 0 1 0 0 0 0 1 0
images/stems/0556_2367622818.jpg 0 0 0 0 0 0 0 0 0 0 1 0 0 0 0 0 0 0 0 0 0
images/pavilions/0092_253628823.jpg 0 0 1 0 0 0 0 0 0 1 0 0 1 0 0 0 0 0 0 0 0
images/throwing/0005_1366663679.jpg 0 1 0 0 0 0 0 0 1 0 0 1 0 0 1 0 0 0 0 1 0
images/porches/0507_2392790488.jpg 0 0 1 1 0 0 0 0 0 0 0 0 0 0 1 0 0 0 0 0 1
images/skiing/0329_396924577.jpg 0 0 0 0 0 0 0 0 0 0 0 0 0 0 1 1 0 0 0 0 0
images/elk/0435_329799393.jpg 1 0 0 0 0 0 0 0 0 0 0 0 0 0 0 1 0 0 0 0 0
images/poppies/0045_171257487.jpg 0 0 0 1 1 1 0 0 0 0 1 0 0 0 1 0 0 0 0 0 0
images/gym/0418_2316157408.jpg 0 0 0 0 0 0 0 0 0 1 0 0 0 0 0 0 0 0 0 0 0
images/fog/0513_684485412.jpg 0 0 0 1 0 0 0 0 0 0 1 0 0 0 1 0 0 1 0 0 0
images/grain_elevator/0250_397115630.jpg 0 0 1 0 0 0 0 0 0 0 1 0 0 0 1 0 0 0 0 0 0
images/beach/0345_350400246.jpg 0 0 0 0 0 0 0 0 1 0 0 0 0 0 1 0 0 0 0 1 0
images/zebra/0505_2324327493.jpg 1 0 0 0 0 0 0 0 0 0 0 0 0 0 0 1 0 0 0 0 0
images/science_technology/0007_150351960.jpg 0 0 0 1 0 0 1 0 1 0 0 0 0 0 1 0 1 0 0 1 0
images/coral/0317_2303441093.jpg 0 0 0 0 0 0 1 0 1 0 0 0 0 1 1 0 0 0 0 0 0
images/frigate/0365_134733672.jpg 0 0 0 0 0 0 0 0 0 0 0 0 0 0 0 0 0 0 1 1 0
images/coral/0553_594651253.jpg 0 0 0 1 0 0 1 0 1 0 0 0 0 1 1 0 1 0 0 1 0
images/gas_station/0407_1007129344.jpg 0 0 1 1 0 0 0 0 0 0 0 0 1 0 1 0 0 0 1 0 1
images/mountain/0319_537029003.jpg 0 0 0 1 0 0 0 1 0 0 1 0 0 0 1 0 0 0 0 0 0
images/gate/0551_1657450301.jpg 0 0 0 0 0 0 0 0 1 0 0 0 0 0 1 0 0 0 0 0 0
images/roofs/0451_81042596.jpg 0 0 0 0 0 0 0 0 0 0 0 0 0 0 0 1 0 0 0 0 0
images/sidewalks/0049_287198954.jpg 0 0 0 0 0 0 0 0 0 0 0 0 1 0 0 0 0 0 0 1 0
images/pebbles/0530_2162374022.jpg 0 1 0 1 0 0 1 0 0 0 0 1 0 0 1 0 0 0 0 1 0
images/village/0529_2455756581.jpg 0 0 1 0 0 1 0 0 0 0 0 0 0 0 0 0 0 0 0 0 1
images/waves/0393_41330807.jpg 0 0 0 0 0 1 1 0 1 0 0 0 0 0 0 0 0 0 0 1 0
images/pebbles/0247_240248518.jpg 0 1 0 1 0 0 1 0 1 0 0 0 0 1 1 0 1 0 0 1 0
images/frozen/0235_2146188879.jpg 0 0 0 0 0 0 0 0 0 0 0 0 0 0 0 1 0 0 0 0 0
images/factory/0050_760770681.jpg 0 0 0 0 0 0 0 0 0 0 0 0 0 0 0 0 0 0 0 0 1
images/cooling_tower/0438_2225995975.jpg 0 0 0 0 0 0 0 0 0 1 1 0 1 0 1 0 0 0 0 0 0
images/crystals/0050_2340712430.jpg 0 0 0 0 0 0 0 0 0 0 0 0 0 0 0 1 0 0 0 0 0
images/umbrella/0491_2432865615.jpg 0 1 0 0 0 0 0 0 0 0 0 0 0 0 1 0 0 0 0 0 0
images/glacier/0363_570497407.jpg 0 0 0 1 0 0 1 1 0 0 0 0 0 1 1 1 0 0 0 0 0
images/bus/0283_2651791369.jpg 0 0 0 1 0 0 0 0 0 0 0 0 0 0 1 0 0 0 0 0 1
images/lily/0538_532064488.jpg 0 0 0 0 1 0 0 0 0 0 0 0 0 0 0 0 0 0 0 0 0
images/house_of_worship/0460_2224623871.jpg 0 0 1 0 0 0 0 0 0 0 0 0 1 0 1 0 0 0 0 0 0
images/clock_tower/0438_2388981479.jpg 0 0 1 1 0 0 0 0 0 0 0 0 0 0 1 0 1 0 0 0 0
images/palace/0635_2480789742.jpg 0 0 0 1 0 1 0 0 0 0 1 0 0 0 1 0 0 0 0 0 0
images/tugboat/0346_334946635.jpg 0 0 1 0 0 0 1 0 0 0 0 0 0 0 0 0 0 0 0 1 0
images/mug/0421_2166931539.jpg 1 0 0 0 0 0 0 0 0 0 0 0 0 0 0 0 0 0 0 0 0
images/barge/0057_2377973593.jpg 0 0 0 1 0 0 0 0 0 0 0 1 0 0 1 0 0 0 0 1 0
images/cow/0594_30484652.jpg 0 0 0 1 0 0 0 0 0 1 0 0 1 0 1 1 0 0 0 0 0
images/horizon/0600_2258521614.jpg 0 1 0 1 0 0 1 0 1 0 0 0 0 1 1 0 0 0 0 0 0
images/art/0082_536763437.jpg 0 0 0 0 0 1 0 0 0 0 0 0 0 0 0 0 0 0 0 0 0
images/ruins/0539_2187948574.jpg 0 0 0 0 0 0 0 1 0 0 0 0 0 1 1 0 0 0 0 0 0
images/glacier/0463_214950774.jpg 0 0 0 1 0 0 1 1 0 0 0 1 0 1 1 0 0 0 0 1 0
images/vehicle/0206_2471915320.jpg 0 0 0 0 0 0 0 0 0 1 0 0 0 0 0 0 0 0 0 0 0
images/stream/0233_481180763.jpg 0 0 0 0 0 0 1 0 0 0 1 1 0 0 1 0 0 1 0 1 0
images/swimming_pools/0286_279450575.jpg 0 0 0 0 0 0 0 0 0 0 0 0 1 0 0 0 0 0 0 0 0
images/group/0275_2610054791.jpg 0 0 0 0 1 0 0 0 0 0 0 0 0 0 0 0 0 0 0 1 0
images/lily/0533_393946713.jpg 0 0 0 0 1 0 0 0 0 0 1 0 0 0 0 0 0 0 0 0 0
images/aqueduct/0268_1437451324.jpg 0 0 0 0 0 0 0 0 0 0 1 0 0 0 1 0 0 0 0 0 0
images/log/0531_185498143.jpg 0 1 0 1 0 0 1 0 1 0 0 0 0 0 1 0 0 1 0 1 0
images/range/0579_1674767861.jpg 0 0 0 1 0 1 0 0 0 0 1 0 0 0 1 0 0 0 0 0 0
images/town/0210_2242089825.jpg 0 0 1 0 0 0 0 0 0 0 0 0 0 0 1 0 0 0 0 0 0
images/beggar/0011_501668216.jpg 0 0 0 0 0 0 0 0 0 1 0 0 0 0 0 0 0 0 0 0 0
images/lakes/0373_468116395.jpg 0 0 0 0 0 1 0 0 0 0 1 0 0 0 0 0 0 0 0 0 0
images/rockface/0372_461978587.jpg 1 0 0 0 0 0 0 0 0 0 0 0 0 0 0 0 0 0 0 0 0
images/storms/0052_116634847.jpg 0 0 0 1 0 0 0 1 0 0 0 0 0 0 1 0 0 0 0 0 0
images/avalanche/0087_2243658242.jpg 0 0 0 0 0 0 0 0 0 1 0 0 1 0 0 1 0 0 0 0 0
images/tornado/0505_2605138781.jpg 0 0 0 1 0 0 1 0 1 0 0 0 0 0 1 0 0 0 0 1 0
images/sailboats/0295_512993908.jpg 0 0 0 0 0 0 0 0 1 0 0 0 0 0 1 0 0 0 0 0 0
images/shore/0479_543650713.jpg 0 0 0 1 0 0 1 0 0 0 0 0 0 1 1 0 0 0 0 1 0
images/athlete/0423_1970065756.jpg 0 0 0 1 0 1 0 0 0 1 0 0 0 0 1 0 0 0 0 0 0
images/backpackers/0226_213105346.jpg 0 0 0 1 0 0 1 0 1 0 0 0 0 0 1 0 1 0 0 1 0
images/fence/0252_2069575731.jpg 0 0 0 1 0 0 0 0 0 0 0 0 0 0 1 1 0 1 0 0 0
images/pots/0347_472731634.jpg 0 0 1 0 0 0 0 0 0 0 1 0 0 0 0 0 0 0 0 0 1
images/canoe/0317_2445745392.jpg 0 0 0 0 0 0 0 0 0 0 0 1 0 0 0 0 0 0 0 1 0
images/oceans/0254_281400764.jpg 0 0 0 0 0 0 1 0 0 0 0 0 0 0 0 0 0 0 0 1 0
images/group/0408_2114086777.jpg 0 0 0 0 1 0 0 0 0 0 1 0 0 0 1 0 0 0 0 0 0
images/sailboats/0597_535177532.jpg 0 0 1 1 0 0 0 0 0 0 0 0 0 0 1 0 0 0 0 1 0
images/highway/0439_2246514830.jpg 0 0 0 1 0 0 0 0 0 0 0 0 1 0 1 0 1 0 0 0 0
images/ships/0542_2701159548.jpg 0 0 0 1 0 0 1 0 0 0 0 1 0 0 1 0 0 0 0 1 0
images/dock/0502_2545584700.jpg 0 0 0 1 0 1 1 0 0 0 0 1 0 1 1 0 0 0 0 1 0
images/bank/0464_2453284688.jpg 0 0 0 1 0 0 0 0 0 0 0 0 0 0 1 0 0 0 0 0 0
images/protesters/0293_1398344174.jpg 0 0 0 0 0 0 0 0 0 1 0 0 1 0 0 0 0 0 0 0 0
images/vineyard/0449_2627706276.jpg 0 0 0 1 0 1 0 0 0 0 1 0 1 0 1 0 0 1 0 0 0
images/rice/0349_1292180703.jpg 0 0 0 0 0 1 0 0 0 0 1 0 0 0 0 0 0 0 0 0 0
images/drum/0422_2452566681.jpg 0 0 0 0 0 0 0 0 0 0 0 1 0 0 0 0 0 0 0 0 0
images/windy/0288_2532363688.jpg 0 1 0 1 0 0 1 0 1 0 0 0 0 0 0 0 0 0 0 1 0
images/cockpit/0484_7185703.jpg 1 0 0 0 0 0 0 0 0 0 0 0 0 0 0 0 0 0 0 0 0
images/lawn/0525_197945262.jpg 0 0 0 1 0 0 0 0 0 0 0 0 1 0 0 0 0 0 0 0 0
images/rocks/0266_1344456709.jpg 0 1 0 1 0 0 1 0 0 0 0 0 0 1 1 0 1 0 0 1 0
images/football/0261_215843193.jpg 0 0 0 0 0 0 0 0 1 1 0 0 0 0 1 0 1 0 0 1 0
images/motorcycle/0085_1514930.jpg 0 0 0 0 0 0 0 0 0 1 0 0 0 0 0 0 0 0 0 0 0
images/valley/0210_1601045596.jpg 0 0 0 1 0 0 0 1 0 0 0 0 0 0 1 0 1 0 0 0 0
images/wolf/0278_24965196.jpg 1 0 0 0 0 1 0 0 0 0 0 0 0 0 0 0 0 0 0 0 0
images/bridge/0023_198648932.jpg 0 1 0 1 0 0 0 0 1 0 0 1 0 0 1 0 1 0 0 1 0
images/antlers/0085_1183166809.jpg 1 0 0 0 0 1 0 0 0 0 0 0 0 0 0 0 0 0 0 0 0
images/islands/0552_1059307889.jpg 0 0 0 0 0 0 0 0 1 0 0 0 0 1 1 0 0 0 0 0 0
images/warehouse/0508_1916449326.jpg 0 0 0 0 0 0 0 0 0 1 0 0 0 0 0 0 0 0 0 0 1
images/aerial/0342_106781081.jpg 0 0 0 1 0 0 0 0 0 0 0 0 0 1 0 0 0 0 0 0 0
images/camels/0320_14617774.jpg 1 1 0 1 0 0 0 0 0 0 0 0 0 0 0 0 0 0 0 0 0
images/singing/0430_171148096.jpg 0 0 0 0 0 0 0 1 0 0 0 0 0 0 0 1 0 0 0 1 0
images/arch/0391_64051748.jpg 0 0 0 1 0 0 0 1 0 0 0 0 0 0 1 0 0 0 0 0 0
images/volcano/0076_1929471374.jpg 0 0 0 0 0 1 0 0 1 0 0 0 0 0 1 0 0 0 0 1 0
images/goat/0455_2631304687.jpg 0 0 0 1 0 0 1 1 0 0 0 1 0 0 1 0 0 0 0 0 0
images/individual/0597_10255325.jpg 0 0 1 0 0 0 0 0 0 1 0 0 1 0 0 0 0 0 0 0 0
images/cliff/0551_1458494618.jpg 0 1 0 1 0 0 1 1 1 0 0 0 0 1 1 0 0 0 0 1 0
images/cul-de-sac/0026_2125517653.jpg 0 0 0 0 0 0 0 0 0 0 0 0 1 0 0 0 0 0 0 0 0
images/antelope/0375_2168952421.jpg 1 0 0 0 0 1 0 0 0 0 0 0 0 0 0 0 0 0 0 0 0
images/reefs/0497_2611359119.jpg 0 1 0 0 0 0 0 0 0 0 0 0 0 0 0 0 0 0 0 0 0
images/glass/0411_136239566.jpg 0 0 0 0 0 0 0 0 0 0 0 0 0 0 0 0 0 1 0 0 0
images/pickup_truck/0348_343525236.jpg 0 0 0 1 0 0 0 0 0 0 0 0 1 0 1 0 0 0 0 0 0
images/sailboat/0206_1123285807.jpg 0 0 0 1 0 0 1 0 0 0 0 1 0 0 1 0 1 0 0 1 0
images/cityscape/0415_2400300419.jpg 0 0 0 0 0 0 0 0 0 0 0 0 0 0 1 0 1 1 0 0 0
images/bay/0341_2530320557.jpg 0 0 0 1 0 0 0 0 1 0 0 1 0 0 1 0 1 0 0 1 0
images/police_station/0451_202925707.jpg 0 0 1 0 0 0 0 0 0 0 0 0 0 0 0 0 0 0 0 0 1
images/door/0563_2200643684.jpg 1 0 0 0 0 0 0 0 0 0 0 0 0 0 0 1 0 0 0 0 0
images/plaza/0588_1444200039.jpg 0 1 0 1 0 1 0 0 0 0 0 0 0 0 1 0 0 1 0 1 0
images/fields/0446_106420985.jpg 0 0 0 0 0 0 0 0 0 0 1 0 0 0 1 0 1 0 0 0 0
images/highway/0371_382544903.jpg 0 0 0 0 0 0 0 0 0 0 0 0 1 0 0 0 0 0 0 0 0
images/lake/0481_1136522561.jpg 0 1 0 1 0 0 1 0 0 0 0 1 0 1 1 0 0 0 0 1 0
images/rowboat/0363_994404273.jpg 0 0 0 0 0 0 0 0 0 0 0 0 0 0 0 0 0 0 1 0 1
images/boy/0417_259327103.jpg 0 0 0 0 0 0 0 0 0 0 0 0 0 0 0 0 0 1 0 0 0
images/landing_craft/0004_1439676091.jpg 0 1 1 0 0 0 0 0 1 0 0 0 0 0 0 0 0 0 0 1 0
images/arctic/0508_1353876829.jpg 0 0 0 1 0 0 1 0 0 0 0 1 0 1 1 1 0 0 0 1 0
images/saguaro/0303_2470908313.jpg 0 0 0 0 0 1 0 1 0 0 1 0 0 0 1 0 0 0 0 0 0
images/dance/0021_1889777256.jpg 0 0 0 0 0 0 0 0 0 1 0 0 0 0 0 0 0 0 0 0 0
images/antenna/0009_419831936.jpg 0 0 0 1 0 0 0 0 0 0 0 0 0 0 1 0 1 0 0 0 0
images/marsh/0036_1116209756.jpg 0 0 0 1 0 0 0 0 0 0 0 0 0 0 1 0 0 1 0 0 0
images/ground_crew/0455_117977297.jpg 0 0 0 1 0 1 0 0 0 0 0 0 0 0 1 0 0 0 0 0 0
images/dining_room/0376_189366299.jpg 0 0 0 0 0 0 0 0 0 0 0 0 0 0 0 0 0 0 0 0 1
images/cows/0207_2671783950.jpg 1 0 0 0 0 0 0 0 0 0 0 0 0 0 1 0 0 0 0 0 0
images/plane/0498_376895117.jpg 0 0 0 0 0 0 0 0 0 0 0 0 0 0 1 0 1 0 0 0 0
images/ties/0586_557330015.jpg 0 0 0 0 0 0 0 0 0 1 0 0 0 0 1 0 0 0 0 0 0
images/river_bank/0219_255863526.jpg 1 0 0 0 0 0 0 0 0 0 0 1 0 0 0 0 0 0 0 1 0
images/tanks/0455_128525795.jpg 0 0 0 0 0 0 0 0 0 0 0 0 0 0 0 0 0 0 1 0 0
images/ceremony/0032_157187650.jpg 0 0 0 0 0 0 0 0 0 1 0 0 0 0 0 0 0 0 0 0 0
images/railing/0521_1182361419.jpg 0 0 0 0 0 0 0 0 0 0 1 0 0 0 0 0 0 0 0 0 0
images/plain/0254_1137995734.jpg 0 1 0 0 0 0 0 0 0 0 0 0 0 0 1 0 0 0 0 0 0
images/waterfalls/0587_1801516424.jpg 0 0 0 0 0 0 0 0 0 0 0 0 0 1 1 0 0 0 0 1 0
images/albatross/0072_2332055133.jpg 0 1 0 1 0 0 0 0 0 0 0 0 0 0 1 0 0 0 0 0 0
images/emergency_vehicles/0157_2599357796.jpg 0 0 0 1 0 0 0 0 0 0 0 0 1 0 1 0 0 0 0 0 1
images/arch/0369_214172893.jpg 0 0 0 1 0 0 0 0 0 0 0 0 0 1 1 0 0 0 0 0 0
images/lakes/0417_2065306569.jpg 0 0 0 0 0 0 1 0 1 0 0 1 0 0 1 0 0 0 0 1 0
images/river_bank/0299_2634547321.jpg 0 0 0 0 1 1 0 0 0 0 1 0 0 0 0 0 0 0 0 0 0
images/ground/0687_119889538.jpg 0 0 0 1 0 0 0 0 0 0 0 1 0 1 1 0 0 0 0 1 0
images/tundra/0487_392477563.jpg 0 0 0 0 0 0 0 0 0 0 0 0 0 0 0 1 0 0 0 0 0
images/military/0380_1496614018.jpg 0 0 0 0 1 0 0 0 0 0 0 0 0 0 0 0 0 0 0 0 0
images/office_building/0330_1652450296.jpg 0 0 1 0 0 0 1 0 0 0 0 0 0 0 1 0 0 0 0 1 0
images/grass/0485_223819834.jpg 0 0 0 1 0 1 0 0 0 0 0 0 0 0 1 0 0 0 0 0 0
images/airport_terminal/0040_155536908.jpg 0 0 0 1 0 0 0 0 0 0 0 0 1 0 1 0 0 0 1 0 0
images/bank/0316_414821021.jpg 0 0 0 1 0 0 0 0 0 0 0 0 0 0 0 0 0 1 0 0 0
images/cliff/0298_1560066119.jpg 0 0 0 0 0 1 0 1 0 0 0 0 0 0 0 0 0 0 0 1 0
images/dance/0345_1845311277.jpg 1 0 0 0 0 0 0 0 0 0 0 0 0 0 0 0 0 0 0 1 0
images/row/0320_2467496327.jpg 0 0 0 0 0 1 0 0 0 0 1 0 1 0 1 0 0 1 0 0 0
images/mushrooms/0009_287659401.jpg 0 0 0 1 0 1 0 0 0 0 1 0 0 0 0 0 0 0 0 0 0
images/locomotive/0244_238444889.jpg 0 0 0 1 0 0 0 0 0 0 0 0 0 0 1 0 0 0 0 0 0
images/urban_scenes/0344_548684312.jpg 0 0 1 0 0 0 0 0 0 0 1 0 0 0 1 0 0 0 0 0 1
images/talking/0237_2743018675.jpg 0 0 0 0 0 0 0 0 1 1 0 0 0 0 1 0 1 0 0 1 0
images/cow/0206_2361613340.jpg 1 0 0 0 0 0 0 0 0 0 0 0 0 0 0 0 0 0 0 0 0
images/bicycle/0325_67705009.jpg 0 0 0 1 0 0 1 0 1 0 0 0 0 0 0 0 1 0 0 0 0
images/terrace/0261_100437242.jpg 0 0 0 0 0 1 0 1 0 0 1 0 0 0 1 0 0 0 0 0 0
images/golf_course/0316_338083404.jpg 0 0 0 1 0 0 0 0 0 0 0 0 0 0 0 0 1 1 0 0 0
images/cloverleaf/0316_2571292983.jpg 0 0 0 0 0 1 0 0 0 0 0 0 1 0 1 0 0 0 0 0 0
images/windows/0228_45062023.jpg 0 0 0 0 0 0 0 0 0 0 0 0 0 0 0 0 0 0 0 0 1
images/pebbles/0314_530858296.jpg 0 0 1 1 0 0 0 0 0 0 0 0 0 0 0 0 0 0 1 0 0
images/bridge/0485_148102439.jpg 0 0 0 0 0 0 1 0 0 0 0 1 0 0 0 0 0 0 0 1 0
images/arctic/0400_2112843752.jpg 0 0 0 1 0 0 0 1 0 0 0 0 0 0 1 0 0 0 0 1 0
images/talking/0486_102524124.jpg 0 0 0 0 0 0 0 0 0 1 0 0 0 0 0 0 0 0 0 0 0
images/aerial/0458_233806632.jpg 0 1 0 1 0 0 0 0 0 1 0 0 0 0 1 0 0 0 0 1 0
images/ships/0443_2316946698.jpg 0 0 0 1 0 0 0 0 0 0 0 0 0 0 1 0 0 0 0 1 0
images/windy/0201_1028173738.jpg 0 0 0 1 0 0 0 0 0 0 0 1 0 0 1 0 0 0 0 1 0
images/computers/0010_1111310481.jpg 0 0 0 0 0 0 0 0 0 0 0 0 0 0 0 0 0 0 0 0 1
images/fields/0456_2318806333.jpg 0 0 0 1 0 0 0 0 0 0 0 0 0 0 1 1 1 0 0 0 0
images/car/0085_112265090.jpg 0 0 0 0 0 0 0 0 0 0 0 0 1 0 0 1 0 0 0 0 0
images/sand/0444_936806443.jpg 0 1 0 0 1 0 0 0 0 0 0 0 0 0 0 0 0 0 0 0 0
images/meadow/0259_213482855.jpg 0 0 0 0 1 0 0 0 0 0 1 0 0 0 0 0 0 0 0 0 0
images/black/0295_164191035.jpg 1 0 0 0 0 0 0 0 0 0 0 0 0 0 0 0 0 0 0 1 0
images/clearing/0344_1894135017.jpg 0 0 0 1 0 0 0 0 0 0 0 0 0 0 1 0 0 0 0 0 1
images/nighttime/0270_1988575528.jpg 0 0 0 0 0 0 1 0 0 0 0 0 1 0 0 0 0 0 0 1 0
images/military_base/0428_2600410249.jpg 0 0 0 0 0 0 0 0 0 0 0 0 0 0 0 0 0 0 0 0 1
images/river_bank/0281_865728547.jpg 0 0 0 0 0 1 1 0 0 0 0 1 0 0 1 0 0 0 0 1 0
images/trunk/0530_1262041726.jpg 0 0 0 1 0 0 0 0 0 0 0 0 0 0 1 0 0 1 0 0 0
images/waves/0311_2193948098.jpg 0 0 0 0 0 0 1 0 1 0 0 0 0 0 0 0 0 0 0 1 0
images/group/0365_534102346.jpg 0 0 0 0 0 0 0 0 0 1 0 0 0 0 0 0 0 0 0 0 0
images/barracks/0516_368635183.jpg 0 0 1 1 0 0 0 0 0 0 0 0 0 0 1 0 0 0 0 0 1
images/protesters/0600_1402222037.jpg 0 0 0 0 0 0 0 0 0 1 0 0 0 0 0 0 0 0 0 0 0
images/plaza/0249_275681619.jpg 0 0 1 0 0 0 0 0 0 0 0 0 0 0 0 0 0 0 0 0 1
images/baby/0576_499651690.jpg 0 0 0 1 0 1 0 0 0 0 0 0 0 0 1 0 0 0 0 0 0
images/tundra/0076_2131708102.jpg 0 0 0 0 0 0 0 0 0 0 0 0 0 0 1 1 0 0 0 0 0
images/buddha/0046_913776806.jpg 0 1 0 0 0 0 1 0 1 0 0 0 0 0 1 0 0 0 0 1 0
images/alley/0350_94824172.jpg 0 0 0 0 0 0 0 0 0 0 0 0 1 0 0 0 0 0 0 0 0
images/sailboat/0346_2162629545.jpg 0 0 0 0 0 0 0 0 1 0 0 0 0 1 1 0 0 0 0 1 0
images/chrysanthemums/0265_69900850.jpg 0 0 0 0 1 0 0 0 0 0 1 0 0 0 0 0 0 0 0 0 0
images/ditch/0523_1348734366.jpg 1 0 0 0 1 0 0 0 0 0 0 0 0 0 0 0 0 0 0 0 0
images/village/0436_2115448985.jpg 0 0 0 0 0 0 0 0 0 0 1 0 0 0 0 1 0 1 0 0 0
images/child/0509_344588252.jpg 1 0 0 0 0 0 0 0 0 0 0 0 0 0 0 0 0 0 0 0 0
images/tugboat/0483_1666357011.jpg 0 0 0 1 0 0 1 0 0 0 0 0 0 0 1 0 0 0 0 1 0
images/lily/0445_426563364.jpg 0 0 0 0 1 0 0 0 0 0 1 0 0 0 0 0 0 0 0 0 0
images/pack/0268_2553155445.jpg 0 0 0 0 1 0 0 0 0 0 0 0 0 0 0 0 0 0 0 0 0
images/leopard/0437_1268749280.jpg 1 0 0 0 0 1 0 0 0 0 0 0 0 0 0 0 0 0 0 0 0
images/cabin/0271_616022178.jpg 0 0 0 1 0 1 1 1 0 0 0 1 0 0 1 0 0 0 0 1 0
images/sunset/0519_2066089747.jpg 0 0 0 1 0 0 1 0 0 0 0 0 0 0 1 0 1 0 1 1 0
images/trunk/0325_836201015.jpg 0 0 0 0 0 0 0 0 0 0 1 0 0 0 0 1 0 0 0 0 0
images/elk/0029_2417450286.jpg 1 0 0 0 0 1 0 0 0 0 0 0 0 0 0 0 0 0 0 0 0
images/tortoise/0210_2623151957.jpg 1 0 0 0 0 0 0 0 0 0 0 0 0 1 0 0 0 0 0 0 0
images/barge/0328_2735900821.jpg 0 0 0 0 0 0 0 0 0 0 0 1 0 0 1 0 0 0 0 0 0
images/urban_park/0421_2237572252.jpg 0 0 0 0 0 0 0 0 0 0 1 0 0 0 0 1 0 0 0 0 0
images/marine/0073_1107599144.jpg 0 0 0 1 0 0 0 0 1 0 0 0 0 0 1 0 0 0 0 1 0
images/tanks/0453_158238229.jpg 0 0 0 0 0 1 0 0 0 0 0 0 0 0 1 0 0 0 1 0 0
images/rodent/0244_2451975897.jpg 1 0 0 0 1 0 0 0 0 0 0 0 0 0 0 0 0 0 0 0 0
images/single_person/0385_1814667542.jpg 0 1 0 0 0 0 0 0 0 0 0 0 0 0 1 0 0 0 0 0 0
images/fish/0371_2100568414.jpg 1 0 0 0 0 0 0 0 0 0 0 0 0 0 0 0 0 0 0 1 0
images/canyon/0040_244762464.jpg 0 0 0 0 0 0 0 1 0 0 0 0 0 0 0 0 0 0 0 0 0
images/flags/0294_737107904.jpg 0 0 0 0 0 0 0 0 0 0 0 0 1 0 1 0 0 0 0 0 0
images/standing/0307_63952042.jpg 0 0 0 1 0 0 0 0 0 0 0 0 0 0 1 0 0 0 0 0 0
images/golf_course/0676_2531726704.jpg 0 0 0 0 1 1 0 0 0 0 1 0 0 0 1 0 0 1 0 1 0
images/silhouette/0378_1400175456.jpg 0 0 0 0 0 0 0 0 0 0 1 0 0 0 1 0 1 1 0 0 0
images/driver/0509_1386453810.jpg 0 0 0 0 0 1 0 0 0 1 0 0 0 0 0 0 0 0 0 0 0
images/kauai/0360_2529289151.jpg 0 0 0 0 0 0 0 0 0 0 0 0 0 1 1 0 0 0 0 0 0
images/meadow/0230_1888625932.jpg 0 0 0 0 0 1 0 0 0 0 1 0 0 0 0 0 0 0 0 0 0
images/raft/0505_45544283.jpg 0 0 0 0 0 0 0 0 0 0 0 0 0 0 0 0 0 0 0 1 0
images/art/0311_435407409.jpg 0 0 0 0 0 1 0 0 0 0 0 0 0 0 1 0 0 0 0 0 0
images/sphinx/0363_2712390345.jpg 1 0 0 0 0 0 0 0 0 0 0 0 0 0 0 0 0 0 0 0 0
images/lighthouse/0375_2571471440.jpg 0 0 1 1 0 0 0 0 0 0 0 0 0 0 1 0 0 0 0 0 0
images/bay/0089_482491743.jpg 0 1 0 1 0 0 0 0 0 0 0 0 0 0 1 0 0 0 0 0 0
images/ship/0205_224360117.jpg 0 0 0 0 0 0 0 0 1 0 0 0 0 0 1 0 1 0 0 1 0
images/empire_state/0059_58393164.jpg 0 0 1 1 0 0 0 0 0 0 0 0 0 0 1 0 1 0 0 0 0
images/pots/0019_865755292.jpg 0 0 0 0 0 0 0 0 0 1 1 0 0 0 0 0 0 0 0 0 1
images/squirrel/0513_444370095.jpg 0 0 0 1 0 0 0 0 0 0 0 0 0 0 1 0 0 0 0 0 0
images/angelfish/0549_121792358.jpg 1 0 0 0 0 0 0 0 0 0 0 0 0 0 0 0 0 0 0 0 0
images/skiing/0428_2608283304.jpg 0 0 0 0 0 0 0 0 0 0 0 0 0 0 1 1 0 1 0 0 0
images/backpackers/0343_131637804.jpg 0 0 0 1 0 0 0 0 0 0 0 0 0 0 1 0 0 0 0 0 0
images/athlete/0204_2522579480.jpg 0 0 0 1 0 0 0 0 0 1 0 0 0 0 0 0 0 0 0 0 0
images/radar/0461_252827213.jpg 1 0 0 0 0 0 0 0 0 1 0 0 0 0 0 0 0 0 0 0 0
images/highway/0521_2253355937.jpg 0 0 0 1 0 0 0 0 0 0 0 0 1 1 1 0 0 0 0 0 0
images/palace/0533_282776999.jpg 0 0 0 0 1 1 0 0 0 0 0 0 0 0 0 0 0 0 0 0 0
images/tusks/0093_260603312.jpg 1 0 0 0 0 1 0 0 0 0 0 0 0 0 0 0 0 0 0 0 0
images/courthouse/0496_2405676597.jpg 0 0 1 0 0 0 0 0 0 0 0 0 0 0 0 0 0 0 0 0 0
images/lakes/0352_1629539805.jpg 0 0 0 1 0 0 1 0 0 0 0 1 0 0 0 0 0 0 0 1 0
images/stream/0498_69677256.jpg 0 0 0 0 0 0 1 0 0 0 0 0 0 1 0 1 0 0 0 1 0
images/tanker/0489_444363876.jpg 0 0 0 0 0 0 0 0 0 0 0 0 0 0 1 0 0 0 1 1 0
images/tails/0427_539391764.jpg 1 0 0 0 0 0 0 0 1 0 0 0 0 0 0 0 0 0 0 1 0
images/glacier/0079_224083134.jpg 0 0 0 0 0 0 0 1 0 0 0 0 0 1 1 0 0 0 0 0 0
images/pipes/0459_2416623060.jpg 0 1 0 0 0 0 1 0 0 0 0 0 0 0 0 0 0 0 0 1 0
images/booby/0069_1403452423.jpg 1 0 0 0 0 0 0 0 0 0 0 0 0 1 0 0 0 0 0 0 0
images/cityscape/0546_1798557202.jpg 0 0 0 1 0 0 0 0 0 0 0 0 0 0 1 0 0 0 0 0 0
images/pair/0464_145057009.jpg 1 0 0 0 0 0 1 0 0 0 0 1 0 0 0 0 0 0 0 1 0
images/volcano/0507_2373764218.jpg 0 0 0 0 0 0 0 1 0 0 0 0 0 0 1 0 0 0 0 0 0
images/coyote/0589_337530083.jpg 1 0 0 0 0 0 0 0 0 0 0 0 1 0 0 0 0 0 0 0 0
images/leaf/0485_1002900490.jpg 0 0 0 0 0 0 0 0 0 0 1 0 0 0 0 0 0 0 0 0 0
images/vehicle/0535_489577263.jpg 0 0 0 0 0 0 0 0 0 0 0 0 0 0 0 0 0 0 1 0 1
images/flowers/0336_11042777.jpg 0 0 0 1 1 0 0 0 0 0 0 0 0 0 1 0 0 0 0 0 0
images/rowboat/0229_519704460.jpg 0 0 0 0 0 1 1 1 0 0 0 1 0 0 1 0 0 0 0 1 0
images/bay/0467_477316387.jpg 0 1 0 1 0 0 1 0 1 0 0 1 0 0 1 0 1 0 0 1 0
images/waterways/0643_505253769.jpg 0 0 0 1 0 0 0 0 1 0 0 0 0 0 1 0 0 0 0 0 0
images/politics/0454_60144156.jpg 0 0 1 0 0 0 0 0 0 0 0 0 0 0 0 0 0 0 0 0 0
images/tanker/0623_149163127.jpg 0 0 0 0 0 0 1 0 0 0 0 0 0 0 1 0 1 0 0 1 0
images/dust/0239_2727846097.jpg 0 0 0 1 0 1 0 0 0 0 0 0 0 0 0 0 0 1 0 0 0
images/tanker/0522_535364424.jpg 0 1 0 1 0 0 0 0 1 0 0 0 0 0 1 0 0 0 0 1 0
images/ground/0397_1793582518.jpg 0 0 0 1 0 1 0 0 0 0 1 0 0 0 1 0 0 0 0 0 0
images/log/0423_1157167341.jpg 0 1 0 1 0 0 0 0 1 0 0 0 0 0 0 0 0 0 0 1 0
images/canoe/0008_1360648224.jpg 0 0 0 0 0 0 0 0 0 1 0 0 0 0 0 0 0 0 0 1 0
images/branch/0356_2365611119.jpg 0 0 0 1 0 0 1 0 1 0 0 0 0 0 1 0 0 0 0 1 0
images/rocks/0407_2364161021.jpg 0 1 0 1 0 0 1 0 1 0 0 0 0 1 1 0 0 0 0 1 0
images/barn/0317_2360688955.jpg 0 0 0 1 0 0 0 0 0 0 0 0 0 0 1 1 0 0 0 0 0
images/earthquake/0469_2925159.jpg 0 0 0 0 0 0 0 0 1 0 0 0 0 0 1 0 0 0 0 0 0
images/orchid/0406_1549080015.jpg 0 0 0 0 1 0 0 0 0 0 1 0 0 0 0 0 0 0 0 0 0
images/aircraft_carrier/0097_2291870751.jpg 0 0 0 1 0 1 0 0 0 0 0 0 0 0 1 0 0 0 1 0 0
images/military_base/0275_56941735.jpg 0 0 0 1 0 0 0 0 0 0 0 0 0 0 1 0 0 0 0 0 1
images/gym/0579_421558255.jpg 0 0 0 0 0 0 0 0 0 1 0 0 0 0 0 0 0 0 0 0 0
images/seals/0039_2679848606.jpg 0 1 0 1 0 0 1 0 1 0 0 0 0 0 1 0 0 0 0 1 0
images/marine/0264_2052118876.jpg 0 1 0 1 0 0 1 0 1 0 0 0 0 1 1 0 0 0 0 1 0
images/cruise_liner/0661_2485280233.jpg 0 0 0 0 0 0 1 0 1 0 0 0 0 0 1 0 0 0 0 1 0
images/streets/0593_2385127853.jpg 0 0 1 0 0 0 0 0 0 0 0 0 0 0 1 0 0 0 0 0 0
images/barn/0040_127204780.jpg 0 0 0 0 1 0 0 0 0 0 0 0 0 0 0 0 0 0 0 0 0
images/bicycles/0453_165867247.jpg 0 1 0 1 0 0 0 0 0 0 0 0 0 0 1 0 0 1 0 0 0
images/capital/0008_448468147.jpg 0 0 0 1 1 1 0 0 0 0 0 1 0 0 1 0 0 1 0 0 0
images/golf_course/0568_183260135.jpg 1 0 0 0 0 1 0 0 0 0 0 0 0 0 0 0 0 0 0 0 0
images/monks/0373_1437361337.jpg 0 0 0 0 0 0 0 0 0 1 1 0 1 0 0 0 0 0 0 0 0
images/waves/0506_1471357388.jpg 0 0 0 0 0 0 1 0 1 0 0 0 0 0 1 0 1 0 0 1 0
images/lawn/0381_2720292796.jpg 0 0 0 0 0 1 0 0 0 0 1 0 0 0 0 0 0 0 0 0 0
images/flood/0255_2042722487.jpg 0 0 0 0 1 0 0 0 0 0 0 0 0 0 0 0 0 0 0 0 0
images/cat/0022_132425778.jpg 1 0 0 0 0 0 0 0 0 0 0 0 0 0 0 0 0 0 0 0 0
images/volcano/0226_1402154985.jpg 0 0 0 1 0 0 0 1 0 0 0 0 0 1 1 0 0 0 0 0 0
images/shore/0467_2377124872.jpg 0 1 0 1 0 0 1 0 1 0 0 0 0 1 1 0 0 0 0 1 0
images/horizon/0333_1476277601.jpg 0 0 0 1 0 1 0 0 0 0 0 0 0 0 1 0 1 1 0 0 0
images/sidewalk/0486_356637949.jpg 0 0 0 0 0 0 0 0 0 1 0 0 0 0 0 0 0 0 0 0 0
images/harbors/0424_1488601418.jpg 0 0 1 1 0 0 1 0 0 0 0 0 0 0 0 0 0 0 0 1 0
images/hospital/0540_2059649483.jpg 0 0 0 1 0 0 0 1 0 0 0 0 0 1 1 0 0 0 0 0 0
images/vendor/0409_2450904659.jpg 0 0 0 0 0 0 0 0 0 1 0 0 0 0 0 0 0 0 0 0 1
images/lakes/0433_2252879069.jpg 0 0 0 1 0 0 1 0 0 0 0 1 0 1 1 0 1 0 0 1 0
images/white-tailed/0524_537442609.jpg 1 0 0 0 0 1 0 0 0 0 1 0 1 0 0 0 0 0 0 0 0
images/office/0490_310426268.jpg 0 0 0 1 0 0 0 0 0 0 0 0 0 0 1 1 0 0 0 0 0
images/officers/0535_1495694776.jpg 0 0 0 0 0 0 0 0 0 1 0 0 0 0 1 0 0 0 0 0 0
images/car/0494_824057589.jpg 0 0 0 1 0 1 0 0 0 0 0 0 0 0 0 0 0 0 1 0 0
images/office_building/0430_69124746.jpg 0 0 1 0 0 0 0 0 0 0 0 0 0 0 0 0 0 0 0 0 1
images/hunter/0288_2467228109.jpg 1 0 1 0 0 1 0 0 0 0 0 0 0 0 0 0 0 0 0 0 0
images/beach/0272_199539556.jpg 0 0 0 1 0 0 0 0 1 0 0 0 0 0 0 0 0 0 0 1 0
images/aircraft_carrier/0542_148381792.jpg 0 0 0 0 0 0 0 0 1 0 0 0 0 0 1 0 0 0 0 1 0
images/shopping_mall/0468_309432701.jpg 0 0 1 0 0 0 0 0 0 0 0 0 0 0 1 0 0 0 0 0 0
images/dining_room/0517_2725957082.jpg 1 0 0 0 0 0 0 0 0 0 0 0 0 0 0 0 0 0 0 0 0
images/range/0348_1448391640.jpg 0 1 0 0 0 0 0 0 1 0 0 0 0 1 1 0 0 0 0 1 0
images/moss/0294_1626182250.jpg 0 0 0 0 0 0 1 0 0 0 0 1 0 0 1 0 0 0 0 1 0
images/park/0248_127400151.jpg 0 0 0 0 0 0 0 1 0 0 0 0 0 1 0 0 0 0 0 0 0
images/boats/0025_1702000675.jpg 0 0 1 1 0 0 0 0 0 0 0 0 0 1 0 0 0 0 0 1 0
images/calf/0474_399295485.jpg 1 0 0 0 0 1 0 0 0 0 0 0 0 0 0 0 0 0 0 0 0
images/city/0335_216377016.jpg 0 0 0 0 0 0 0 0 0 0 0 0 0 0 0 0 0 0 0 0 1
images/dancing/0376_2106096801.jpg 0 0 0 0 0 0 0 0 0 0 0 0 0 0 0 0 0 0 0 1 0
images/highway/0500_2437310913.jpg 0 0 1 1 0 0 0 0 0 0 0 0 1 0 1 0 0 0 0 0 0
images/slope/0371_372686295.jpg 0 0 0 0 0 0 0 1 0 0 0 0 0 0 1 1 0 0 0 0 0
images/clouds/0199_2284200542.jpg 0 0 0 1 0 0 1 1 1 0 0 1 0 0 1 0 0 0 0 1 0
images/golf/0058_2052360399.jpg 0 0 0 1 0 1 0 0 0 0 0 0 0 0 1 0 0 0 0 0 0
images/aerial/0268_2634219420.jpg 0 0 0 1 0 0 0 0 1 0 0 0 0 0 1 0 0 0 0 1 0
images/bridge/0092_341430918.jpg 0 0 0 0 0 0 0 1 0 0 0 0 1 0 0 1 0 0 0 0 0
images/lichen/0378_187589920.jpg 0 0 0 0 0 1 0 0 0 0 0 0 0 1 0 0 0 0 0 0 0
images/buildings/0592_860412645.jpg 0 1 1 1 0 0 1 0 1 0 0 0 0 0 1 0 1 0 0 1 0
images/tent/0084_537547110.jpg 0 1 0 1 0 0 1 0 0 0 0 0 0 0 1 0 0 0 0 1 0
images/petals/0578_978018182.jpg 0 0 0 0 1 0 0 0 0 0 1 0 0 0 0 0 0 0 0 0 0
images/cave_inside/0002_1403602221.jpg 0 0 0 0 0 0 0 0 0 0 0 0 0 1 0 0 0 0 0 1 0
images/dock/0397_2465584053.jpg 0 0 0 1 0 0 0 0 0 0 0 1 0 0 1 0 1 0 0 1 0
images/porches/0440_1959473931.jpg 0 0 1 0 0 1 0 0 0 0 0 0 0 0 0 0 0 0 0 0 1
images/horizon/0343_2206783806.jpg 0 0 0 1 0 0 1 0 1 0 0 0 0 0 1 0 1 0 0 1 0
images/tornado/0599_257066375.jpg 0 0 0 1 0 0 0 0 0 0 0 0 0 0 0 0 0 0 0 1 0
images/palm/0521_2696912806.jpg 0 0 0 1 0 0 1 0 1 0 1 0 0 0 1 0 0 1 0 1 0
images/ground_crew/0283_448113178.jpg 0 0 0 0 0 0 0 0 0 0 0 0 1 0 1 0 0 0 1 0 1
images/balloons/0338_438991531.jpg 1 0 0 0 0 0 0 0 0 0 0 0 0 0 0 0 0 0 0 0 0
images/warehouse/0585_53246850.jpg 0 0 1 0 0 0 0 0 0 0 0 0 0 0 0 0 0 0 0 0 0
images/canoe/0364_2104651782.jpg 0 0 0 1 0 0 1 0 0 0 0 1 0 0 1 0 0 0 0 1 0
images/petals/0383_212371700.jpg 0 0 0 0 1 0 0 0 0 0 1 0 0 0 0 0 0 0 0 0 0
images/horizon/0577_1552886598.jpg 0 1 0 1 0 0 1 1 1 0 0 0 0 0 1 0 1 0 0 1 0
images/f-16/0446_1729465069.jpg 0 1 0 1 0 0 0 0 0 0 0 0 0 0 1 0 0 0 0 1 0
images/oceans/0348_2279216620.jpg 0 0 0 1 0 0 1 0 1 0 0 1 0 0 1 0 0 0 0 1 0
images/clock_tower/0395_461384840.jpg 0 0 1 0 0 1 1 0 0 0 0 1 0 0 1 0 0 0 0 1 0
images/remains/0202_333979287.jpg 0 0 0 1 0 0 0 0 0 0 0 0 0 0 1 0 0 0 0 0 1
images/outside/0368_111224530.jpg 0 0 0 0 0 0 0 0 0 1 0 0 0 0 1 0 0 0 0 0 0
images/glass/0572_543694431.jpg 0 0 0 0 0 0 1 0 0 0 0 0 0 1 1 1 0 0 0 1 0
images/runway/0543_179649855.jpg 0 0 0 1 0 0 0 0 0 0 0 0 0 0 1 0 1 0 1 0 0
images/parking_lot/0044_1062008819.jpg 0 0 0 0 0 0 0 0 0 0 0 0 1 0 0 0 0 0 1 0 1
images/storms/0554_85059692.jpg 0 0 0 1 0 0 1 0 1 0 0 1 0 0 1 0 1 0 1 1 0
images/apartments/0478_229592696.jpg 0 0 1 0 0 0 0 0 0 0 0 0 0 0 1 0 0 0 0 0 0
images/courtyard/0504_2097218328.jpg 0 0 0 0 0 0 0 0 0 0 0 0 0 0 0 1 0 0 0 0 0
images/chapel/0061_2321750459.jpg 0 0 0 1 0 0 0 0 0 0 0 0 0 0 1 1 0 1 0 0 0
images/fox/0314_2408745978.jpg 1 0 0 0 0 0 0 0 0 0 0 0 0 0 0 0 0 0 0 0 0
images/airport_terminal/0373_1557358011.jpg 0 0 0 0 0 0 0 0 0 1 0 0 0 0 0 0 0 0 0 0 1
images/sheep/0504_2151254223.jpg 0 0 0 0 0 1 0 0 0 0 0 0 0 0 1 0 0 1 0 0 0
images/lake/0285_304493793.jpg 0 0 0 1 0 0 1 0 0 0 0 1 0 0 1 0 1 0 0 1 0
images/spider/0514_100736976.jpg 1 0 0 0 0 0 0 0 0 0 0 0 0 0 0 0 0 0 0 0 0
images/raft/0408_2220083554.jpg 0 0 0 1 0 0 1 1 0 0 0 1 0 1 1 0 0 0 0 1 0
images/skyline/0427_414566042.jpg 0 0 1 1 0 0 0 0 0 0 0 0 0 0 1 0 1 0 0 1 0
images/congressman/0083_82809346.jpg 0 0 0 0 0 0 0 0 0 1 0 0 1 0 0 0 0 0 0 0 0
images/rockface/0493_263134445.jpg 0 0 0 0 0 0 0 1 0 0 0 0 0 1 1 1 0 0 0 0 0
images/maui/0440_847648344.jpg 1 0 0 0 0 0 0 0 1 0 0 0 0 0 1 0 0 0 0 1 0
images/shore/0427_2215825785.jpg 1 0 0 1 0 0 1 0 1 0 0 0 0 0 1 0 1 0 0 1 0
images/canal/0203_2284022556.jpg 0 0 1 1 0 0 1 0 0 0 0 0 0 0 1 0 0 0 0 0 0
images/arctic/0496_560432218.jpg 1 0 0 0 0 0 0 0 0 0 0 0 0 0 0 1 0 0 0 0 0
images/bridge/0004_2710677820.jpg 0 0 1 0 0 0 0 0 0 0 0 1 0 0 1 0 0 0 0 1 0
images/monument/0347_538703938.jpg 0 0 0 1 0 0 0 1 0 0 0 0 0 0 0 0 0 0 0 0 0
images/fountain/0322_2631768732.jpg 0 0 1 1 0 0 0 0 0 0 0 0 0 0 1 0 0 0 0 1 1
images/meadow/0083_2505095962.jpg 0 0 0 0 1 0 0 0 0 0 1 0 0 0 0 0 0 0 0 0 0
images/pole/0252_2126448928.jpg 0 0 0 0 0 0 0 0 0 0 0 0 0 0 1 1 0 0 0 0 1
images/clearing/0235_462822367.jpg 0 0 1 1 0 0 0 0 0 0 0 0 0 0 1 0 0 0 0 0 1
images/car_crash/0040_60059122.jpg 0 0 0 0 0 0 0 0 0 0 0 0 1 0 0 0 0 0 1 0 0
images/parking_lot/0045_281436065.jpg 0 0 0 1 0 0 0 0 0 0 0 1 0 0 1 0 0 0 0 1 0
images/meadow/0500_474350516.jpg 0 0 0 1 0 1 0 0 0 0 1 0 0 0 1 0 0 0 0 0 0
images/indian/0426_2235085339.jpg 0 0 0 0 0 0 0 0 0 1 0 0 0 0 0 0 0 0 0 0 0
images/bay/0343_2205405228.jpg 0 0 0 1 0 0 1 0 1 0 0 0 0 0 1 0 1 0 0 1 0
images/roofs/0408_501522127.jpg 0 0 1 1 0 0 0 1 0 0 0 0 0 0 1 0 1 0 0 0 0
images/boats/0286_874766683.jpg 0 0 0 1 0 0 0 0 0 0 0 0 0 1 1 0 0 0 0 1 0
images/weapons/0319_723891952.jpg 0 0 0 0 0 1 0 0 0 1 0 0 0 0 0 0 0 0 0 0 0
images/marsh/0368_130073171.jpg 0 0 0 1 0 0 1 0 0 0 0 1 0 0 1 0 1 0 0 1 0
images/cow/0202_1612633367.jpg 1 0 0 1 0 0 0 0 0 0 0 0 0 0 1 1 0 1 0 0 0
images/jeep/0012_2210693143.jpg 0 0 0 1 0 0 0 0 0 0 0 0 1 0 1 0 0 0 1 0 0
images/snake/0459_277393734.jpg 1 0 0 0 0 0 0 0 0 0 0 1 0 0 0 0 0 0 0 1 0
images/tundra/0282_532845641.jpg 0 0 0 0 0 0 0 0 0 0 0 0 0 1 0 1 0 0 0 0 0
images/oahu/0338_373273892.jpg 0 1 0 1 0 0 0 0 1 0 0 0 0 0 1 0 0 0 0 1 0
images/cliff/0439_257222192.jpg 0 0 0 1 0 0 1 1 1 0 0 0 0 0 1 0 0 0 0 1 0
images/water_tower/0207_1776590605.jpg 0 0 1 1 0 0 0 0 0 0 0 0 0 0 1 0 1 0 0 1 0
images/marine/0071_1550264385.jpg 0 1 0 0 0 0 0 0 1 0 0 0 0 1 1 0 0 0 0 1 0
images/cottage/0572_1694619314.jpg 0 0 1 1 0 1 0 0 0 0 0 0 1 0 1 0 0 0 0 0 1
images/ship/0615_349435970.jpg 0 0 0 0 0 0 0 0 1 0 0 0 0 0 1 0 0 0 1 1 0
images/storms/0475_115910828.jpg 0 0 0 1 0 0 0 0 0 0 0 0 0 0 1 0 1 0 0 0 0
images/capital/0475_68383233.jpg 0 0 1 1 0 0 0 0 0 0 0 0 0 0 1 0 1 0 0 0 0
images/cityscape/0290_2077209917.jpg 0 0 1 1 0 0 0 0 0 0 0 0 0 0 1 0 0 0 0 0 0
images/flags/0249_184101930.jpg 0 0 1 0 0 0 0 0 0 0 0 0 0 0 1 0 0 0 0 0 0
images/sunny/0591_2471316744.jpg 0 0 0 1 1 1 0 0 0 0 1 0 0 0 1 0 0 0 0 0 0
images/skiing/0049_3930297.jpg 0 0 0 0 0 0 0 0 0 0 0 0 0 0 0 1 0 0 0 0 0
images/reporters/0460_1212332455.jpg 0 0 0 0 0 0 0 0 0 1 0 0 0 0 0 0 0 0 0 0 0
images/moss/0344_456633269.jpg 0 0 0 0 0 1 0 0 0 0 0 0 0 1 0 0 0 0 0 0 0
images/bush/0459_5799991.jpg 1 0 0 0 0 0 0 0 0 1 0 0 0 0 0 0 0 0 0 0 0
images/press_conference/0212_38984843.jpg 0 0 0 0 0 0 0 0 0 1 0 0 0 0 0 0 0 0 0 0 0
images/fog/0203_331068303.jpg 0 0 0 1 0 0 0 0 0 0 1 0 0 0 1 0 0 1 0 0 0
images/boy/0330_365104971.jpg 0 0 0 1 0 0 1 0 1 0 0 0 0 0 1 0 1 0 0 1 0
images/sponges/0238_2555652776.jpg 1 0 0 0 0 0 0 0 0 0 0 0 0 1 0 0 0 0 0 1 0
images/chapel/0030_464221999.jpg 0 0 1 1 0 1 0 0 0 0 0 0 0 0 1 0 0 1 0 0 1
images/turn/0324_104509501.jpg 1 0 0 0 0 0 0 0 0 0 0 1 0 0 0 0 0 0 0 1 0
images/beach/0438_468781859.jpg 0 0 0 0 0 0 0 0 1 0 0 0 0 0 1 0 1 0 0 1 0
images/river/0501_304098133.jpg 0 0 0 1 0 0 0 1 0 0 0 0 0 1 1 1 0 0 0 0 0
images/camels/0369_455306681.jpg 1 0 0 0 0 0 0 0 0 1 0 0 0 0 1 0 1 0 0 0 0
images/glacier/0217_2692732183.jpg 0 0 0 0 0 0 1 0 0 0 0 1 0 0 1 0 0 0 0 1 0
images/rowboat/0029_2085515596.jpg 0 0 0 1 0 0 0 0 0 0 0 0 0 0 1 1 1 0 0 0 0
images/lakes/0321_2324987265.jpg 0 0 0 1 0 0 1 0 0 0 0 1 0 0 0 0 0 0 0 1 0
images/nighttime/0508_332181543.jpg 0 0 0 1 0 0 0 0 0 0 0 0 0 0 0 0 0 0 0 1 0
images/porches/0502_998844399.jpg 0 0 0 0 0 0 0 0 0 0 0 0 0 0 0 0 0 0 0 0 1
images/coast/0387_2216735535.jpg 0 1 0 0 0 0 0 0 0 0 0 0 0 0 0 0 0 0 0 0 0
images/boats/0421_2259515891.jpg 0 0 0 1 0 0 1 0 1 0 0 1 0 0 1 0 1 0 0 1 0
images/traffic/0495_2248360628.jpg 0 0 1 1 0 0 0 0 0 0 0 0 1 0 1 0 0 0 0 0 0
images/freighter/0270_446382351.jpg 0 0 0 1 0 0 1 0 1 0 0 0 0 0 1 0 1 0 0 1 0
images/islands/0452_2586037144.jpg 0 0 0 1 0 0 0 1 0 1 0 0 0 0 1 0 0 0 0 1 0
images/outdoor/0269_63333346.jpg 0 1 0 0 0 0 0 0 1 0 0 0 0 0 0 0 0 0 0 1 0
images/rice/0491_309495746.jpg 0 0 0 1 0 1 0 0 0 0 0 0 0 1 1 0 0 0 0 0 0
images/dall/0527_833237330.jpg 0 0 0 1 0 0 0 1 0 0 0 0 0 0 1 0 0 0 0 0 0
images/palm/0418_2392238226.jpg 0 1 0 1 0 0 1 0 0 0 0 0 0 0 1 0 1 1 0 1 0
images/lake/0282_8056894.jpg 0 0 0 1 0 0 1 0 0 0 0 0 0 0 1 0 1 0 0 1 0
images/poppies/0434_538976310.jpg 0 0 0 0 0 1 0 0 0 0 1 0 0 0 0 0 0 0 0 0 0
images/kit/0522_2454950304.jpg 0 0 0 0 0 0 0 0 0 1 0 0 0 0 0 0 0 0 0 0 0
images/formula/0586_471368632.jpg 0 0 0 0 0 0 0 0 0 0 0 0 1 0 0 0 0 0 1 0 0
images/cruise_liner/0592_2289504019.jpg 0 0 0 0 0 0 0 0 0 1 0 0 0 0 1 0 0 0 0 1 0
images/road_block/0423_2709106093.jpg 0 0 0 0 0 0 0 0 0 1 0 0 0 1 0 0 0 0 0 0 0
images/rose/0592_2320046291.jpg 0 0 0 0 1 0 0 0 0 0 1 0 0 0 0 0 0 0 0 0 0
images/barracks/0002_2683468055.jpg 0 1 0 1 0 0 0 0 0 0 0 0 0 0 1 0 0 0 0 0 0
images/volcano/0310_548684807.jpg 0 0 0 1 0 1 1 1 1 0 0 0 0 1 1 0 0 1 0 1 0
images/coral/0430_107599822.jpg 1 0 0 0 0 0 0 0 0 0 0 0 0 0 0 0 0 0 0 1 0
images/flood/0380_527641051.jpg 0 0 0 0 1 0 0 0 0 0 0 1 0 0 0 0 0 0 0 1 0
images/battleship/0568_1863805633.jpg 0 0 1 1 0 1 0 0 0 0 0 0 0 0 0 0 0 0 0 1 0
images/canoe/0547_1861978169.jpg 0 0 0 0 0 0 0 0 0 0 0 0 0 0 1 0 1 0 0 1 0
images/phone_booths/0068_404936904.jpg 0 0 1 0 0 0 0 0 0 0 0 0 1 0 0 0 0 0 0 0 0
images/office/0493_2598064285.jpg 0 0 0 0 0 0 0 0 0 0 0 0 0 0 1 0 0 0 0 0 1
images/hawk/0070_1715592709.jpg 0 0 0 0 0 0 0 0 0 1 0 0 0 1 1 0 0 0 0 1 0
images/guest/0081_1546816392.jpg 0 0 1 0 0 0 0 0 0 1 0 0 1 0 1 0 0 0 1 0 0
images/gym/0472_264065686.jpg 0 0 0 0 0 0 0 0 0 1 0 0 0 0 0 0 0 0 0 0 0
images/swimming_pools/0508_262713017.jpg 0 1 0 0 0 0 0 0 0 0 0 0 0 0 0 0 0 0 0 1 0
images/peaks/0391_294680370.jpg 0 0 0 1 0 0 0 0 0 0 0 0 0 0 1 0 1 0 0 0 0
images/saguaro/0094_2188281169.jpg 0 0 0 0 0 0 0 0 0 0 1 0 0 0 1 0 0 0 0 1 0
images/antlers/0358_554149826.jpg 1 0 0 0 1 0 0 0 0 0 0 0 0 0 0 0 0 0 0 0 0
images/sand/0524_444769890.jpg 0 1 0 0 0 0 0 0 0 0 0 0 0 0 1 0 0 1 0 1 0
images/mare/0470_1043708498.jpg 0 1 0 0 0 0 0 0 0 0 0 0 0 0 0 0 0 1 0 0 0
images/swimming_pools/0397_346309778.jpg 0 1 0 0 0 0 0 0 0 0 0 0 0 0 1 0 0 0 0 0 0
images/guest/0381_9007128.jpg 0 0 0 0 0 0 0 0 0 1 0 0 0 0 0 0 0 0 0 0 0
images/computers/0221_254326900.jpg 0 0 0 0 0 0 0 0 0 0 0 0 0 0 0 0 0 0 0 0 1
images/boeing/0387_440126326.jpg 0 0 0 1 0 0 0 1 0 0 0 0 0 0 1 1 0 0 0 0 0
images/coral/0441_302832521.jpg 0 0 0 0 1 0 0 0 0 0 0 0 0 0 0 0 0 0 0 0 0
images/communications_tower/0016_366967364.jpg 0 0 0 1 0 0 0 0 0 0 0 0 0 0 1 0 1 0 0 0 0
images/seals/0418_87482854.jpg 1 0 0 1 0 0 0 0 1 0 0 0 0 0 0 0 0 0 0 0 0
images/tulip/0045_88507076.jpg 0 0 0 0 1 0 0 0 0 0 0 0 0 0 0 0 0 0 0 0 0
images/marsh/0559_292466450.jpg 0 0 0 0 0 0 0 0 0 1 0 0 1 0 1 0 1 0 0 0 0
images/hills/0520_378433798.jpg 0 0 0 1 0 0 0 1 0 0 1 0 0 0 1 0 0 0 0 0 0
images/grassland/0032_769384152.jpg 0 0 0 0 0 0 0 1 0 0 0 0 0 1 1 0 1 0 0 0 0
images/branch/0503_2131401762.jpg 0 0 0 1 0 0 0 0 0 0 0 0 0 0 0 0 0 1 0 0 0
images/shrine/0044_2208933418.jpg 0 0 1 1 0 0 0 0 0 0 0 0 0 0 1 0 0 0 0 0 0
images/petals/0490_2486087445.jpg 0 0 0 0 1 0 0 0 0 0 1 0 0 0 0 0 0 0 0 0 0
images/waterways/0248_1238001163.jpg 0 0 0 1 0 0 1 0 0 0 0 0 0 0 0 0 0 0 0 1 0
images/grain_elevator/0335_127138345.jpg 0 0 1 0 0 0 0 0 0 0 0 0 0 0 1 0 0 0 0 0 1
images/horizon/0247_409937007.jpg 0 0 0 1 0 0 1 0 0 0 0 1 0 0 1 0 1 0 0 1 0
images/stream/0454_2533878712.jpg 0 0 0 0 0 1 0 0 0 0 1 0 0 1 0 0 0 0 0 1 0
images/porches/0664_494826215.jpg 0 0 1 0 0 0 0 0 0 0 0 0 0 0 1 0 0 0 0 0 0
images/herd/0497_176911917.jpg 0 0 0 1 0 0 0 0 0 0 0 0 0 0 1 0 1 0 0 0 0
images/cave/0294_128380092.jpg 0 0 0 1 0 0 0 0 0 1 0 0 0 0 1 0 0 0 0 0 0
images/sailboats/0240_533756295.jpg 0 0 0 1 0 0 1 0 1 0 0 1 0 0 1 0 0 0 0 1 0
images/pipes/0546_2566758423.jpg 0 0 0 0 0 0 0 0 0 0 0 0 1 0 0 0 0 0 0 0 1
images/bride/0276_484519473.jpg 0 0 0 0 0 0 0 0 0 1 0 0 0 0 0 0 0 0 0 0 0
images/raft/0079_2703155966.jpg 1 0 0 1 0 0 1 1 0 1 0 1 0 0 1 0 1 0 0 0 0
images/harbor/0211_2058051158.jpg 0 0 0 1 0 0 1 0 0 0 0 0 0 0 1 0 1 0 0 1 0
images/star/0318_321642513.jpg 0 0 0 1 0 0 0 0 0 0 1 0 0 0 1 0 0 0 0 0 0
images/water_tower/0475_4922566.jpg 0 0 0 1 0 0 0 0 0 0 0 0 0 0 1 0 0 0 0 0 0
images/hawaii/0350_533487183.jpg 0 1 0 0 0 0 1 0 1 0 0 0 0 0 1 0 1 0 0 1 0
images/gas_station/0222_2433107715.jpg 0 0 1 0 0 0 0 0 0 0 0 0 0 0 0 0 0 0 0 0 0
images/basketball/0378_456235351.jpg 0 0 0 0 0 1 0 0 0 0 0 0 0 0 1 0 0 0 0 0 0
images/bridges/0598_90080850.jpg 0 0 1 1 0 0 0 0 0 0 0 1 0 0 0 0 0 0 0 0 0
images/dining_room/0085_148386738.jpg 0 0 0 0 1 0 0 0 0 0 0 0 0 0 0 0 0 0 0 0 1
images/peaks/0435_2123529418.jpg 0 0 0 1 0 0 0 1 0 0 0 0 0 1 1 1 0 0 0 0 0
images/bay/0433_2663586946.jpg 0 0 1 1 0 0 0 0 0 0 0 1 0 1 1 0 0 0 0 1 0
images/prop/0477_126794885.jpg 0 0 0 0 0 0 0 0 0 0 0 0 0 0 0 0 0 0 1 0 0
images/african/0395_107828171.jpg 1 0 0 0 0 0 0 0 0 0 0 0 0 0 0 0 0 0 0 0 0
images/jeep/0369_350881371.jpg 0 0 0 0 0 0 0 0 0 0 0 0 1 0 0 1 0 0 1 0 1
images/car/0339_251644413.jpg 0 0 0 0 0 0 0 0 0 0 0 0 1 0 0 0 0 0 0 0 0
images/flowers/0418_372403713.jpg 0 0 0 1 1 0 0 0 0 0 0 0 0 0 0 0 0 0 0 1 0
images/castle/0428_2315730954.jpg 0 0 0 1 0 0 0 1 0 0 0 0 0 0 1 1 0 0 0 0 1
images/shipyards/0539_848867348.jpg 0 0 0 0 0 0 0 0 0 0 1 0 0 0 0 0 0 0 0 0 0
images/suburban/0353_2506138655.jpg 0 0 0 0 0 0 0 0 0 0 0 0 0 0 1 1 0 0 1 0 0
images/cliff/0516_2233899811.jpg 0 1 0 0 0 0 0 0 0 0 0 0 0 0 1 0 1 0 0 1 0
images/outside/0378_172261074.jpg 0 0 0 0 0 0 1 0 0 0 0 0 0 0 0 0 0 0 0 1 0
images/fields/0273_2417042108.jpg 0 0 0 0 0 1 0 0 0 0 1 0 0 0 0 0 0 1 0 0 0
images/flood/0222_415806962.jpg 0 0 0 0 1 0 0 0 0 0 1 0 0 0 0 0 0 0 0 0 0
images/funeral/0430_1112803273.jpg 0 0 0 1 0 0 0 1 0 0 0 0 0 0 0 0 0 0 0 0 0
images/maui/0405_2613050495.jpg 0 0 0 0 0 0 0 0 1 0 0 0 0 0 0 0 0 0 0 1 0
images/booby/0380_439317497.jpg 1 0 0 0 0 0 0 0 0 0 0 0 0 1 0 0 0 0 0 0 0
images/insurgents/0047_2162662243.jpg 0 0 0 0 0 0 0 0 0 1 0 0 0 0 0 1 0 0 0 0 0
images/vehicle/0265_699540250.jpg 0 0 0 1 0 1 0 0 0 0 0 0 0 0 1 0 0 0 1 0 1
images/prayer/0257_459437968.jpg 0 0 0 0 0 0 0 0 0 0 0 0 1 0 0 0 0 0 0 0 0
images/hills/0423_2708969385.jpg 0 0 0 1 0 1 0 0 0 0 1 0 0 0 1 0 0 0 0 0 0
images/frigate/0485_492647951.jpg 0 0 0 0 0 0 0 0 0 0 0 0 0 0 1 0 0 0 1 0 0
images/hotel/0548_2315658341.jpg 0 0 0 1 0 0 0 0 0 0 0 1 0 0 1 0 0 0 0 1 0
images/shrubs/0463_2609580793.jpg 0 0 0 0 0 0 0 0 0 0 0 0 0 1 0 0 0 0 0 1 0
images/rodent/0266_208880008.jpg 1 0 0 0 0 0 0 0 0 0 0 0 0 0 0 0 0 0 0 0 0
images/silhouette/0335_475751349.jpg 0 0 0 1 0 0 0 0 0 0 1 0 0 0 1 0 1 1 0 0 0
images/laboratory/0596_10766664.jpg 0 0 0 0 0 0 0 0 0 1 1 0 0 0 0 0 0 0 0 0 1
images/grass/0349_54539889.jpg 0 0 0 1 0 1 0 0 0 0 1 0 0 0 1 0 0 0 0 0 0
images/guard/0032_2180231638.jpg 0 0 1 1 0 0 0 0 0 0 0 0 0 0 1 0 0 0 0 0 1
images/harbor/0453_2543052756.jpg 0 0 0 0 0 0 0 0 0 0 0 0 0 0 1 0 0 0 1 0 0
images/deer/0001_2070254075.jpg 1 0 0 0 0 0 0 0 0 0 0 0 0 0 0 0 0 0 0 0 0
images/hillside/0526_377827841.jpg 0 0 0 1 0 0 0 1 0 0 0 0 0 1 1 0 0 0 0 0 0
images/lawn/0082_2281507402.jpg 0 1 0 0 0 0 0 0 0 0 0 0 0 0 1 0 0 0 0 0 0
images/tugboat/0295_2748979501.jpg 0 0 0 1 0 0 0 0 0 0 0 0 0 0 1 0 0 0 1 1 0
images/head/0074_1212695809.jpg 0 1 0 0 0 0 1 0 1 0 0 0 0 1 1 0 0 0 0 1 0
images/poppies/0362_2610208797.jpg 0 0 0 0 1 1 0 0 0 0 1 0 0 0 0 0 0 0 0 0 0
images/pebbles/0257_255512163.jpg 0 1 0 1 0 0 0 0 1 0 0 0 0 0 1 0 0 0 0 1 0
images/wings/0610_376737500.jpg 1 0 0 0 0 0 0 0 0 0 0 0 0 0 0 0 0 0 0 0 0
images/conference_room/0494_2173681004.jpg 0 0 0 1 0 0 0 0 0 0 0 0 0 0 0 0 0 0 0 1 1
images/harbor/0376_1803473094.jpg 0 0 0 0 0 0 0 1 1 0 0 1 0 0 1 0 0 0 0 1 0
images/road_block/0075_2139010211.jpg 0 0 0 0 0 0 0 0 0 1 0 0 1 0 1 0 0 0 1 0 0
images/boy/0474_971965978.jpg 0 0 0 0 0 0 0 0 0 1 0 0 0 0 0 0 0 0 0 0 0
images/sunglasses/0524_330522377.jpg 0 0 0 0 0 0 0 0 0 1 0 0 1 0 1 0 0 0 0 0 0
images/orchid/0224_114951564.jpg 0 0 0 0 1 0 0 0 0 0 1 0 0 0 0 0 0 0 0 0 0
images/tanker/0382_1370011908.jpg 0 0 0 0 0 0 1 0 0 0 0 1 0 0 1 0 0 0 1 1 0
images/monks/0291_2078989589.jpg 0 0 0 0 0 0 0 0 0 0 0 0 0 0 1 0 0 0 0 0 0
images/bridges/0541_1575359930.jpg 0 0 1 0 0 0 0 0 0 0 0 0 0 0 0 0 0 0 0 0 1
images/detail/0580_224193593.jpg 1 0 0 1 1 0 0 0 0 0 0 0 0 0 0 0 0 0 0 0 0
images/antlers/0287_194249303.jpg 1 0 0 0 0 1 0 0 0 0 0 0 0 0 0 0 0 0 0 0 0
images/fire_station/0502_503431354.jpg 0 0 1 1 0 0 0 0 0 0 0 0 0 0 1 0 0 0 0 0 1
images/road/0303_2312457885.jpg 0 0 0 1 0 1 0 0 0 0 1 0 1 0 1 0 0 0 0 0 0
images/grain_elevator/0056_2414992026.jpg 0 0 1 1 0 1 0 0 0 0 0 0 0 0 1 0 0 0 0 0 0
images/airport_terminal/0271_155536234.jpg 0 0 0 1 0 0 0 0 0 0 0 0 0 0 1 0 0 0 0 1 0
images/lighthouse/0555_321229041.jpg 0 0 0 1 0 0 1 0 1 0 0 1 0 0 1 0 1 0 0 1 0
images/ship/0413_2308105824.jpg 0 0 0 1 0 0 0 0 1 0 0 0 0 0 1 0 1 0 0 1 0
images/bay/0448_1169681123.jpg 0 0 0 0 0 0 0 0 0 0 0 1 0 0 1 0 0 0 0 1 0
images/birds/0340_71515803.jpg 1 0 0 0 0 0 0 0 0 0 0 0 0 0 0 1 0 0 0 0 0
images/dunes/0338_2122934883.jpg 0 1 0 1 0 0 0 0 0 0 0 0 0 0 1 0 0 0 0 0 0
images/needles/0353_2314851261.jpg 0 0 0 0 0 0 0 0 0 0 0 0 0 0 0 0 0 0 0 1 0
images/shade/0504_2211864731.jpg 0 0 0 1 0 0 1 0 0 0 0 0 1 0 1 0 1 0 0 1 0
images/moose/0348_365358112.jpg 0 0 0 0 0 0 0 0 0 0 0 0 0 0 0 1 0 0 0 0 0
images/mast/0353_246503771.jpg 0 0 0 0 0 0 1 0 0 0 0 1 0 0 0 0 0 0 0 1 0
images/caribou/0080_2536917243.jpg 0 0 0 0 0 0 0 1 0 0 0 0 0 0 0 1 0 0 0 0 0
images/grass/0210_235853969.jpg 0 0 0 1 0 1 0 0 0 0 0 0 0 0 1 0 0 0 0 1 0
images/moose/0567_341676516.jpg 1 0 0 0 0 0 0 0 0 0 0 0 0 0 1 1 0 0 0 0 0
images/avalanche/0251_2230903605.jpg 0 0 0 0 0 0 0 0 0 0 0 0 0 0 1 1 0 0 0 0 0
images/eagle/0478_378840659.jpg 1 1 0 0 0 0 0 0 0 0 0 0 0 0 0 0 0 0 0 1 0
images/tundra/0547_2468978901.jpg 0 0 0 0 0 0 0 0 0 0 0 0 1 0 1 0 0 0 0 0 1
images/beards/0061_1330340641.jpg 0 0 0 0 0 0 0 0 0 1 0 0 0 0 0 0 0 0 0 0 0
images/protesters/0308_339640651.jpg 0 0 0 0 0 0 0 0 0 1 0 0 0 0 0 0 0 0 0 0 0
images/rifles/0076_514974302.jpg 0 0 0 0 0 0 0 0 0 1 0 0 0 0 0 0 0 0 0 0 0
images/umbrella/0494_1192931033.jpg 0 0 0 0 0 1 0 0 0 1 0 0 0 0 0 0 0 0 0 0 0
images/freighter/0500_429896239.jpg 0 0 0 0 0 0 0 0 0 0 0 0 1 0 1 0 0 0 0 0 0
images/officers/0402_376973132.jpg 0 0 1 0 0 0 0 0 0 0 0 0 0 0 0 0 0 0 0 0 1
images/lake/0045_2212600119.jpg 1 0 0 0 0 0 1 1 0 0 0 0 0 0 1 0 0 0 0 1 0
images/fence/0397_240124173.jpg 0 0 1 0 0 0 0 0 0 0 0 0 0 0 0 0 0 0 0 0 0
images/anemone/0222_421915751.jpg 0 0 0 0 0 0 0 0 1 0 0 0 0 0 0 0 0 0 0 1 0
images/wings/0695_168470507.jpg 1 0 0 0 1 0 0 0 0 0 0 0 0 0 0 0 0 0 0 0 0
images/building/0009_235118816.jpg 0 0 1 1 0 0 0 0 0 0 0 1 0 0 1 0 1 0 0 1 0
images/frozen/0417_2301699334.jpg 0 1 0 1 0 0 1 0 1 0 0 0 0 0 1 0 0 1 0 1 0
images/hut/0578_573052173.jpg 0 1 0 1 0 0 0 0 1 0 0 0 0 0 1 0 0 0 0 1 0
images/ice_skating/0392_367070323.jpg 0 0 0 0 0 0 1 0 0 1 0 0 0 0 0 0 0 0 0 1 0
images/wolf/0559_171572587.jpg 0 0 0 0 0 0 0 0 0 0 0 0 0 0 0 0 0 0 0 0 1
images/slope/0594_216850824.jpg 0 0 0 0 0 0 0 0 1 1 0 0 0 0 0 0 0 0 0 0 0
images/truck/0503_398028840.jpg 0 0 0 1 0 0 0 0 0 0 0 0 1 0 1 0 0 0 1 0 1
images/coast/0389_2158923290.jpg 0 0 0 1 0 0 0 0 0 0 0 0 0 1 1 0 0 0 0 1 0
images/infants/0033_2172893130.jpg 0 0 0 0 0 0 0 0 0 1 0 0 0 0 0 0 0 0 0 0 0
images/bay/0368_47859916.jpg 0 1 0 1 0 0 0 0 0 0 0 1 0 0 1 0 0 0 0 1 0
images/cottage/0389_536503320.jpg 0 0 1 1 0 1 0 0 0 0 1 0 0 0 1 0 0 0 0 0 0
images/oceans/0585_9049721.jpg 1 1 0 0 0 0 0 0 1 0 0 0 0 0 1 0 0 0 0 1 0
images/poppies/0099_2594948576.jpg 0 0 1 1 0 1 0 0 0 0 1 0 0 0 1 0 0 0 0 0 0
images/beach/0332_1402387153.jpg 0 0 0 1 0 0 1 0 1 0 0 1 0 0 1 0 1 0 0 1 0
images/warehouse/0364_2108638907.jpg 0 0 1 1 0 0 0 0 0 0 0 0 0 0 1 0 0 0 0 0 1
images/basketball/0355_323793013.jpg 0 0 0 0 0 0 0 0 0 1 0 0 0 0 0 0 0 0 0 0 0
images/car/0406_509870576.jpg 0 0 0 1 0 0 0 0 0 0 0 0 1 0 0 0 0 0 1 0 0
images/airplane/0267_220003913.jpg 0 0 0 1 0 0 0 0 0 0 0 0 0 0 1 0 1 0 0 0 0
images/tables/0567_2268866505.jpg 0 0 0 0 1 0 0 0 0 0 1 0 0 0 0 0 0 0 0 0 0
images/crab/0596_111483334.jpg 0 0 0 1 0 0 0 0 0 0 0 0 0 0 0 0 0 0 0 1 0
images/display/0411_2535995935.jpg 0 0 0 0 1 0 0 0 0 0 0 0 0 0 0 0 0 0 0 0 0
images/adult/0401_240865447.jpg 1 1 0 0 0 0 0 0 0 0 0 0 0 0 1 0 0 0 0 1 0
images/flowers/0045_205125227.jpg 0 0 0 1 1 1 0 1 0 0 0 0 0 0 1 1 0 0 0 0 0
images/groom/0392_1389708330.jpg 0 1 0 1 0 0 1 0 0 1 0 0 0 0 1 0 0 0 0 1 0
images/tugboat/0331_342163237.jpg 0 0 0 0 0 0 0 0 1 0 0 0 0 0 1 0 0 0 1 1 0
images/harbors/0082_323535049.jpg 0 0 0 1 0 1 0 0 0 0 1 0 0 0 1 0 0 0 0 0 1
images/car_racing/0362_2078761929.jpg 0 0 0 0 0 0 0 0 0 0 0 0 1 0 0 0 0 0 1 0 0
images/valleys/0257_2648479702.jpg 0 0 0 1 0 1 0 0 0 0 1 0 0 0 1 0 0 0 0 0 0
images/tundra/0500_332475470.jpg 1 0 0 1 0 0 0 1 0 0 0 0 0 0 1 1 0 0 0 0 0
images/elephants/0589_177199736.jpg 1 0 0 0 0 1 0 0 0 0 0 0 0 0 1 0 1 0 0 0 0
images/volcano/0331_152468240.jpg 0 0 0 0 0 0 1 1 0 0 0 0 0 1 0 1 0 0 0 1 0
images/man/0413_352164123.jpg 0 0 0 0 0 0 0 0 0 1 0 0 1 0 0 0 0 0 0 0 0
images/observation_tower/0238_748161855.jpg 0 0 0 1 0 1 0 0 0 0 1 0 0 0 1 0 0 0 0 0 0
images/tony_blair/0315_529568185.jpg 0 0 0 0 0 1 0 0 0 0 1 0 0 0 0 0 0 0 0 0 0
images/tugboat/0421_211272199.jpg 0 0 0 0 0 0 0 0 0 0 0 0 0 0 0 0 0 0 1 0 0
images/stadium/0475_2062399755.jpg 0 0 1 0 0 0 0 0 0 0 0 1 0 0 1 0 0 0 0 1 0
images/coast/0237_251570225.jpg 0 1 0 1 0 0 0 0 0 0 0 0 0 0 1 0 1 0 0 1 0
images/lizard/0637_2127769976.jpg 0 0 0 0 0 0 0 0 0 0 0 0 0 1 0 0 0 0 0 1 0
images/rockface/0509_268348351.jpg 0 0 0 1 0 0 1 1 1 0 0 1 0 1 1 0 0 0 0 1 0
images/pole/0539_1392428777.jpg 0 0 0 1 0 0 0 0 0 0 0 0 0 0 0 0 0 0 0 0 0
images/stream/0329_2584820070.jpg 0 0 0 0 0 1 1 0 0 0 0 1 0 0 1 0 0 0 0 1 0
images/dress/0524_2721903121.jpg 0 0 0 0 0 0 0 0 0 1 0 0 0 0 0 0 0 0 0 1 0
images/tornado/0351_2365435000.jpg 0 0 1 0 0 0 0 0 0 0 0 0 0 0 0 0 0 0 0 0 0
images/silhouette/0048_195272287.jpg 0 0 0 0 0 0 0 0 0 0 1 0 0 0 1 0 1 1 0 0 0
images/marsh/0562_906763512.jpg 0 0 0 0 0 0 1 0 0 0 0 1 1 0 1 0 1 0 0 1 0
images/tugboat/0520_1472970394.jpg 0 0 0 1 0 0 1 0 1 0 0 0 0 1 1 0 0 0 0 1 0
images/walking/0461_2062159806.jpg 1 0 0 0 0 0 0 0 0 0 0 0 1 0 0 0 0 0 0 0 0
images/skiing/0495_2368279051.jpg 0 0 0 0 0 0 0 0 0 0 0 0 0 0 0 1 0 1 0 0 0
images/peaks/0337_246645521.jpg 0 0 0 0 0 0 0 1 0 0 0 0 0 0 0 1 0 0 0 0 0
images/pack/0541_562939380.jpg 0 0 0 0 0 0 0 0 0 0 0 0 0 0 0 0 0 0 1 0 0
images/perch/0362_118163923.jpg 1 0 0 0 0 0 0 0 0 0 0 0 0 0 0 0 0 0 0 1 0
images/vegetation/0238_99471116.jpg 0 0 0 0 0 0 0 0 0 0 0 0 0 0 0 1 0 0 0 0 0
images/stick/0298_1112172025.jpg 0 0 0 1 0 1 0 1 0 0 0 0 0 0 1 0 0 0 0 0 0
images/clouds/0411_435956769.jpg 0 0 0 1 0 1 0 0 0 0 0 0 0 0 1 0 0 0 0 0 0
images/freighter/0420_268142187.jpg 0 0 0 0 0 0 0 0 0 0 0 0 0 1 0 0 0 0 0 1 0
images/artillery/0384_241274229.jpg 0 0 0 0 0 0 0 0 0 1 0 0 0 0 0 0 0 0 0 0 0
images/rainy/0450_68916145.jpg 0 1 0 1 0 0 0 0 1 0 1 0 0 1 1 0 0 1 0 1 0
images/canoe/0077_2687264300.jpg 0 0 0 0 0 0 0 1 0 0 0 0 0 0 0 0 0 0 0 0 0
images/cat/0449_19429866.jpg 1 0 1 1 0 0 0 0 1 0 0 0 0 0 1 0 0 0 0 0 0
images/pyramid/0209_440836458.jpg 0 0 0 1 0 0 1 0 0 0 0 0 0 0 1 0 0 0 0 1 0
images/insurgents/0441_2157102297.jpg 1 0 0 0 0 1 0 0 0 0 0 0 0 0 1 0 0 0 0 0 0
images/sidewalks/0059_1374791922.jpg 0 0 0 1 0 0 0 0 0 1 0 0 0 0 1 0 0 0 0 0 0
images/kauai/0288_830812100.jpg 0 1 0 1 0 0 1 0 1 0 0 0 0 0 1 0 0 0 0 1 0
images/valleys/0475_2711102582.jpg 0 0 0 0 0 0 0 1 0 0 0 0 0 0 0 0 0 0 0 0 0
images/cows/0059_2730109008.jpg 1 0 0 1 0 0 0 0 0 0 0 0 0 0 1 0 0 0 0 0 0
images/cables/0067_307389523.jpg 0 0 1 0 0 0 0 0 0 0 0 0 0 0 0 0 0 0 0 0 0
images/restaurant/0620_2075332429.jpg 0 0 1 1 0 0 0 0 0 0 0 0 0 0 1 0 0 1 0 0 0
images/african/0573_1071279822.jpg 0 0 0 0 0 0 0 0 0 1 1 0 0 0 0 0 0 0 0 0 0
images/cars/0269_2015933682.jpg 0 0 0 1 0 0 0 0 0 0 0 0 0 0 1 0 1 0 0 0 0
images/bank/0240_560085484.jpg 0 0 0 1 0 0 1 0 1 0 0 0 0 0 1 0 0 0 0 1 0
images/rodent/0454_2026873970.jpg 1 0 0 0 0 0 0 0 0 0 0 0 0 0 0 0 0 0 0 0 0
images/albatross/0475_111571481.jpg 1 0 0 0 0 0 1 0 1 0 0 0 0 0 1 0 0 0 0 1 0
images/cave/0097_2395929114.jpg 0 1 0 1 0 0 0 0 0 0 0 0 0 0 1 0 1 0 0 0 0
images/football/0206_729332745.jpg 0 0 1 0 0 0 0 0 0 0 0 1 0 0 1 0 0 0 0 1 0
images/politics/0373_2551781146.jpg 0 0 1 0 0 0 0 0 0 0 0 1 0 0 0 0 0 0 0 1 0
images/oceans/0079_471370474.jpg 0 0 0 0 0 0 1 0 0 0 0 0 0 1 1 0 0 0 0 0 0
images/volcano/0078_540315549.jpg 0 0 0 1 0 0 1 0 1 0 0 0 0 0 1 0 0 0 0 1 0
images/trunk/0284_416218770.jpg 1 0 0 0 0 0 0 0 0 0 0 0 0 0 0 0 0 0 0 1 0
images/vines/0326_68517596.jpg 0 0 1 0 1 1 0 0 0 0 0 0 0 0 0 0 0 0 0 0 1
images/tugboat/0366_2534033629.jpg 0 0 0 1 0 0 0 0 0 0 0 0 0 0 1 0 0 0 0 1 1
images/museum/0343_168053830.jpg 0 0 0 0 0 0 1 0 0 0 0 0 1 0 0 0 0 0 0 0 0
images/frost/0271_2159860672.jpg 0 0 0 0 0 0 0 0 0 0 0 0 0 0 0 1 0 0 0 0 0
images/airplane/0456_971284902.jpg 0 0 0 1 0 0 0 0 0 0 0 0 0 0 1 0 0 0 0 0 0
images/elk/0554_1404065363.jpg 1 0 0 0 0 1 0 0 0 0 0 0 0 0 0 0 1 0 0 0 0
images/nighttime/0541_2416034165.jpg 0 0 0 0 0 0 0 0 0 0 0 0 1 0 0 0 0 0 0 0 1
images/standing/0321_2314974057.jpg 0 0 0 0 0 0 0 0 0 1 0 0 0 0 0 0 0 0 0 0 0
images/fish/0273_2354747873.jpg 1 0 0 0 0 0 0 0 1 0 0 0 0 0 0 0 0 0 0 0 0
images/emergency_vehicles/0074_854834667.jpg 0 0 0 1 0 0 0 0 0 0 0 0 1 0 1 0 0 0 0 0 0
images/rockface/0351_1424651915.jpg 0 0 0 0 0 0 1 1 0 0 0 0 0 0 0 1 0 0 0 0 0
images/sea/0023_2570208796.jpg 0 1 0 1 0 0 1 0 1 0 0 0 0 0 1 0 1 0 0 1 0
images/perch/0326_2195460801.jpg 1 0 0 0 0 0 0 0 0 0 0 0 0 0 0 0 0 0 0 0 0
images/boats/0040_2146297114.jpg 0 0 1 1 0 0 1 0 0 0 0 0 0 0 1 0 1 0 0 1 0
images/shell/0570_6408982.jpg 0 1 0 0 0 0 0 0 1 0 0 0 0 0 0 0 0 0 0 0 0
images/petals/0028_485365403.jpg 0 0 0 1 1 0 0 0 0 0 1 0 0 0 1 0 0 0 0 0 0
images/forest/0393_561878517.jpg 0 0 0 1 0 1 0 1 0 0 1 0 0 1 1 0 0 0 0 0 0
images/island/0534_440810401.jpg 0 1 0 1 0 0 1 0 1 0 0 0 0 1 1 0 0 0 0 1 0
images/talking/0028_50363111.jpg 0 0 0 0 0 1 0 0 0 0 0 0 0 0 0 0 0 0 0 0 0
images/lake/0513_264477571.jpg 0 0 0 1 0 0 1 0 0 0 0 1 1 0 1 0 1 0 0 1 0
images/barn/0435_436153313.jpg 0 0 0 1 0 1 0 0 0 0 0 0 0 0 1 0 0 0 0 0 1
images/blossoms/0275_2489327753.jpg 0 0 0 0 1 1 0 0 0 0 1 0 0 0 0 0 0 0 0 0 0
images/garden/0574_420876424.jpg 0 0 0 0 1 0 0 0 0 0 1 0 0 0 0 0 0 0 0 0 0
images/birds/0439_440241617.jpg 1 0 0 0 1 0 0 0 0 0 1 0 0 0 0 0 0 0 0 0 0
images/caribou/0061_540385377.jpg 1 0 0 0 0 0 0 0 0 0 0 0 0 0 1 0 0 0 0 0 0
images/ditch/0469_550497550.jpg 0 0 0 0 0 0 0 0 0 1 0 0 1 0 0 0 0 0 0 0 0
images/standing/0330_2354691645.jpg 0 0 0 0 0 0 0 0 0 1 0 0 0 0 0 1 0 0 0 0 0
images/ruins/0048_318493183.jpg 0 1 0 0 0 0 1 0 1 0 0 0 0 1 1 0 0 0 0 1 0
images/prop/0439_448707301.jpg 0 0 0 0 0 0 0 0 0 0 0 0 0 0 0 0 0 0 1 0 0
images/outdoor/0313_1314781165.jpg 0 0 1 1 0 0 0 0 1 0 0 0 0 0 1 0 0 0 0 1 0
images/bridges/0557_2259610321.jpg 0 0 1 1 0 0 0 0 0 0 0 1 0 0 1 0 0 0 0 1 0
images/arctic/0297_165726171.jpg 0 0 0 1 0 0 0 0 0 0 0 0 1 0 1 1 0 0 0 1 0
images/beach/0013_215778708.jpg 0 0 0 1 0 0 1 1 1 0 0 1 0 0 1 0 1 0 0 1 0
images/saguaro/0344_2616768646.jpg 0 0 0 1 0 0 0 0 0 0 0 0 0 0 1 0 1 0 0 0 0
images/smoke/0549_2404477054.jpg 0 0 0 1 0 0 0 0 0 0 0 0 0 0 1 0 0 0 0 0 1
images/river_bank/0402_2314145015.jpg 0 0 0 0 1 1 0 0 0 0 1 0 0 0 0 0 0 1 0 0 0
images/formula/0415_562408862.jpg 0 0 0 0 0 0 0 0 0 1 0 0 0 0 0 0 0 0 0 0 0
images/hawaii/0387_2454270136.jpg 0 0 0 0 1 0 0 0 0 0 1 0 0 0 0 0 0 0 0 0 0
images/umbrella/0405_2645263288.jpg 0 0 0 0 0 1 0 0 0 0 0 0 0 0 1 0 0 0 0 0 0
images/blooms/0490_2300718515.jpg 0 0 0 0 1 0 0 0 0 0 0 0 0 0 0 0 0 0 0 0 0
images/fox/0519_531491906.jpg 1 0 0 0 0 0 0 0 0 0 0 0 0 0 0 0 0 0 0 0 0
images/deer/0096_432190095.jpg 1 0 0 1 0 1 0 0 0 0 0 0 0 0 1 0 0 1 0 0 0
images/whales/0020_2117383052.jpg 0 0 0 1 0 0 1 1 0 0 0 1 0 1 0 0 0 0 0 1 0
images/monastery/0300_2287525991.jpg 0 0 1 1 0 0 0 0 0 0 0 0 1 0 1 0 0 0 0 0 0
images/market/0492_480862780.jpg 0 0 1 0 0 0 0 0 0 0 0 0 0 0 0 0 0 0 0 0 1
images/road_block/0388_2722498322.jpg 0 0 0 0 0 0 0 0 0 1 0 0 0 1 0 0 0 0 0 0 0
images/oahu/0238_2138723457.jpg 0 1 0 0 0 0 0 0 1 0 0 0 0 0 0 0 0 1 0 1 0
images/crops/0223_2333361884.jpg 0 0 0 1 0 0 0 0 0 0 1 0 0 0 1 0 0 1 0 0 0
images/amusement_park/0420_1322448575.jpg 0 0 0 1 0 0 0 0 0 0 0 0 0 0 1 0 0 0 0 0 0
images/costume/0096_1806568112.jpg 0 0 0 0 0 0 0 0 0 1 0 0 0 0 0 0 0 0 0 0 0
images/mare/0421_2163485586.jpg 0 0 0 1 0 0 0 0 0 0 0 0 0 0 1 0 1 0 0 1 0
images/plain/0240_499020989.jpg 0 0 1 0 0 0 0 0 0 0 0 0 0 0 0 0 0 0 0 0 0
images/urban_park/0391_168120747.jpg 0 0 1 1 0 0 1 0 0 0 0 0 0 0 0 1 0 0 0 0 0
images/antelope/0232_305914915.jpg 1 0 0 0 0 0 0 0 0 0 0 0 0 0 0 0 0 0 0 0 0
images/hill/0308_474037179.jpg 0 0 0 0 0 0 0 0 0 0 0 0 0 0 1 0 0 0 1 0 0
images/hut/0080_2223505208.jpg 0 0 0 0 0 0 0 0 0 0 0 0 0 0 1 1 0 1 0 0 0
images/outer_space/0077_44059663.jpg 0 0 0 1 0 0 0 0 1 0 0 0 0 0 1 0 0 0 0 1 0
images/lake/0369_1038767948.jpg 0 0 0 1 0 0 1 1 0 0 0 1 0 1 1 0 0 0 0 1 0
images/cubs/0263_268236470.jpg 1 0 0 0 0 0 0 0 0 0 0 0 0 0 0 0 0 0 0 0 0
images/storms/0459_2685981519.jpg 0 0 0 1 0 0 0 0 0 0 1 0 0 0 1 0 0 0 0 0 0
images/tundra/0585_249022940.jpg 0 0 0 0 0 1 0 0 0 0 1 0 0 0 1 0 0 0 0 1 0
images/market/0298_398801335.jpg 0 0 0 0 1 0 0 0 0 0 1 0 0 0 0 0 0 0 0 0 0
images/cat/0492_1457911698.jpg 1 0 0 0 0 0 0 0 0 0 0 0 0 0 0 0 0 0 0 0 0
images/plants/0590_287051169.jpg 1 0 0 0 0 0 0 0 0 0 1 0 0 0 0 0 0 0 0 0 0
images/houseboat/0059_2313608113.jpg 0 0 0 0 0 0 0 0 0 0 0 1 0 0 1 0 0 0 1 1 0
images/vehicle/0544_174354501.jpg 0 0 0 0 0 0 0 0 0 0 0 0 0 0 0 0 0 0 1 0 1
images/dance/0469_119101722.jpg 0 0 0 0 0 0 0 0 0 1 0 0 0 0 1 0 0 0 0 0 0
images/microphones/0303_1438649289.jpg 0 0 0 0 0 0 0 0 0 1 0 0 0 0 0 0 0 0 0 0 0
images/singing/0325_870457410.jpg 0 0 0 0 0 0 0 0 0 1 0 0 0 0 0 0 0 0 0 0 0
images/pattern/0313_161947187.jpg 0 0 0 0 0 0 0 0 0 0 0 0 1 0 0 0 0 0 0 0 0
images/host/0680_2517099187.jpg 0 0 0 0 0 0 0 0 0 1 0 0 0 0 0 0 0 0 0 0 0
images/horses/0315_2202722843.jpg 1 0 0 1 0 0 0 0 0 0 0 0 0 0 0 1 0 0 0 0 0
images/raft/0270_98664881.jpg 0 0 0 0 0 1 1 1 0 0 0 1 0 0 1 0 0 0 0 1 0
images/plaza/0372_2298517541.jpg 0 0 1 1 0 0 0 0 0 0 0 0 0 0 1 0 0 0 0 0 1
images/hill/0516_2732169841.jpg 0 0 0 1 0 1 0 0 0 0 0 0 0 0 1 0 0 0 0 0 0
images/powerplants/0019_45747289.jpg 0 1 0 1 0 0 1 0 1 0 0 0 0 0 1 0 0 0 0 1 0
images/guard/0409_193331666.jpg 0 0 0 0 0 0 1 0 0 1 0 0 0 0 0 0 0 0 0 0 0
images/slope/0537_765898848.jpg 0 0 0 0 0 0 0 0 0 1 0 0 0 0 0 0 0 0 0 0 0
images/dall/0453_2090881992.jpg 0 0 0 0 0 1 0 0 0 0 0 0 0 0 1 0 0 0 0 0 0
images/shell/0477_283893911.jpg 0 1 0 0 0 0 0 0 0 0 0 0 0 0 0 0 0 0 0 0 0
images/pillar/0459_1894905770.jpg 0 0 0 1 0 0 0 0 0 0 1 0 0 0 1 0 0 0 0 0 0
images/cave/0296_394605538.jpg 0 0 0 0 0 0 0 1 0 0 0 1 0 1 0 0 0 0 0 1 0
images/pipelines/0265_2283669155.jpg 0 0 0 1 0 0 0 0 0 0 0 0 0 0 1 0 1 0 0 0 0
images/gate/0366_1525221406.jpg 0 0 0 0 0 0 0 0 0 0 0 0 0 0 1 0 1 0 0 0 0
images/lighthouse/0064_1460147538.jpg 0 0 0 1 0 0 0 0 1 0 0 0 0 0 0 0 0 0 0 1 0
images/paintings/0341_110891940.jpg 0 1 0 1 0 0 1 0 1 0 0 0 0 0 1 0 0 0 0 1 0
images/saguaro/0583_2267603455.jpg 0 0 0 1 0 0 0 1 0 0 1 0 0 0 1 0 0 0 0 0 0
images/antenna/0003_2202901407.jpg 0 0 0 1 0 0 0 0 0 0 0 0 0 0 1 1 0 0 0 0 0
images/vineyard/0544_1963674036.jpg 0 0 0 1 0 1 0 0 0 0 1 0 0 0 1 0 0 0 0 0 0
images/lighthouse/0314_1969053429.jpg 0 1 0 1 0 0 1 0 1 0 0 0 0 0 1 0 0 0 0 1 0
images/blooms/0325_445205520.jpg 0 0 0 0 1 0 0 0 0 0 0 0 0 0 0 0 0 0 0 0 0
images/ladder/0024_509194692.jpg 0 0 0 0 0 0 0 0 0 0 0 0 0 0 0 0 0 0 0 0 1
images/cubs/0610_344527523.jpg 1 0 0 0 0 1 0 0 0 0 0 0 0 0 0 0 0 0 0 0 0
images/ruins/0033_125636885.jpg 0 0 0 0 0 0 0 0 0 0 0 0 0 1 1 0 0 0 0 1 0
images/bush/0028_150615267.jpg 0 0 0 1 0 1 0 0 0 0 0 0 0 0 1 0 0 0 0 0 0
images/entrance/0066_185822258.jpg 0 0 0 1 0 0 0 0 0 0 0 0 1 0 0 0 0 0 0 0 1
images/power_plant/0315_413093757.jpg 0 0 1 0 0 0 0 0 0 0 0 0 1 0 0 0 0 0 0 0 1
images/peaks/0571_21114939.jpg 0 0 0 0 0 0 1 1 0 0 0 1 0 1 1 0 0 0 0 1 0
images/stock_market/0085_65191957.jpg 0 0 0 0 0 0 0 0 0 1 0 0 0 0 0 0 0 0 0 0 0
images/garden/0430_2316927766.jpg 0 0 0 0 1 0 0 0 0 0 0 0 0 0 0 0 0 0 0 0 0
images/chrysanthemums/0029_1810387872.jpg 0 0 0 0 1 0 0 0 0 0 1 0 0 0 0 0 0 0 0 0 0
images/kauai/0423_513584842.jpg 1 1 0 0 0 0 1 0 1 0 0 0 0 0 0 0 0 0 0 1 0
images/frozen/0352_2507409541.jpg 0 1 0 1 0 0 1 0 0 0 0 0 0 1 1 0 1 0 0 1 0
images/crab/0393_197968517.jpg 1 0 0 0 0 0 0 0 0 0 0 0 0 0 0 0 0 0 0 0 0
images/pots/0455_2326573495.jpg 0 0 0 0 1 0 0 0 0 1 1 0 0 0 0 0 0 0 0 0 0
images/laundry_room/0073_2542644572.jpg 0 0 0 0 0 0 0 0 0 0 0 0 0 0 0 0 0 0 0 0 1
images/orchid/0451_2091051543.jpg 0 0 0 0 1 0 0 0 0 0 1 0 0 0 0 0 0 0 0 0 0
images/nighttime/0494_2121277711.jpg 0 0 1 0 0 0 0 0 0 0 0 0 0 0 1 0 0 0 0 0 0
images/slope/0358_113449748.jpg 0 0 0 0 0 0 0 0 0 0 0 0 0 0 0 1 0 0 0 0 0
images/dock/0597_370694702.jpg 0 0 0 0 0 0 0 0 1 0 0 1 0 0 0 0 0 0 0 1 0
images/talking/0455_2278448399.jpg 0 0 1 0 0 0 0 0 0 1 0 0 1 0 0 0 0 0 0 0 1
images/boeing/0486_2202830116.jpg 0 0 0 1 0 0 0 0 0 0 0 0 0 0 1 1 0 0 0 0 0
images/flight/0519_2319084368.jpg 1 0 0 0 0 0 0 0 0 0 0 0 0 0 0 1 0 0 0 0 0
images/snake/0330_84045805.jpg 0 1 0 1 0 0 0 0 1 0 0 0 0 0 1 0 1 0 0 1 0
images/kit/0412_1795069848.jpg 0 0 0 1 0 1 0 0 0 0 1 0 0 0 1 0 0 0 0 0 0
images/single_person/0315_1564726355.jpg 0 0 0 0 0 0 0 0 0 1 0 0 0 0 0 0 0 0 0 0 0
images/crowd/0343_2642142168.jpg 0 0 0 0 0 1 0 0 0 0 0 0 0 0 0 0 0 0 0 0 0
images/fan/0418_62967022.jpg 0 0 0 0 0 0 0 0 0 0 0 0 0 0 0 0 0 0 0 0 1
images/tusks/0564_407196972.jpg 0 0 0 1 0 1 0 0 0 0 0 0 0 0 1 0 0 0 0 0 0
images/helicopter/0277_343133885.jpg 0 0 0 0 0 1 0 0 0 1 0 0 0 0 1 0 0 0 0 0 0
images/barracks/0365_99658947.jpg 0 0 0 1 0 0 0 0 0 0 0 0 0 1 1 0 0 0 0 0 0
images/cliff/0085_206342582.jpg 0 1 0 0 0 0 1 0 0 0 0 0 0 1 0 0 0 0 0 0 0
images/swimmer/0491_2179895726.jpg 0 0 0 0 0 0 0 0 0 0 0 0 0 0 0 0 0 0 0 1 0
images/houseboat/0568_37342370.jpg 0 0 0 1 0 0 1 0 0 0 0 1 0 0 1 0 1 0 0 1 0
images/houseboat/0614_2756162161.jpg 0 0 1 1 0 0 1 0 0 0 0 1 0 0 1 0 0 0 0 1 0
images/cafe/0462_1913293293.jpg 0 0 0 0 0 1 0 0 0 1 0 0 0 0 0 0 0 0 0 0 0
images/road_block/0332_2009812031.jpg 0 0 1 0 0 0 0 0 0 0 0 0 1 0 0 0 0 0 0 0 0
images/cottage/0212_2481104504.jpg 0 0 0 0 0 1 0 1 0 0 0 0 0 0 0 0 0 0 0 0 1
images/reptile/0089_856618718.jpg 1 0 0 0 0 0 0 0 0 0 0 0 0 0 0 0 0 0 0 0 0
images/hillside/0206_2536357653.jpg 0 0 0 0 0 1 0 0 0 0 1 0 0 0 0 0 0 0 0 0 1
images/cabin/0391_1576445780.jpg 0 0 0 0 0 0 0 0 0 0 0 0 1 0 0 0 0 0 0 0 0
images/crystals/0602_12531240.jpg 0 0 0 1 0 0 0 0 0 0 0 0 0 0 1 0 0 0 0 0 1
images/greenhouse/0411_2415252428.jpg 0 0 0 0 1 0 0 0 0 0 1 0 0 0 0 0 0 0 0 0 0
images/barracks/0077_2191198781.jpg 0 0 1 0 0 0 0 0 0 0 1 0 0 0 1 0 0 0 0 0 0
images/urban_park/0611_2478983852.jpg 0 0 0 0 0 0 0 0 0 0 1 0 1 0 0 1 0 1 0 0 0
images/raft/0554_344454777.jpg 0 0 0 1 0 0 1 0 0 1 0 0 0 0 0 0 0 0 0 1 0
images/bank/0550_768936436.jpg 0 0 1 0 0 0 0 0 0 0 0 0 0 0 1 0 0 0 0 0 0
images/fire_station/0471_2475970823.jpg 0 0 1 1 0 0 0 0 0 0 0 0 0 0 1 0 0 0 0 0 1
images/firefighter/0485_293474359.jpg 0 0 0 0 0 0 0 0 0 0 0 0 0 0 1 0 0 0 0 0 1
images/person/0409_508995523.jpg 0 0 0 0 0 0 0 0 1 1 0 0 0 0 1 0 0 0 0 1 0
images/bicycles/0076_2247508037.jpg 0 0 0 0 0 0 0 0 0 0 0 0 0 0 0 0 0 0 0 0 1
images/steps/0076_1462383965.jpg 0 0 0 0 0 0 0 0 0 0 1 0 0 0 0 0 0 0 0 0 0
images/office_building/0343_190575276.jpg 0 0 0 0 0 0 0 0 0 0 0 0 0 0 1 0 0 0 0 0 1
images/pool/0537_1369426671.jpg 0 0 0 0 0 0 0 0 0 0 0 0 0 0 0 0 0 0 0 1 0
images/house_of_worship/0586_2299722951.jpg 0 0 1 0 0 1 0 0 0 0 0 0 0 0 1 0 0 0 0 0 1
images/boats/0315_234950381.jpg 0 0 0 0 0 0 1 0 1 0 0 1 0 0 0 0 0 0 0 1 0
images/dunes/0597_2402138793.jpg 0 1 0 1 0 0 0 0 0 0 1 0 0 0 1 0 0 0 0 1 0
images/nets/0345_272898575.jpg 0 1 0 0 0 0 0 0 0 1 0 0 1 0 0 0 0 0 0 1 0
images/toll_booth/0616_747907940.jpg 0 0 0 0 0 0 0 0 0 1 0 0 0 0 0 0 0 0 0 0 0
images/leopard/0382_337223986.jpg 0 0 0 0 0 0 0 0 0 0 0 1 0 0 0 0 0 0 1 1 0
images/cottage/0241_511151631.jpg 0 0 0 1 0 0 0 0 0 0 0 0 0 0 1 0 0 1 0 0 0
images/coast/0025_126080982.jpg 0 0 0 1 0 0 1 0 0 0 0 1 0 0 1 0 0 0 0 1 0
images/black/0388_263150920.jpg 0 0 0 0 0 0 0 0 0 0 0 0 0 0 0 0 0 0 1 0 0
images/river_bank/0433_272155172.jpg 0 0 0 0 0 1 0 0 0 1 0 0 0 0 1 0 0 0 0 1 0
images/dock/0331_2575488338.jpg 0 0 0 1 0 0 1 0 0 0 0 0 0 0 1 0 1 0 0 1 0
images/cliff/0477_1216146681.jpg 0 1 0 0 0 0 0 0 1 0 0 0 0 1 0 0 0 0 0 1 0
images/pickup_truck/0218_162865568.jpg 0 0 0 0 0 0 0 0 0 0 0 0 1 0 0 0 0 0 0 0 1
images/underwater/0004_83723497.jpg 1 0 0 0 0 0 0 0 0 0 0 0 0 0 0 0 0 0 0 0 0
images/black/0296_294677576.jpg 0 0 0 1 0 0 0 0 0 0 0 0 0 0 1 0 0 0 0 0 0
images/grass/0414_1171126892.jpg 1 0 0 0 0 1 0 1 0 0 0 0 0 0 1 0 0 0 0 0 0
images/tornado/0517_439368176.jpg 0 0 0 1 0 1 0 0 0 0 0 0 0 0 0 0 0 0 0 0 0
images/formula/0524_490459186.jpg 0 0 0 0 0 0 0 0 0 0 0 0 0 0 0 0 0 0 1 0 1
images/barn/0092_365142437.jpg 0 0 0 1 0 1 0 0 0 0 0 0 0 0 1 0 0 0 0 0 1
images/avalanche/0272_496760148.jpg 0 0 0 0 0 0 1 1 1 0 0 0 0 1 1 1 0 0 0 0 0
images/antlers/0456_2201551426.jpg 1 0 0 0 0 1 0 0 0 0 0 0 0 0 0 0 0 0 0 0 0
images/photographers/0332_2500960999.jpg 1 0 0 0 0 1 0 0 0 1 0 0 0 0 0 0 0 0 0 0 0
images/silhouette/0068_127397851.jpg 0 0 0 0 0 0 0 0 1 1 0 0 0 0 0 0 0 0 0 1 0
images/rockface/0470_1237194466.jpg 0 0 0 0 0 0 0 1 0 0 1 0 0 0 1 1 0 0 0 0 0
images/freighter/0330_2194245542.jpg 0 0 0 1 0 0 0 0 0 0 0 0 0 0 0 0 0 0 1 0 0
images/moose/0608_270926209.jpg 1 0 0 0 0 0 1 0 0 0 0 0 0 0 0 0 0 0 0 1 0
images/truck/0509_1199446555.jpg 0 0 0 0 0 0 0 0 0 0 0 0 0 0 0 0 0 0 1 0 1
images/ruins/0386_160709517.jpg 0 0 0 1 0 0 0 0 1 0 0 0 0 0 1 0 0 0 0 1 0
images/deer/0373_896979557.jpg 1 0 0 0 0 1 0 0 0 0 0 0 0 0 0 0 0 0 0 0 0
images/backpack/0029_2533167598.jpg 0 0 0 0 0 0 1 1 0 0 0 1 0 1 1 0 0 0 0 1 0
images/saguaro/0559_1048357505.jpg 0 0 0 1 0 0 0 0 0 0 1 0 0 0 1 0 0 0 0 0 0
images/tugboat/0289_431932564.jpg 0 0 0 0 0 0 0 0 0 0 0 0 0 0 1 0 0 0 0 1 0
images/sails/0257_1244904150.jpg 1 0 0 0 0 0 0 0 1 0 0 0 0 0 0 0 0 0 1 1 0
images/outside/0332_2423436050.jpg 0 0 0 1 0 0 0 1 0 0 1 0 0 0 0 0 0 0 0 1 0
images/sailboat/0580_299895459.jpg 0 0 0 1 0 0 1 0 1 0 0 0 0 0 1 0 1 0 0 1 0
images/skiing/0527_2358597350.jpg 0 1 0 1 0 0 1 0 1 0 0 0 0 0 1 0 0 0 0 1 0
images/mural/0692_1695423973.jpg 0 0 0 0 0 0 0 0 0 0 0 0 0 0 1 0 0 0 0 0 0
images/waterways/0668_720612061.jpg 0 0 0 0 0 0 1 0 1 0 0 0 0 0 1 0 0 0 0 1 0
images/waves/0507_156960533.jpg 0 0 0 1 0 0 1 0 1 0 0 0 0 0 1 0 0 0 0 1 0
images/dall/0516_832341599.jpg 1 0 0 0 0 0 0 0 0 0 0 0 0 0 0 0 0 0 0 0 0
images/landing_craft/0051_2619035607.jpg 0 0 0 1 0 0 0 0 1 1 0 0 0 0 0 0 0 0 1 1 0
images/barge/0344_2578390782.jpg 0 0 0 0 0 0 0 0 0 0 0 1 0 0 0 0 0 0 0 1 0
images/peaks/0573_156220700.jpg 0 1 0 1 0 0 1 1 1 0 0 0 0 0 1 0 0 0 0 1 0
images/land/0290_104949283.jpg 0 0 0 1 0 0 0 0 0 0 1 0 0 0 1 0 0 0 0 0 0
images/close-up/0348_397597736.jpg 1 1 0 0 0 0 0 0 1 0 0 0 0 1 0 0 0 0 0 1 0
images/canyon/0282_2179466902.jpg 0 0 0 0 0 0 0 0 0 0 0 0 0 1 1 1 0 1 0 0 0
images/street/0216_493592639.jpg 0 0 0 0 0 0 0 0 0 1 0 0 1 0 0 0 0 0 0 0 0
images/scotland/0447_342736891.jpg 0 0 0 1 0 0 1 0 0 0 0 1 0 0 1 0 0 1 0 1 0
images/terrace/0028_166234657.jpg 0 0 0 0 0 0 1 0 1 0 0 0 0 0 1 0 1 0 0 0 0
images/dog/0477_298022778.jpg 1 0 0 0 0 0 0 0 0 0 0 0 0 0 0 0 0 0 0 0 0
images/shrine/0011_131797319.jpg 0 0 0 1 0 0 0 0 0 0 1 0 0 0 1 0 0 0 0 0 0
images/ground/0264_1021065784.jpg 1 0 0 0 0 0 0 0 0 0 0 0 0 0 0 0 0 0 0 0 0
images/road_block/0002_2087331679.jpg 0 0 0 1 0 0 1 0 0 0 0 1 1 0 1 0 1 0 0 1 0
images/sails/0062_797144162.jpg 0 0 0 1 0 0 1 0 0 0 0 1 0 0 1 0 0 0 0 1 0
images/toll_booth/0426_441147021.jpg 0 0 0 1 0 0 0 0 0 0 0 0 1 0 1 0 0 0 0 0 1
images/elk/0023_2388822528.jpg 1 0 0 0 0 0 0 0 0 0 0 0 0 0 0 1 0 0 0 0 0
images/horse/0005_1478845648.jpg 1 0 0 1 0 0 0 0 0 0 0 0 0 0 1 0 0 0 0 0 0
images/snow/0478_69584595.jpg 0 0 0 1 0 0 0 0 0 0 0 1 0 0 1 1 0 0 1 1 0
images/hotel/0022_453935689.jpg 0 0 1 1 0 0 1 0 0 0 0 1 0 0 1 0 0 0 0 1 1
images/tusks/0657_296507033.jpg 1 0 0 0 0 0 0 0 0 0 0 0 0 0 0 0 0 0 0 0 0
images/pool/0663_296316980.jpg 0 0 0 1 0 0 1 0 0 0 0 0 0 1 1 0 0 0 0 0 0
images/windy/0579_269817325.jpg 1 0 0 1 0 0 0 0 0 0 0 0 0 0 0 0 0 0 0 1 0
images/islands/0557_279452650.jpg 0 1 0 1 0 0 1 0 0 0 0 0 0 0 1 0 0 0 0 1 0
images/rpg/0285_2223613625.jpg 0 0 0 0 0 0 0 0 0 0 0 0 0 0 0 0 0 0 1 0 0
images/george_bush/0335_1335225793.jpg 0 0 0 0 0 0 0 0 0 0 0 0 0 0 0 0 0 0 1 0 0
images/soldiers/0668_2546850951.jpg 0 0 0 1 0 1 0 0 0 0 0 0 0 0 0 0 0 0 0 0 0
images/glacier/0581_500577618.jpg 1 1 0 1 0 0 0 0 0 1 0 0 0 0 1 1 0 0 0 1 0
images/urban_park/0589_2237581094.jpg 0 0 0 1 0 0 0 0 0 0 1 0 0 0 0 1 0 1 0 0 0
images/writing/0538_2559096238.jpg 0 0 0 0 0 0 0 0 0 0 0 0 0 0 0 0 0 0 0 0 1
images/soccer/0542_144984751.jpg 0 0 0 1 0 0 0 0 0 0 0 0 1 0 1 0 0 0 0 0 0
images/desert/0647_1605910589.jpg 0 0 0 1 0 0 1 0 0 0 0 1 0 0 1 0 1 0 0 1 0
images/sunny/0348_2167940555.jpg 0 1 0 1 0 0 0 0 0 0 0 0 0 0 1 0 0 0 0 1 0
images/lawn/0097_630998795.jpg 0 0 0 1 0 1 0 0 0 0 1 0 0 0 1 0 0 0 0 0 0
images/birds/0262_1334557355.jpg 1 0 0 1 0 0 0 0 1 0 0 0 0 0 1 0 1 0 0 0 0
images/poppies/0515_2551326344.jpg 0 0 0 0 1 0 0 0 0 0 1 0 0 0 0 0 0 0 0 0 0
images/houseboat/0328_2540844614.jpg 0 0 0 1 0 0 1 0 0 0 0 0 0 0 1 0 1 1 0 0 0
images/boats/0477_1562575665.jpg 0 0 0 1 0 0 1 0 0 0 0 1 0 0 1 0 0 0 0 1 0
images/calf/0300_16031279.jpg 1 0 0 0 0 1 0 0 0 0 0 0 0 0 0 0 0 0 0 0 0
images/jeep/0100_489856518.jpg 0 0 0 1 0 0 0 0 1 0 0 1 0 0 1 0 0 0 0 1 0
images/ships/0270_2271305112.jpg 0 1 0 1 0 0 0 0 1 0 0 0 0 0 1 0 0 0 0 1 0
images/glacier/0061_785223013.jpg 0 0 0 1 0 0 1 0 0 0 0 0 0 0 1 0 0 0 0 1 0
images/formula/0572_2568149113.jpg 0 0 0 0 0 1 0 0 0 0 0 0 1 0 0 0 0 0 1 0 0
images/waterways/0483_492970091.jpg 0 0 0 0 0 0 0 0 0 0 0 1 0 0 0 0 0 0 0 0 0
images/fire_station/0541_301707785.jpg 0 0 1 0 0 0 0 0 0 0 0 0 0 0 1 0 0 0 0 0 1
images/balcony/0657_2555831215.jpg 0 0 0 1 0 0 0 0 0 0 0 0 0 0 1 0 0 0 0 0 0
images/cows/0361_199845315.jpg 1 0 0 1 0 1 0 0 0 0 0 0 0 0 1 0 0 1 0 0 0
images/cliff/0510_2367721087.jpg 0 1 0 1 0 0 0 0 1 0 0 0 0 0 1 0 0 0 0 1 0
images/run/0073_2105957422.jpg 0 1 0 0 0 0 1 0 1 1 0 0 0 0 1 0 1 0 0 1 0
images/pond/0226_307991243.jpg 0 0 0 0 0 0 1 0 0 0 0 1 0 0 0 0 0 1 0 1 0
images/landscape/0363_704599616.jpg 0 0 0 1 0 0 1 0 0 0 0 1 0 0 1 0 1 0 0 1 0
images/standing/0304_385331947.jpg 0 0 1 1 0 0 0 0 0 1 0 0 1 0 1 0 0 0 0 0 0
images/railroad/0683_165621323.jpg 0 0 0 1 0 0 0 0 0 0 0 0 0 0 0 0 0 0 1 0 0
images/bridge/0440_183728980.jpg 0 0 0 1 0 0 0 0 0 0 0 0 1 0 0 0 0 0 0 0 0
images/art/0507_1953593559.jpg 0 0 0 0 0 0 0 0 0 0 0 0 0 0 1 0 0 0 0 0 0
images/balloons/0325_576882115.jpg 0 0 0 1 0 0 0 0 0 1 0 0 0 0 1 0 0 0 0 0 0
images/restaurant/0599_2379517165.jpg 0 0 0 0 0 0 0 0 0 0 0 1 0 0 1 0 1 0 0 1 1
images/dunes/0228_696181368.jpg 0 1 0 1 0 0 0 0 0 0 0 0 0 1 1 0 0 0 0 1 0
images/close-up/0248_235875125.jpg 1 0 0 0 1 0 0 0 0 0 0 0 0 0 0 0 0 0 0 0 0
images/athlete/0268_1096823648.jpg 0 0 0 0 0 0 0 0 0 1 0 0 0 0 0 0 0 0 0 0 0
images/bench/0071_1490336037.jpg 0 0 0 1 0 0 0 0 0 0 1 1 0 0 1 0 0 1 0 1 0
images/palm/0367_199179789.jpg 0 0 0 1 0 0 1 0 0 0 0 1 0 0 1 0 1 0 0 1 0
images/george_bush/0454_1617747669.jpg 0 0 0 0 0 0 0 0 0 1 0 0 0 0 0 0 0 0 0 0 0
images/police_station/0526_2313299386.jpg 0 0 1 1 0 0 0 0 0 0 0 0 0 0 0 0 0 0 0 0 1
images/range/0525_2385758564.jpg 0 0 0 1 0 0 0 0 0 0 1 0 0 0 1 0 1 1 0 0 0
images/goat/0051_238636047.jpg 1 0 0 0 0 1 0 0 0 0 0 0 0 0 0 0 0 0 0 0 0
images/mast/0525_2215160490.jpg 0 0 0 1 0 0 0 0 0 0 0 0 0 0 1 1 0 0 0 0 0
images/harvest/0265_1442490219.jpg 0 0 0 1 0 0 0 1 0 0 0 0 0 0 1 0 1 0 0 0 0
images/art/0035_2110378080.jpg 0 0 0 1 0 0 0 0 0 0 0 0 0 0 1 0 1 0 0 0 0
images/fog/0220_352746822.jpg 0 0 0 0 0 1 0 0 0 0 0 0 0 0 0 0 0 1 0 0 0
images/frozen/0571_560211463.jpg 0 0 0 0 0 0 0 0 0 0 0 0 0 0 0 1 0 0 0 1 0
images/reefs/0306_32375890.jpg 0 0 1 0 0 0 0 0 0 0 1 0 0 0 1 0 0 1 0 1 0
images/river_bank/0419_2520453912.jpg 0 0 0 1 0 0 1 0 0 0 0 1 0 0 1 0 1 0 0 1 0
images/skiing/0529_2567661060.jpg 0 0 0 1 0 0 0 1 0 0 0 0 0 0 1 0 0 1 0 0 0
images/toll_booth/0038_2309102446.jpg 0 0 0 0 0 0 0 0 0 0 0 0 0 0 1 0 0 0 1 0 0
images/aerial/0544_13426860.jpg 0 0 1 0 0 1 0 0 0 0 1 0 0 0 0 0 0 0 0 0 0
images/meadow/0544_249671619.jpg 1 0 0 0 1 0 0 0 0 0 1 0 0 0 0 0 0 0 0 0 0
images/sails/0345_1297395778.jpg 0 0 0 1 0 0 0 0 0 0 0 1 0 0 1 0 0 1 0 1 0
images/tornado/0611_2195085999.jpg 0 0 0 1 0 0 0 0 0 0 0 0 1 0 1 0 0 0 0 0 0
images/rifles/0497_942251211.jpg 0 0 1 0 0 0 0 0 0 0 0 0 0 0 0 0 0 0 1 0 1
images/den/0238_491584412.jpg 1 0 0 0 0 0 0 0 0 0 0 0 0 0 0 0 0 0 0 0 0
images/barn/0042_406496428.jpg 0 0 0 1 0 0 0 0 0 0 0 0 0 0 1 0 0 0 0 0 0
images/pole/0036_1630093405.jpg 0 0 0 0 0 0 0 0 0 0 0 0 0 0 1 0 1 0 0 0 0
images/classroom/0301_2199428741.jpg 0 0 0 0 0 0 0 0 0 1 0 0 0 0 0 0 0 0 0 0 0
images/bulls/0068_1427961554.jpg 0 0 0 1 0 0 0 0 0 0 0 0 0 0 1 0 1 0 0 0 0
images/rockface/0410_262722279.jpg 0 0 0 1 0 0 1 0 1 0 0 0 0 0 1 0 0 0 0 1 0
images/harvest/0570_1798342376.jpg 0 0 0 0 0 1 0 0 0 1 0 1 0 0 0 0 0 0 0 1 0
images/tulip/0321_251674993.jpg 0 0 0 0 1 0 0 0 0 0 1 0 0 0 0 0 0 0 0 0 0
images/waterways/0367_431131182.jpg 0 0 0 1 0 0 1 0 0 0 0 0 0 0 0 0 0 0 0 1 0
images/lake/0634_2145079112.jpg 0 0 0 1 0 0 1 0 0 0 0 1 0 0 1 0 1 0 0 1 0
images/orchid/0509_2579051750.jpg 0 0 0 0 1 0 0 0 0 0 1 0 0 0 0 0 0 0 0 0 0
images/greeting/0464_2202809458.jpg 0 0 0 0 1 0 0 0 0 0 0 0 0 0 0 0 0 0 0 0 0
images/windy/0249_368363360.jpg 0 0 0 1 0 0 0 0 0 0 0 0 0 0 1 0 1 0 0 0 0
images/frost/0403_2324628913.jpg 0 0 0 1 0 0 0 1 0 0 0 0 0 0 1 1 0 0 0 0 0
images/roofs/0468_1638534332.jpg 0 0 1 0 0 0 0 0 0 0 0 0 0 0 0 0 0 0 0 0 0
images/row/0534_2200445954.jpg 0 0 0 0 0 0 0 0 0 0 0 0 1 0 1 1 0 0 0 0 0
images/texture/0361_164909591.jpg 0 0 0 0 0 0 0 0 1 0 0 0 0 0 0 0 0 0 0 0 0
images/caribou/0357_121744194.jpg 0 0 0 0 0 0 0 0 0 0 0 0 0 0 0 1 0 0 0 0 0
images/log/0376_2502684671.jpg 1 0 0 0 0 0 0 0 0 0 0 0 0 0 0 0 0 0 0 0 0
images/lighthouse/0075_421442295.jpg 0 1 0 1 0 0 1 0 1 0 0 1 0 0 1 0 0 0 0 1 0
images/moss/0658_2153480568.jpg 0 0 0 0 0 1 0 0 0 0 0 0 0 0 0 0 0 0 0 0 0
images/glasses/0481_803904983.jpg 0 0 0 0 0 0 0 0 0 1 0 0 0 0 0 0 0 0 0 0 0
images/straightaway/0070_84089383.jpg 0 0 0 0 0 0 0 0 0 0 0 0 0 0 0 1 0 0 0 0 0
images/hills/0283_2189237976.jpg 0 0 0 0 0 1 0 0 0 0 1 0 0 0 1 0 0 0 0 0 0
images/saguaro/0475_388476781.jpg 0 0 0 1 0 0 0 0 0 0 0 0 0 0 1 0 1 0 0 0 0
images/pebbles/0087_2196100720.jpg 0 1 0 0 0 0 0 0 0 0 0 0 0 1 0 0 0 0 0 1 0
images/fall/0548_280504864.jpg 0 0 0 0 0 1 0 1 0 0 0 0 0 0 0 0 0 0 0 0 0
images/deer/0255_2308458061.jpg 1 0 0 0 0 0 0 0 0 0 0 0 0 0 0 1 0 0 0 0 0
images/bicycle/0314_2411590400.jpg 0 0 0 1 0 1 0 0 0 0 0 0 0 0 0 0 0 0 0 0 0
images/fountain/0324_144661677.jpg 0 0 0 0 0 0 0 0 0 0 0 0 0 0 0 0 0 0 0 1 0
images/hats/0257_415891404.jpg 0 1 0 0 0 0 0 0 1 1 0 0 0 0 1 0 0 0 0 1 0
images/ruins/0585_1143715646.jpg 0 0 0 0 0 0 0 0 0 0 0 0 0 1 1 0 0 0 0 1 0
images/valleys/0352_1273510606.jpg 0 0 0 0 0 0 0 0 0 0 0 0 0 0 0 0 0 1 0 0 0
images/host/0011_2425158377.jpg 0 0 0 1 0 0 0 0 0 0 0 0 1 0 1 0 0 0 0 0 0
images/skiing/0596_274895344.jpg 0 0 0 1 0 0 1 0 1 0 0 0 0 1 1 1 0 0 0 1 0
images/harbor/0011_495880881.jpg 0 0 0 0 0 0 0 0 0 0 0 1 0 0 1 0 0 0 0 1 0
images/artillery/0083_2680228259.jpg 0 0 0 1 0 0 0 0 1 0 0 0 0 0 1 0 0 0 0 1 0
images/cloverleaf/0416_2396313975.jpg 0 0 0 1 0 0 0 0 0 0 0 0 0 0 1 0 0 0 0 0 0
images/cheering/0416_2489920519.jpg 0 0 0 0 0 0 0 0 0 1 0 0 0 0 0 0 0 0 0 0 0
images/cliff/0315_2110144146.jpg 0 0 0 1 0 1 0 1 0 0 0 0 0 1 1 0 0 0 0 0 0
images/butterfly/0095_289480402.jpg 1 0 0 0 0 0 0 0 0 0 0 0 0 0 0 0 0 0 0 0 0
images/mountain/0032_423270987.jpg 0 0 0 0 0 0 0 1 0 0 0 0 0 1 1 0 0 0 0 0 0
images/deer/0570_235812058.jpg 1 0 0 0 0 1 0 0 0 0 0 1 0 0 0 0 0 1 0 0 0
images/child/0584_183882284.jpg 0 0 0 0 0 0 0 0 0 1 0 0 0 0 0 0 0 0 0 0 0
images/railing/0568_58561474.jpg 0 0 0 0 0 0 0 0 0 0 0 0 0 0 1 0 0 0 0 0 0
images/blossoms/0262_2605441166.jpg 1 0 0 0 1 0 0 0 0 0 1 0 0 0 0 0 0 0 0 0 0
images/car_racing/0590_467600513.jpg 0 0 0 0 0 0 0 0 0 0 0 0 1 0 0 0 0 0 1 0 1
images/firefighter/0663_2205439359.jpg 0 0 0 0 0 1 0 0 0 0 0 0 0 0 1 0 0 0 0 0 0
images/guest/0271_219431330.jpg 1 0 0 0 0 0 0 0 0 0 0 0 0 0 0 0 0 0 0 0 0
images/police_station/0066_53031898.jpg 0 0 0 0 0 0 0 0 0 1 0 0 0 0 0 0 0 0 0 0 0
images/flowers/0434_27282273.jpg 0 0 0 0 1 0 0 0 0 0 0 0 0 0 0 0 0 0 0 0 0
images/truck/0403_258928979.jpg 0 0 0 1 0 0 0 0 0 0 0 0 0 0 0 0 0 0 1 0 1
images/herd/0327_2140906489.jpg 1 0 0 0 0 0 0 0 0 0 0 0 0 0 0 0 1 0 0 0 0
images/lakes/0398_1528359190.jpg 0 1 0 0 0 0 1 1 0 0 0 1 0 1 1 1 0 0 0 1 0
images/buddha/0419_1321270972.jpg 0 0 1 1 0 1 0 0 0 0 0 1 0 0 1 0 0 0 0 1 0
images/lighthouse/0098_198336422.jpg 0 1 0 1 0 0 1 0 0 0 0 0 0 0 1 0 1 0 0 1 0
images/mare/0089_466614180.jpg 0 0 0 1 0 0 1 0 1 0 0 0 0 0 1 0 1 0 0 1 0
images/boy/0081_161601418.jpg 0 0 0 0 0 0 0 0 0 0 0 1 0 0 0 0 0 0 0 1 0
images/f-16/0362_2368841372.jpg 0 0 0 0 0 0 0 0 0 0 0 0 1 0 1 0 0 0 1 0 0
images/pagoda/0019_805900794.jpg 0 0 0 0 0 1 0 0 0 0 0 0 0 0 1 0 0 0 0 0 0
images/swimmers/0012_1937293292.jpg 0 0 0 0 0 0 0 0 0 0 0 0 0 0 1 0 1 0 0 1 0
images/tugboat/0381_419599398.jpg 0 0 0 1 0 0 1 1 1 0 0 1 0 0 1 0 0 0 0 1 0
images/architecture/0207_48622237.jpg 0 0 1 1 0 0 1 0 0 0 0 1 0 0 1 0 0 0 0 1 0
images/canal/0491_2468479384.jpg 0 0 0 0 0 0 1 0 0 0 0 1 0 0 0 0 0 0 0 1 0
images/glacier/0330_299053857.jpg 0 0 0 0 0 0 0 1 0 0 0 0 0 0 1 1 0 0 0 1 0
images/meadow/0490_2505080217.jpg 0 0 0 0 1 1 0 1 0 0 1 0 0 0 0 0 0 0 0 0 0
images/pagoda/0529_408522657.jpg 0 0 0 1 0 0 1 1 0 0 0 1 0 0 1 0 0 0 0 1 0
images/cockpit/0384_252982166.jpg 0 0 0 0 0 0 0 0 0 0 0 0 0 0 1 0 1 0 1 0 0
images/waterways/0480_231309620.jpg 0 0 1 1 0 0 1 0 0 0 0 1 0 0 0 0 0 0 0 1 0
images/barn/0301_2318946367.jpg 0 0 0 1 0 0 0 0 0 0 0 0 0 0 1 0 0 0 0 0 1
images/sunrise/0014_386598822.jpg 0 1 0 1 0 0 0 0 0 0 0 0 0 0 1 0 0 1 0 0 0
images/porcupine/0535_2533759586.jpg 0 0 0 0 0 1 1 0 0 0 0 0 0 0 1 0 0 1 0 1 0
images/car/0226_5211844.jpg 0 0 0 1 0 0 0 0 0 0 0 0 0 0 1 0 0 0 0 0 1
images/cactus/0568_2663133861.jpg 0 0 0 0 1 0 0 0 0 0 1 0 0 0 0 0 0 0 0 0 0
images/birds/0059_485308896.jpg 0 0 0 0 0 0 1 0 0 0 0 1 0 0 1 0 1 1 0 1 0
images/post/0441_2072846474.jpg 0 0 0 0 0 1 0 0 0 0 1 0 0 0 0 0 0 0 0 0 0
images/skiing/0015_248356741.jpg 0 0 0 1 0 0 0 0 0 0 0 0 1 0 1 1 0 0 0 0 0
images/road_block/0455_1720807950.jpg 0 0 0 0 0 1 0 0 0 0 0 0 1 0 0 0 0 0 1 0 1
images/path/0458_2090207838.jpg 0 0 0 1 0 1 0 1 0 0 1 0 0 0 1 0 0 0 0 0 0
images/car_racing/0246_624161430.jpg 0 0 0 0 0 1 0 0 0 0 0 0 1 0 0 0 0 0 1 0 0
images/nets/0017_2636338215.jpg 0 0 1 1 0 0 0 0 0 0 0 0 0 0 1 0 0 0 0 0 0
images/aqueduct/0042_2320461806.jpg 1 0 0 0 0 0 0 0 0 0 0 0 0 0 1 0 0 0 0 0 0
images/driver/0419_971629616.jpg 0 0 0 0 0 0 0 0 0 1 0 0 0 0 1 0 0 0 0 0 0
images/volcano/0423_1472115720.jpg 0 0 0 0 0 0 1 1 0 0 0 0 0 1 1 1 0 0 0 0 0
images/arctic/0504_149009163.jpg 0 0 0 1 0 0 0 1 1 0 0 1 0 1 1 0 0 0 0 1 0
images/graveyard/0064_1477168786.jpg 0 0 0 0 0 1 0 0 0 0 1 0 0 0 1 0 0 0 0 0 0
images/suburban/0299_2463458327.jpg 0 0 0 0 0 0 0 0 0 0 1 0 0 0 0 0 0 0 0 0 0
images/sunset/0563_146762305.jpg 0 0 0 0 0 1 0 0 0 0 0 1 0 0 1 0 0 0 0 1 0
images/snake/0490_350655874.jpg 1 0 0 0 0 0 0 0 0 0 0 0 0 0 0 0 0 0 0 0 0
images/lakes/0401_291813151.jpg 0 0 0 1 0 0 1 0 1 0 0 0 0 0 1 0 0 0 0 1 0
images/shade/0233_2367719517.jpg 0 1 0 1 0 0 0 0 0 0 0 1 0 0 1 0 0 0 0 0 0
images/marine/0094_2140145337.jpg 1 0 0 0 0 0 0 0 1 0 0 0 0 0 0 0 0 0 0 1 0
images/clearing/0308_2292828502.jpg 0 0 0 0 0 0 0 0 0 0 0 0 0 0 0 1 0 1 0 0 0
images/oahu/0347_2595107240.jpg 0 1 0 1 0 0 0 0 0 1 0 0 0 0 1 0 0 0 0 1 0
images/skiing/0475_408691271.jpg 0 0 0 0 0 0 0 0 0 1 0 0 0 0 1 1 0 0 0 0 0
images/guest/0067_1590824076.jpg 0 0 0 0 0 0 0 0 0 0 0 0 0 0 0 0 0 0 0 0 1
images/cactus/0068_697110594.jpg 0 0 0 0 1 0 0 0 0 0 0 0 0 0 0 0 0 0 0 0 0
images/swimmers/0483_2609851891.jpg 0 1 0 0 0 0 0 0 1 0 0 0 0 0 0 0 0 0 0 0 0
images/freighter/0066_513678208.jpg 0 0 0 1 0 0 0 0 0 0 0 0 1 0 1 0 0 0 1 0 0
images/lakes/0596_2404392598.jpg 0 1 0 1 0 0 1 1 1 0 1 0 0 0 1 0 0 0 0 1 0
images/swimmer/0539_302966655.jpg 0 1 0 0 0 0 0 0 0 0 0 0 0 1 1 0 0 0 0 1 0
images/porches/0227_287954008.jpg 0 0 1 0 0 0 0 0 0 0 0 0 0 0 0 0 0 0 0 0 1
images/clearing/0251_411487569.jpg 0 0 0 0 0 1 0 0 0 0 0 0 0 0 0 0 0 1 0 0 0
images/seals/0316_468627695.jpg 1 0 0 1 0 0 0 0 1 0 0 0 0 0 1 0 0 0 0 1 0
images/cottage/0495_2733532210.jpg 0 0 0 0 1 1 0 0 0 0 1 0 0 0 0 0 0 0 0 0 0
images/grass/0523_1856266933.jpg 0 0 0 0 0 1 0 0 0 0 1 0 0 0 0 0 0 1 0 0 0
images/moose/0678_1235354039.jpg 1 0 0 0 0 1 0 0 0 0 0 0 0 0 0 0 0 0 0 0 0
images/empire_state/0295_2522174518.jpg 0 0 1 1 0 0 1 0 0 0 0 1 0 0 1 0 0 0 0 1 0
images/grassland/0204_390540348.jpg 0 0 0 1 0 1 0 0 0 0 1 0 0 0 1 0 0 0 0 0 0
images/petals/0534_1530698586.jpg 0 0 0 0 1 0 0 0 0 0 1 0 0 0 0 0 0 0 0 1 0
images/microphones/0078_103927812.jpg 0 0 0 0 0 0 0 0 0 0 0 0 1 0 0 0 0 0 0 0 0
images/airplane/0468_125103309.jpg 0 0 0 1 0 0 0 0 0 0 0 0 1 0 1 0 0 0 1 0 0
images/athlete/0444_2097129610.jpg 0 0 0 0 0 0 0 0 0 1 0 0 0 1 0 0 0 0 0 0 0
images/road_block/0079_484928624.jpg 0 0 0 0 0 0 0 0 0 0 0 0 1 0 0 0 0 0 0 0 0
images/clock_tower/0456_467386193.jpg 0 0 1 0 0 0 0 0 0 0 0 0 0 0 0 0 0 0 0 0 0
images/chapel/0431_248833390.jpg 0 0 1 1 0 0 0 0 0 0 0 0 0 0 1 0 0 0 0 0 1
images/castle/0272_302122743.jpg 0 0 1 0 0 0 0 0 0 0 0 0 0 0 1 0 0 0 0 0 1
images/valleys/0610_41726462.jpg 0 0 0 0 0 0 0 0 0 0 0 0 0 0 0 1 0 0 0 0 0
images/buildings/0316_501697729.jpg 0 0 1 1 0 0 0 0 0 0 0 0 1 0 0 0 0 0 0 0 0
images/cave/0596_2241386302.jpg 0 0 0 0 0 0 0 0 0 0 0 0 0 0 0 1 0 0 0 0 0
images/hut/0086_2524700917.jpg 0 0 0 1 0 1 0 1 0 0 0 0 0 0 1 0 0 1 0 0 0
images/peaks/0096_2684443344.jpg 0 0 0 1 0 0 0 1 0 0 0 0 0 0 1 0 0 0 0 0 0
images/fountain/0398_1287658785.jpg 0 0 0 0 0 0 0 0 0 0 0 0 0 0 0 0 0 0 0 1 0
images/dance/0043_200545788.jpg 0 0 0 0 0 0 0 0 0 1 0 0 0 0 0 0 0 0 0 0 0
images/meadow/0223_2439455292.jpg 0 0 0 0 1 1 0 0 0 0 1 0 0 0 0 0 0 0 0 0 0
images/castle/0048_2513715518.jpg 0 1 0 1 0 0 1 0 0 0 0 1 0 0 1 0 0 0 0 1 0
images/albatross/0331_145470440.jpg 1 0 0 1 0 0 0 0 0 0 0 0 0 0 1 0 0 0 0 0 0
images/arch/0227_2473176079.jpg 0 0 0 0 0 0 0 0 0 0 0 0 0 1 0 0 0 0 0 1 0
images/road_block/0203_93899358.jpg 0 0 1 0 0 0 0 0 0 0 0 0 1 0 0 0 0 0 0 0 1
images/vegetation/0419_224644579.jpg 0 0 0 1 0 0 0 0 0 0 1 0 0 0 1 0 1 0 0 0 0
images/angelfish/0017_118597174.jpg 1 0 0 0 0 0 0 0 0 0 0 0 0 0 0 0 0 0 0 0 0
images/horizon/0260_391402029.jpg 0 0 0 0 0 0 1 0 1 0 0 1 0 0 1 0 0 1 0 1 0
images/animal/0051_144531052.jpg 1 0 0 0 0 0 1 0 0 0 0 1 0 0 0 0 0 0 0 1 0
images/perch/0599_2515577536.jpg 1 0 0 0 1 0 0 0 0 0 0 0 0 0 0 0 0 0 0 0 0
images/beach/0286_143256525.jpg 0 1 0 1 0 0 0 0 1 1 0 0 0 0 0 0 0 0 0 0 0
images/tomb/0098_1892731754.jpg 0 0 0 0 0 0 0 0 0 0 0 0 0 0 1 0 0 0 0 0 0
images/hawaii/0408_2520440776.jpg 0 1 0 1 0 0 0 0 0 0 0 1 0 1 1 0 1 0 0 1 0
images/referees/0001_1791296114.jpg 0 0 0 0 0 1 0 0 0 0 0 0 0 0 0 0 0 0 0 0 0
images/restaurant/0296_2655787464.jpg 0 0 1 0 0 0 0 0 0 0 0 0 0 0 1 0 1 0 0 1 1
images/urban_scenes/0336_2230206298.jpg 0 0 1 0 0 0 0 0 0 0 0 0 1 0 1 0 0 0 0 0 1
images/tree/0556_441856577.jpg 0 0 0 1 0 0 0 0 0 0 1 1 0 0 1 0 1 1 0 1 0
images/house_of_worship/0582_2385063819.jpg 0 0 0 0 0 0 0 0 0 0 0 0 0 0 0 0 0 0 0 0 1
images/coral/0208_2417710537.jpg 0 1 0 1 0 0 0 0 1 0 0 0 0 0 1 0 0 0 0 1 0
images/run/0088_2445892837.jpg 1 0 0 1 0 1 0 0 0 0 1 0 0 0 1 0 0 0 0 0 0
images/road/0349_1359333006.jpg 0 0 0 1 0 0 0 0 0 0 1 0 1 0 1 0 1 0 0 0 0
images/stream/0424_162933013.jpg 0 0 0 0 0 0 0 0 0 0 1 0 0 1 0 0 0 0 0 1 0
images/fawn/0525_2444070550.jpg 1 0 0 0 0 0 0 0 0 0 0 0 0 0 0 0 0 0 0 0 0
images/harvest/0295_1394334573.jpg 0 0 0 1 0 0 0 1 0 0 1 0 0 0 1 0 0 0 0 0 0
images/golf/0255_954281716.jpg 0 0 0 0 0 0 0 0 0 0 0 0 0 0 0 0 0 0 0 0 1
images/barge/0027_2284765839.jpg 0 0 1 0 0 0 0 0 0 0 0 1 0 0 0 0 0 0 0 0 0
images/range/0391_2420040435.jpg 0 0 1 0 0 0 0 0 0 0 0 1 0 0 1 0 0 0 0 1 0
images/dress/0067_487028819.jpg 0 0 0 0 0 0 1 0 1 1 0 0 0 0 0 0 0 0 0 0 0
images/elephants/0426_2335822752.jpg 1 0 0 0 0 1 0 0 0 0 0 0 0 0 1 0 0 0 0 0 0
images/weather/0520_2303586410.jpg 0 0 0 1 0 0 1 0 0 0 0 0 0 0 1 0 0 0 0 1 0
images/pebbles/0362_2592964380.jpg 0 0 0 1 0 0 1 0 1 0 0 0 0 1 1 0 1 0 0 1 0
images/election_campaign/0275_32309054.jpg 0 0 0 0 0 0 0 0 0 1 0 0 0 0 0 0 0 0 0 0 0
images/cow/0335_517460396.jpg 1 0 0 0 0 1 0 0 0 0 0 0 0 0 1 0 0 0 0 0 0
images/fish/0251_8282458.jpg 0 0 0 0 0 0 0 0 1 0 0 0 0 0 0 0 0 0 0 0 0
images/f-16/0445_2091353337.jpg 0 0 0 1 0 0 0 1 0 0 0 0 0 1 1 0 0 0 0 0 0
images/gate/0297_2059188055.jpg 0 0 0 0 0 0 0 0 0 0 1 0 0 0 0 0 0 0 0 0 1
images/branch/0467_587696134.jpg 0 0 0 0 0 0 0 0 0 0 0 0 1 0 1 0 0 1 0 0 0
images/hills/0478_2368715884.jpg 0 0 0 0 0 1 0 0 0 0 1 0 0 0 1 0 0 0 0 0 0
images/carvings/0065_818930483.jpg 0 0 0 1 0 0 0 0 0 0 0 0 0 0 0 0 1 0 0 0 0
images/meadow/0432_2667564950.jpg 0 0 0 1 1 1 0 0 0 0 0 0 0 0 1 0 0 0 0 0 0
images/sunset/0051_2631137544.jpg 0 0 0 1 0 0 1 0 1 0 0 0 0 0 1 0 1 0 0 1 0
images/outdoor/0455_1890410937.jpg 0 1 0 1 0 0 0 0 0 0 1 0 0 0 1 0 1 0 0 0 0
images/sailboat/0577_1338361265.jpg 0 0 0 1 0 0 1 0 1 0 0 0 0 0 1 0 1 0 0 1 0
images/church/0420_473714861.jpg 0 0 0 0 0 0 0 0 0 0 0 0 0 0 1 0 0 0 0 0 0
images/grouper/0211_308054559.jpg 1 0 0 0 0 0 0 0 0 1 0 0 0 0 0 0 0 0 0 0 0
images/cabin/0452_2093840755.jpg 0 0 0 0 0 0 1 0 0 0 0 1 0 0 0 0 0 0 0 1 0
images/rowboat/0259_2573303937.jpg 0 0 0 1 0 0 1 0 0 0 0 1 0 0 0 0 1 0 0 1 0
images/fish/0214_2553156883.jpg 0 0 0 1 0 0 0 0 0 0 0 0 0 0 1 0 0 1 0 0 0
images/steeple/0505_43939706.jpg 0 0 1 0 0 0 0 0 0 0 0 0 0 0 0 0 0 0 0 0 0
images/driver/0091_69192112.jpg 0 0 0 0 0 0 0 0 0 1 0 0 0 0 0 0 0 0 0 0 0
images/windmills/0079_446001554.jpg 0 0 1 1 0 0 0 0 0 0 0 0 0 0 1 0 0 0 0 1 1
images/helicopter/0394_299113264.jpg 0 0 0 0 0 0 0 1 0 0 0 0 0 0 1 0 0 0 0 0 0
images/sailboats/0257_209026126.jpg 0 0 0 1 0 0 1 0 1 0 0 0 0 0 1 0 1 0 0 1 0
images/emergency_vehicles/0030_159732095.jpg 0 0 0 1 0 0 0 0 0 0 0 0 1 0 1 0 0 0 1 0 1
images/cathedral/0570_41144986.jpg 0 0 0 1 0 0 0 1 0 0 0 0 0 0 1 0 0 0 0 0 0
images/natural_disasters/0371_124058676.jpg 0 0 0 0 0 1 0 0 0 0 1 0 0 0 0 0 0 0 0 0 0
images/perch/0262_2048746724.jpg 0 0 0 0 0 0 0 0 0 1 0 0 0 0 0 0 0 0 0 1 0
images/flood/0291_2067623821.jpg 0 0 0 1 0 0 1 0 1 0 0 0 0 0 1 0 1 0 0 1 0
images/tables/0342_2529219618.jpg 0 0 0 0 0 0 0 0 0 0 1 0 0 0 0 0 0 1 0 0 0
images/monument/0248_2342556080.jpg 0 0 1 1 0 0 0 0 0 0 0 1 0 0 1 0 0 0 0 1 0
images/orchid/0014_165882336.jpg 0 0 0 0 1 0 0 0 0 0 1 0 0 0 0 0 0 0 0 0 0
images/rice/0264_2547023752.jpg 0 0 0 0 0 1 0 0 0 1 0 0 0 0 0 0 0 0 0 0 0
images/frozen/0493_2124372690.jpg 0 1 0 0 0 0 1 0 1 0 0 1 0 0 1 0 0 0 0 1 0
images/lake/0073_157791588.jpg 0 0 0 1 0 0 1 0 0 0 0 1 0 0 1 0 0 0 0 1 0
images/cottage/0227_473344086.jpg 0 1 0 1 0 0 0 0 1 0 0 0 0 1 1 0 0 0 0 1 0
images/walking/0055_88778660.jpg 1 0 0 0 0 0 0 0 0 1 0 0 0 0 0 0 0 0 0 0 0
images/herd/0395_152189576.jpg 1 0 0 1 0 1 0 0 0 0 1 0 0 0 1 0 0 0 0 0 0
images/rocks/0228_443487926.jpg 0 0 0 0 0 0 0 0 0 0 1 0 0 1 0 0 0 1 0 1 0
images/artillery/0581_2704888120.jpg 0 0 0 0 0 0 0 0 0 1 0 0 1 0 1 0 0 0 0 0 1
images/man/0391_422170201.jpg 0 0 0 0 0 0 0 0 0 1 0 0 1 0 1 0 0 0 0 0 0
images/car_crash/0479_55826162.jpg 0 0 0 0 0 0 0 0 0 0 0 0 0 0 0 0 0 0 1 0 1
images/outdoor/0491_2104246840.jpg 0 0 0 1 0 0 0 0 0 0 0 0 0 0 1 0 1 0 0 0 0
images/bengal/0450_2636865338.jpg 0 1 0 1 0 1 1 0 0 1 0 0 0 0 1 0 0 0 0 1 0
images/hillside/0384_2446307104.jpg 0 0 0 0 0 1 0 0 0 0 1 0 0 0 1 0 0 0 0 1 0
images/snake/0259_2084559340.jpg 0 0 0 1 0 0 0 0 0 0 0 0 0 0 1 0 1 0 0 0 0
images/cafe/0260_2726118495.jpg 0 0 0 0 1 1 0 0 0 0 1 0 0 0 0 0 0 0 0 0 0
images/fish/0363_2269684335.jpg 1 0 0 1 0 0 0 0 1 0 0 0 0 0 0 0 0 0 0 0 0
images/mist/0362_799199608.jpg 0 0 0 0 0 0 0 0 0 0 0 0 0 0 0 0 0 1 0 0 0
images/scotland/0414_403159504.jpg 0 0 0 0 0 1 0 0 0 0 0 1 0 1 1 0 0 0 0 1 0
images/whales/0274_252149633.jpg 1 0 0 1 0 0 1 0 1 0 0 0 0 0 1 0 0 0 0 0 0
images/phone_booths/0340_124264531.jpg 0 0 1 0 0 0 0 0 0 1 0 0 0 0 0 0 0 0 0 0 0
images/first_lady/0610_1099785504.jpg 0 0 0 0 0 0 0 0 0 1 0 0 0 0 0 0 0 0 0 0 0
images/reflection/0435_2589605396.jpg 0 0 0 1 0 0 1 0 0 0 0 0 0 0 1 0 0 0 0 1 0
images/sunny/0502_1860577658.jpg 0 0 0 0 1 0 0 0 0 0 1 0 0 0 1 0 0 0 0 0 0
images/apartments/0464_213470920.jpg 0 0 0 0 0 1 0 0 0 0 0 0 0 0 1 0 0 0 0 0 0
images/hill/0082_2419990759.jpg 0 0 0 1 0 0 0 0 0 0 0 0 0 0 1 0 1 0 0 0 0
images/light/0259_1688409628.jpg 0 0 0 0 0 0 0 1 0 0 0 0 1 0 1 0 0 0 0 0 0
images/swimming_pools/0592_504084499.jpg 0 0 0 0 0 0 0 0 0 0 0 0 0 1 0 0 0 0 0 1 0
images/hawaii/0371_2431631813.jpg 0 1 0 1 0 0 1 0 1 0 0 0 0 0 1 0 1 0 0 1 0
images/ships/0530_550999656.jpg 0 0 1 1 0 0 1 0 0 0 0 0 0 0 1 0 0 1 0 0 0
images/road/0095_71750505.jpg 0 0 0 0 0 0 0 0 0 0 1 0 1 0 0 1 0 0 0 0 0
images/bay/0340_455204266.jpg 0 0 0 1 0 0 1 0 1 0 0 0 0 0 1 0 1 0 0 1 0
images/booby/0022_1570662045.jpg 1 0 0 0 0 0 0 0 0 0 0 0 0 0 0 0 0 0 0 0 0
images/hut/0390_1730352472.jpg 0 0 0 0 0 1 0 0 0 0 1 1 0 0 0 0 0 0 0 1 0
images/islands/0482_2686255193.jpg 0 0 0 1 0 0 0 0 1 0 0 0 0 1 0 0 0 0 0 1 0
images/politicians/0338_2046391936.jpg 0 0 0 0 0 0 0 0 0 1 0 0 1 0 0 0 0 0 1 0 0
images/avalanche/0320_79930644.jpg 0 0 0 0 0 0 0 0 0 0 0 0 0 1 0 1 0 0 0 0 0
images/storms/0438_922004427.jpg 0 0 0 1 0 0 0 0 0 0 0 0 0 0 1 0 0 0 0 0 0
images/cliff/0260_2534933218.jpg 0 1 0 0 0 0 0 0 1 0 0 0 0 1 1 0 0 0 0 1 0
images/entertainment/0361_226727402.jpg 0 0 0 0 0 0 0 0 0 1 0 0 0 0 0 0 0 0 0 0 0
images/observation_tower/0544_463721449.jpg 0 0 1 0 0 0 0 0 0 0 0 0 1 0 1 0 0 0 0 0 0
images/slope/0459_444920972.jpg 0 0 0 1 0 1 0 0 0 1 1 0 0 0 1 0 0 0 0 0 0
images/lily/0490_2656492148.jpg 0 0 0 0 1 0 0 0 0 0 1 0 0 0 0 0 0 0 0 0 0
images/zoos/0560_491401769.jpg 1 0 0 0 0 1 0 0 0 0 0 0 0 0 0 0 0 0 0 0 0
images/cabin/0424_2446683601.jpg 0 0 0 1 0 1 0 1 0 0 1 0 0 0 0 0 0 0 0 0 0
images/oahu/0499_2462818681.jpg 0 0 0 0 0 0 0 0 0 0 0 0 0 0 0 0 1 0 0 1 0
images/waterfalls/0335_2335691254.jpg 0 0 0 0 0 1 1 1 0 0 0 0 0 0 0 0 0 0 0 1 0
images/storms/0205_476353546.jpg 0 1 0 1 0 0 1 0 1 0 0 0 0 1 1 0 0 0 0 1 0
images/hut/0488_413677062.jpg 0 0 1 0 0 0 0 0 0 0 0 1 0 0 1 0 0 0 0 1 0
images/saguaro/0507_1440739073.jpg 0 0 0 1 0 0 1 0 1 0 0 0 0 1 1 0 0 0 0 1 0
images/beach/0038_430357240.jpg 0 1 0 0 0 0 0 0 0 1 0 0 0 0 1 0 0 0 0 0 0
images/raft/0333_2306293309.jpg 0 0 0 0 0 0 0 0 0 1 0 1 0 0 1 0 0 0 0 1 0
images/military_base/0025_2706092.jpg 0 0 0 0 0 0 0 0 0 1 0 0 0 0 0 0 0 0 0 0 0
images/boats/0005_390069578.jpg 0 1 0 1 0 0 0 0 1 0 0 0 0 1 1 0 1 0 0 1 0
images/power_plant/0424_16773292.jpg 0 0 0 0 0 0 0 0 0 0 1 0 0 0 0 0 0 0 0 0 1
images/outside/0549_2565358254.jpg 0 0 0 0 0 0 0 0 0 1 0 0 0 0 0 0 0 0 0 0 1
images/office/0065_145541256.jpg 0 0 1 1 0 0 0 0 0 0 0 0 0 0 1 0 0 0 0 0 0
images/meeting/0267_2448756266.jpg 0 0 0 1 0 0 0 0 0 0 0 0 1 0 1 1 0 0 0 1 0
images/town/0572_1969777411.jpg 0 0 0 1 0 1 0 1 0 0 0 0 1 0 1 0 0 0 0 0 0
images/hawaii/0412_2563309326.jpg 0 0 0 0 1 0 0 0 0 0 1 0 0 0 0 0 0 0 0 0 0
images/donkeys/0098_2537904895.jpg 1 0 0 0 0 0 0 0 0 0 0 0 0 0 1 0 0 0 0 0 0
images/mural/0544_2234592523.jpg 0 0 0 1 0 0 0 0 0 0 0 0 1 0 1 0 0 0 0 0 0
images/city/0299_218981789.jpg 0 0 0 0 0 0 0 1 0 0 0 1 0 1 1 0 0 0 0 0 0
images/mountain/0552_1796372777.jpg 0 0 0 1 0 0 0 1 0 0 0 0 0 0 1 1 0 0 0 0 0
images/mosques/0648_2299302807.jpg 0 1 0 1 0 0 1 0 0 0 0 1 0 0 1 0 0 0 0 1 0
images/rowboat/0038_2434494555.jpg 0 0 0 0 0 0 0 0 0 0 0 0 0 0 0 1 1 0 0 0 0
images/boy/0367_1141353904.jpg 0 0 0 1 0 0 0 0 0 1 0 0 0 0 1 0 0 0 0 0 0
images/branch/0258_2134358289.jpg 0 0 0 1 0 0 1 0 0 0 0 1 0 0 1 0 0 0 0 1 0
images/buildings/0536_2393183454.jpg 0 0 0 1 0 1 1 0 0 0 0 1 0 0 1 0 0 0 0 1 0
images/dancing/0399_256491794.jpg 0 0 0 1 0 0 0 0 0 0 0 0 0 0 1 0 1 0 0 0 0
images/emergency_vehicles/0073_2251894993.jpg 0 0 1 0 0 0 0 0 0 0 0 0 1 0 0 0 0 0 1 0 0
images/white-tailed/0325_162092929.jpg 1 0 0 0 0 1 0 0 0 0 0 0 0 0 0 0 0 0 0 0 0
images/cruise_liner/0669_1016226460.jpg 0 0 1 1 0 0 0 0 0 0 0 0 0 0 1 0 0 0 0 0 0
images/vegetation/0587_330827424.jpg 0 0 0 0 0 0 0 0 0 0 0 0 0 0 0 0 0 0 0 1 0
images/marsh/0472_117188255.jpg 0 0 0 1 0 1 1 0 0 0 0 1 0 0 1 0 1 0 0 1 0
images/pavilions/0409_370440651.jpg 0 0 1 0 0 0 0 0 0 1 0 1 0 0 0 0 0 0 0 0 1
images/building/0253_2318445884.jpg 0 0 0 0 0 0 0 0 0 0 0 0 0 0 0 0 0 0 0 0 1
images/airport/0231_309820990.jpg 0 0 0 1 0 0 0 0 0 0 0 0 0 0 1 0 0 0 0 0 0
images/tiger/0363_571939097.jpg 1 0 0 0 0 0 0 0 0 0 0 0 0 0 0 0 0 0 0 0 0
images/beach/0509_2541499438.jpg 0 1 0 1 0 0 0 0 1 0 0 0 0 0 1 0 1 0 0 1 0
images/waterways/0484_2589478399.jpg 0 0 0 0 0 1 1 0 0 0 0 1 0 0 0 0 0 0 0 0 1
images/horses/0473_2572215807.jpg 1 0 0 0 0 0 0 0 0 0 0 0 0 0 0 0 0 0 0 0 0
images/herd/0555_2120657930.jpg 1 0 0 1 0 0 0 1 0 1 0 0 1 0 1 0 0 0 0 0 0
images/hawaii/0556_255454475.jpg 0 0 0 0 1 0 0 0 0 0 1 0 0 0 0 0 0 0 0 0 0
images/basketball/0306_572469682.jpg 0 0 0 0 0 0 0 0 0 1 0 0 0 0 0 0 0 0 0 0 0
images/amusement_park/0469_2547950483.jpg 0 0 0 1 0 0 0 0 0 0 0 0 0 0 1 0 0 1 0 0 0
images/pond/0048_486437388.jpg 0 0 0 0 0 0 1 0 0 0 0 1 0 0 1 0 1 0 0 1 0
images/sponges/0036_1629219897.jpg 0 0 0 0 0 0 0 0 1 0 0 0 0 0 0 0 0 0 0 0 0
images/mushrooms/0511_1721838314.jpg 0 0 0 0 0 1 0 0 0 0 1 0 0 0 0 0 0 0 0 0 0
images/wolf/0599_2693382930.jpg 1 0 0 0 0 1 0 0 0 0 0 0 0 0 0 0 0 0 0 0 0
images/animal/0274_383668233.jpg 1 0 0 0 0 0 0 0 0 0 0 1 0 0 0 0 0 0 0 1 0
images/tulip/0221_458459866.jpg 0 0 0 0 1 0 0 0 0 0 0 0 0 0 0 0 0 0 0 0 0
images/restaurant/0603_2662949289.jpg 0 0 0 1 0 0 1 0 1 0 0 0 0 0 1 0 0 0 0 1 0
images/bush/0397_541904535.jpg 0 0 0 0 1 0 0 0 0 0 1 0 0 0 0 0 0 0 0 0 0
images/aircraft_carrier/0293_1055910809.jpg 0 0 0 0 0 0 0 0 0 0 0 0 0 0 0 0 0 0 1 1 0
images/poppies/0328_2631644371.jpg 0 0 0 0 1 1 0 0 0 0 1 0 0 0 0 0 0 0 0 0 0
images/giraffe/0347_248170419.jpg 1 0 0 0 0 0 0 0 0 0 0 0 0 0 0 0 0 0 0 0 0
images/flags/0030_2377838777.jpg 0 0 0 1 1 1 0 0 0 0 0 0 0 0 1 0 0 0 0 0 0
images/lake/0688_146060667.jpg 0 0 0 0 0 0 1 1 1 0 0 0 0 0 1 0 1 0 0 1 0
images/clock_tower/0312_2396316418.jpg 0 0 1 1 0 0 0 0 0 0 0 0 0 0 1 0 0 0 0 0 0
images/river/0527_63206723.jpg 0 0 0 1 0 0 1 0 0 0 0 1 0 0 1 0 0 0 0 1 0
images/officers/0517_2488768920.jpg 0 0 0 0 0 0 0 0 0 1 0 0 0 0 0 0 0 0 0 0 0
images/blooms/0384_2300214088.jpg 0 0 0 0 1 0 0 0 0 0 0 0 0 0 0 0 0 0 0 0 0
images/oceans/0320_90532464.jpg 1 0 0 0 0 0 0 0 0 0 0 0 0 0 0 1 0 0 0 0 0
images/smoke/0590_360390683.jpg 0 0 0 1 0 0 0 0 0 0 0 0 0 0 1 0 0 1 0 0 0
images/mountain/0085_536889438.jpg 0 0 0 1 0 1 0 1 0 0 1 0 1 0 1 0 0 0 0 0 0
images/leopard/0264_2098255112.jpg 1 0 0 0 0 0 0 0 0 0 0 0 0 0 1 0 0 0 0 0 0
images/moss/0093_303369845.jpg 0 0 0 0 0 0 0 0 0 0 0 0 0 1 0 0 0 0 0 1 0
images/dress/0262_2575341912.jpg 0 1 0 1 0 0 0 0 0 1 0 0 0 0 1 0 1 0 0 1 0
images/arctic/0094_245846133.jpg 0 0 0 1 0 0 1 0 1 0 0 0 0 0 1 0 1 0 0 1 0
images/tanker/0424_1363960984.jpg 0 0 0 0 0 0 0 0 0 0 0 0 1 0 0 0 0 0 1 0 1
images/grassland/0028_2149169348.jpg 0 0 0 1 0 1 0 0 0 0 1 0 0 0 1 0 0 1 0 0 0
images/urban_scenes/0497_1425079264.jpg 0 0 1 1 0 0 0 0 0 0 0 0 0 0 1 0 0 0 0 1 0
images/canoe/0428_374022788.jpg 0 0 0 1 0 0 1 0 0 0 0 0 0 0 0 0 0 0 0 0 0
images/dock/0062_2405708014.jpg 0 0 0 0 0 1 1 0 0 1 0 0 0 0 0 0 0 0 0 1 0
images/giraffe/0034_248082832.jpg 1 0 0 1 0 0 0 0 0 0 0 0 0 0 1 0 1 0 0 0 0
images/bulls/0595_87407949.jpg 1 0 0 0 0 0 0 0 0 0 0 0 0 0 0 0 0 0 0 1 0
images/windmills/0226_2393656974.jpg 0 0 0 1 0 1 0 0 0 0 0 0 0 0 1 0 0 0 0 0 1
images/hospital/0050_2076528856.jpg 0 0 0 1 0 0 0 1 0 0 0 0 0 0 1 0 0 0 0 1 0
images/urban_park/0069_311778332.jpg 0 0 1 1 0 0 0 0 0 0 0 0 0 0 1 0 0 0 0 0 0
images/shell/0254_1919014151.jpg 0 1 0 0 0 0 0 0 0 0 0 0 0 0 0 0 0 0 0 0 0
images/tony_blair/0564_641052580.jpg 0 0 1 0 0 0 0 0 0 0 0 0 1 0 1 0 0 0 0 0 0
images/group/0321_1456561807.jpg 0 0 0 0 1 0 0 0 0 0 1 0 0 0 0 0 0 0 0 0 0
images/motorcycle/0040_185010846.jpg 0 0 0 0 0 0 0 0 0 1 0 0 1 0 0 0 0 0 1 0 0
images/oceans/0517_2536159550.jpg 0 0 0 1 0 0 0 1 1 0 0 0 0 0 1 0 0 0 0 0 0
images/sailboats/0249_2455648017.jpg 0 0 0 1 0 0 1 0 1 0 0 0 0 0 1 0 0 0 0 1 0
images/theater/0301_315185949.jpg 0 0 1 0 0 0 0 0 0 0 0 0 0 0 1 0 0 0 0 0 0
images/ice/0365_361359488.jpg 0 0 0 0 0 0 0 0 0 0 1 0 1 0 0 0 0 0 0 0 0
images/deer/0274_2201011870.jpg 1 0 0 0 0 0 0 0 0 0 0 0 0 0 0 1 0 0 0 0 0
images/embassy/0537_123767618.jpg 0 0 0 0 0 0 0 0 0 1 0 0 0 0 0 0 0 0 0 0 0
images/island/0106_238197663.jpg 0 1 0 0 0 0 0 0 1 0 0 0 0 0 0 0 0 0 0 1 0
images/wall/0573_53618594.jpg 0 0 1 0 0 0 0 0 0 0 0 0 0 0 1 0 0 0 0 0 0
images/river_bank/0044_2499387434.jpg 0 0 0 1 0 0 1 0 0 0 0 1 0 0 1 0 0 0 0 1 0
images/courthouse/0291_1161800447.jpg 0 0 0 0 0 0 0 0 0 0 0 0 1 0 1 0 0 0 1 0 0
images/submarine/0632_1130008623.jpg 0 0 0 0 0 0 0 0 1 0 0 0 0 0 1 0 0 0 0 1 0
images/talking/0440_1717349155.jpg 0 0 0 0 0 0 0 0 0 1 0 0 1 0 0 0 0 0 0 0 0
images/pole/0470_1132158282.jpg 1 0 0 0 0 0 0 0 0 0 0 0 0 0 1 0 0 0 0 0 0
images/hospital/0057_2159030128.jpg 0 0 0 1 0 0 0 1 0 0 0 0 0 0 1 1 0 0 0 1 0
images/sailboat/0586_471023579.jpg 0 0 0 0 0 0 0 0 0 0 1 0 0 0 1 1 0 1 0 1 0
images/poppies/0483_2567512780.jpg 0 0 0 1 1 0 0 0 0 0 0 0 0 0 1 0 0 0 0 0 0
images/ground/0592_2299711686.jpg 0 0 0 0 0 1 0 0 0 0 1 0 0 0 0 0 0 0 0 1 0
images/balloons/0206_128579923.jpg 0 0 1 0 0 0 0 0 0 0 0 0 0 0 0 0 0 0 0 0 0
images/orchid/0323_2280048555.jpg 0 0 0 1 1 0 0 0 0 0 1 0 0 0 0 0 0 0 0 1 0
images/bridge/0536_489609841.jpg 0 0 1 1 0 0 1 0 0 0 0 0 0 0 0 0 0 0 0 0 0
images/trunk/0563_2237590088.jpg 0 0 0 0 0 0 0 0 0 0 1 0 0 0 1 0 0 1 0 0 0
images/military_base/0416_2388983813.jpg 0 0 1 1 0 1 0 0 0 0 0 0 0 0 1 0 0 0 0 0 0
images/glacier/0018_543996011.jpg 0 0 0 0 0 0 0 1 0 0 0 0 0 0 1 1 0 0 0 0 0
images/valley/0343_2255732825.jpg 0 0 0 1 0 1 0 1 0 0 1 0 0 0 1 0 0 0 0 0 0
images/arctic/0569_54095154.jpg 0 0 0 1 0 0 0 0 0 0 0 1 0 0 1 0 0 0 0 1 0
images/greeting/0309_2216400976.jpg 0 0 0 0 1 0 0 0 0 0 0 0 0 0 0 0 0 0 0 0 0
images/plain/0540_297327634.jpg 0 0 0 1 0 1 0 0 0 0 0 0 0 0 1 0 0 0 0 0 0
images/sailboats/0405_522360890.jpg 0 0 0 1 0 0 1 0 1 0 0 0 0 0 1 0 0 0 1 1 0
images/grizzly/0085_2105742759.jpg 1 0 0 0 0 0 0 0 0 0 0 0 0 0 0 1 0 0 0 0 0
images/office_building/0469_928086333.jpg 0 0 1 1 0 0 0 0 0 0 0 0 1 0 1 0 0 0 0 0 0
images/light/0007_270579032.jpg 0 0 0 0 0 1 0 0 0 0 1 0 0 0 0 0 0 1 0 0 0
images/emergency_vehicles/0185_2598526665.jpg 0 0 0 0 0 0 0 0 0 0 0 0 1 0 0 0 0 0 0 0 1
images/john_kerry/0247_2494370693.jpg 0 0 0 0 0 0 0 0 0 1 0 0 0 0 0 0 0 0 0 0 0
images/fence/0038_116478161.jpg 0 0 0 1 0 0 0 0 0 0 0 0 0 0 1 0 1 0 0 0 0
images/grassland/0438_2556517455.jpg 0 0 0 1 0 1 0 1 0 0 1 0 0 0 1 0 0 0 0 0 0
images/adult/0083_2124301694.jpg 0 0 0 0 0 0 0 0 0 1 0 0 0 0 0 0 0 0 0 0 0
images/figures/0207_2269290639.jpg 0 0 0 0 0 0 0 0 0 1 0 0 0 0 1 0 1 0 0 0 0
images/actor/0435_522150101.jpg 0 1 0 1 0 0 1 0 1 0 0 0 0 0 1 0 0 0 0 1 0
images/car_crash/0480_2254208690.jpg 0 0 0 1 0 0 0 0 0 0 0 0 0 0 0 0 0 0 0 0 0
images/construction_site/0215_211228388.jpg 0 0 0 1 0 0 0 0 0 0 0 0 0 0 1 0 0 0 0 0 0
images/porches/0337_1455703082.jpg 0 0 1 0 0 0 0 0 0 0 0 0 0 0 1 0 0 0 1 0 0
images/lake/0388_273846891.jpg 0 1 0 0 0 0 1 0 0 0 0 1 0 0 1 0 0 0 0 1 0
images/boats/0587_1261005883.jpg 0 1 0 1 0 0 1 0 0 0 1 0 0 1 1 0 0 0 0 1 0
images/sidewalks/0424_354376300.jpg 0 0 0 0 0 0 0 0 0 0 0 0 0 0 0 1 0 0 0 0 0
images/glacier/0457_2721409691.jpg 0 0 0 0 0 0 1 1 0 0 0 0 0 1 1 0 0 0 0 1 0
images/road_block/0528_2386748430.jpg 0 1 0 0 0 0 0 0 0 1 0 1 1 0 1 0 0 0 0 1 0
images/castle/0032_283738266.jpg 0 0 1 0 0 0 0 0 0 0 0 0 0 1 0 0 0 0 0 0 0
images/pups/0463_2059585501.jpg 1 0 0 0 0 0 0 0 0 0 0 0 0 0 0 1 0 0 0 0 0
images/bicycles/0546_164890274.jpg 0 0 1 0 0 0 0 0 0 1 0 0 0 0 0 0 0 0 0 0 0
images/diver/0251_439780725.jpg 0 0 0 0 0 0 0 0 1 0 0 0 0 0 0 0 0 0 0 1 0
images/poppies/0460_860894078.jpg 0 0 0 0 1 0 0 0 0 0 1 0 0 0 0 0 0 0 0 0 0
images/pebbles/0056_2080853747.jpg 0 1 0 1 0 0 1 0 1 0 0 0 0 1 1 0 1 0 0 1 0
images/vegetation/0252_342701849.jpg 0 0 0 0 1 0 0 0 0 0 1 0 0 0 0 0 0 0 0 0 0
images/earthquake/0392_2926862.jpg 0 0 1 0 0 0 0 0 0 0 0 0 0 0 0 0 0 0 0 0 0
images/pond/0260_9055354.jpg 0 0 0 0 1 0 0 0 0 0 0 0 0 0 0 0 0 0 0 0 0
images/remains/0024_2329196431.jpg 0 0 0 0 0 1 0 0 0 0 0 0 0 0 1 1 0 0 0 0 0
images/squirrel/0090_2548933395.jpg 1 0 0 0 0 1 0 0 0 0 0 0 0 0 0 0 0 0 0 0 0
images/dust/0091_2460692768.jpg 0 0 0 0 0 0 0 0 0 0 0 0 1 0 0 0 0 0 0 0 0
images/shooting/0033_377871839.jpg 0 0 0 0 0 0 0 0 0 0 0 0 0 0 1 0 0 0 0 0 0
images/flood/0572_2283407542.jpg 0 0 0 0 0 0 0 0 0 1 0 0 0 0 0 0 0 0 0 1 0
images/costume/0546_947698147.jpg 0 0 0 0 0 0 0 0 0 1 0 0 0 0 0 0 0 0 0 0 0
images/porches/0476_121460211.jpg 0 0 1 0 0 0 0 0 0 0 0 0 0 0 1 0 0 0 0 0 1
images/tugboat/0264_80789560.jpg 0 0 0 1 0 0 1 0 0 0 0 0 0 0 1 0 0 0 0 1 0
images/shooting/0460_2279730522.jpg 0 0 0 0 0 0 0 0 0 0 0 0 1 0 0 0 0 0 0 0 0
images/iguana/0598_1049886852.jpg 1 0 0 0 0 0 0 0 0 0 0 0 0 0 0 0 0 0 0 0 0
images/formula/0614_362559169.jpg 0 0 0 0 0 0 0 0 0 0 0 0 0 0 0 0 0 0 1 0 0
images/lily/0411_2224147402.jpg 0 0 0 0 1 0 0 0 0 0 1 0 0 0 0 0 0 0 0 0 0
images/aircraft_carrier/0509_143911029.jpg 0 0 0 1 0 0 0 0 0 0 0 0 0 0 1 0 0 0 0 0 1
images/tugboat/0473_75460351.jpg 0 0 0 1 0 0 0 0 0 0 0 0 0 0 1 0 1 0 0 1 0
images/court/0100_162736136.jpg 0 0 0 0 0 0 0 0 0 1 0 0 0 0 1 0 0 0 0 0 0
images/aerial/0427_2247789887.jpg 0 0 0 1 0 0 1 0 1 0 0 0 0 0 1 0 0 0 0 1 0
images/frozen/0573_379877498.jpg 0 0 0 1 0 0 0 0 0 0 0 0 0 0 1 1 0 0 0 0 0
images/frost/0010_8093369.jpg 0 0 0 1 0 0 1 0 1 0 0 0 0 0 1 1 0 0 0 1 0
images/windy/0593_2757483844.jpg 0 0 0 1 0 0 0 0 0 0 0 0 0 0 1 0 0 1 0 0 0
images/hill/0325_368826711.jpg 0 0 0 1 0 0 1 0 0 0 0 1 0 0 1 0 0 0 0 1 0
images/stick/0220_2387633387.jpg 0 0 0 1 0 0 1 0 1 1 0 0 0 0 1 0 1 0 0 1 0
images/police/0349_24746196.jpg 0 0 0 0 0 0 0 0 0 1 0 0 0 0 0 0 0 0 0 0 0
images/moose/0672_2534236925.jpg 0 0 0 1 0 1 1 1 0 0 0 1 0 1 1 0 0 0 0 1 0
images/car/0521_2689944599.jpg 0 0 0 1 0 0 0 0 0 0 0 0 0 0 1 0 0 0 1 0 0
images/autumn/0511_271503102.jpg 0 0 0 1 0 0 0 0 0 0 1 0 0 0 1 0 1 0 0 0 0
images/cooling_tower/0426_165475116.jpg 0 0 1 1 0 0 0 0 0 0 0 0 1 0 1 0 0 0 0 0 0
images/ships/0029_2128557371.jpg 0 0 0 1 0 0 0 0 0 0 0 0 0 0 1 0 0 0 0 1 0
images/avalanche/0402_2698572767.jpg 0 0 0 0 0 0 0 0 0 0 0 0 0 0 0 1 0 0 0 0 0
images/polar/0210_2346625304.jpg 0 0 0 1 0 0 1 0 1 0 0 1 0 0 1 0 1 1 0 1 0
images/rockface/0219_2204021765.jpg 0 0 0 1 0 1 0 0 0 0 0 0 0 1 1 0 0 0 0 0 0
images/farms/0303_311498802.jpg 0 0 0 1 0 0 0 0 0 0 0 0 0 0 0 0 0 0 0 0 1
images/cart_path/0018_164918158.jpg 0 0 0 0 0 0 0 0 0 0 0 0 0 1 0 0 0 0 0 0 0
images/moose/0469_1402676430.jpg 1 0 0 0 0 1 0 0 0 0 0 0 0 0 0 0 0 0 0 0 0
images/sunglasses/0084_2376593267.jpg 0 0 0 0 0 0 0 0 0 1 0 0 0 0 0 0 0 0 0 0 0
images/clearing/0427_2516230512.jpg 0 0 0 1 0 0 0 1 0 0 0 0 0 0 1 0 0 0 0 0 0
images/zebra/0421_2689747290.jpg 0 0 0 0 0 0 0 0 1 0 0 0 1 0 0 0 0 0 0 0 0
images/balloons/0522_2369108320.jpg 0 0 0 0 0 0 0 0 0 1 0 0 1 0 0 0 0 0 0 0 0
images/scotland/0465_2395856439.jpg 0 0 0 1 0 1 0 1 1 0 0 0 0 1 1 0 0 0 0 1 0
images/fountain/0557_2598259747.jpg 0 0 1 1 0 0 1 0 0 0 0 0 0 0 1 0 0 0 0 1 0
images/camera/0377_2192412382.jpg 0 0 1 0 0 0 0 0 1 0 0 0 0 0 0 0 0 0 0 1 0
images/canyon/0083_286446386.jpg 0 0 0 1 0 0 0 0 0 0 0 0 1 0 1 0 0 0 0 0 0
images/alley/0440_1385707003.jpg 0 0 0 0 0 0 0 0 0 1 0 0 0 0 0 0 0 0 0 0 1
images/avalanche/0526_121720490.jpg 0 0 0 0 0 0 0 0 0 0 0 0 0 0 0 1 0 0 0 0 0
images/valleys/0327_1871927879.jpg 0 0 1 1 0 0 0 0 0 0 0 0 0 0 0 0 0 0 0 0 1
images/shrine/0026_181467335.jpg 0 0 1 0 0 0 0 0 0 0 0 0 0 0 1 0 0 0 0 0 0
images/tanker/0395_829258152.jpg 0 0 0 1 0 0 0 0 0 0 0 0 0 0 1 0 0 0 0 1 0
images/tunnel/0300_1380454001.jpg 0 0 0 0 0 0 0 0 1 1 0 0 1 0 0 0 0 0 0 0 0
images/range/0034_2201845826.jpg 0 0 0 1 0 0 0 0 1 0 0 0 0 1 1 0 0 0 0 0 0
images/sign/0459_2351222809.jpg 0 0 0 0 1 0 0 0 0 0 1 0 0 0 0 0 0 0 0 0 0
images/grassland/0349_285822076.jpg 0 0 0 0 0 1 0 0 0 1 0 0 0 0 1 0 0 0 0 0 0
images/tusks/0059_2633675363.jpg 1 0 0 0 0 0 0 0 0 0 0 0 0 0 0 0 0 0 0 0 0
images/photographers/0452_2387570297.jpg 0 0 0 0 0 0 0 0 0 1 0 0 0 0 0 0 0 0 0 0 0
images/meeting/0301_2564276804.jpg 0 0 0 0 1 1 0 0 0 0 1 0 0 0 0 0 0 0 0 0 0
images/wind_powerplant/0077_1374136087.jpg 0 0 0 1 0 0 0 0 0 0 0 0 0 0 1 0 0 0 0 0 0
images/hotel/0476_2559858523.jpg 0 1 0 1 0 0 1 0 1 0 0 0 0 0 1 0 0 0 0 1 0
images/fence/0314_523066229.jpg 1 0 0 0 0 1 0 0 0 0 0 0 0 0 0 0 0 0 0 0 0
images/actor/0346_2396432738.jpg 0 0 0 0 0 0 0 0 0 1 0 0 1 0 0 0 0 0 0 0 0
images/storms/0303_2357145242.jpg 0 0 0 1 0 0 0 0 0 0 0 0 0 0 1 0 0 0 0 0 0
images/skiing/0208_115107707.jpg 0 0 0 1 0 0 0 1 0 0 0 0 0 0 1 1 0 0 0 0 0
images/hawaii/0464_2220186218.jpg 0 0 0 1 0 0 1 0 1 0 0 0 0 0 1 0 0 0 0 1 0
images/un_building/0280_814508574.jpg 0 0 1 1 0 0 0 0 0 0 0 0 1 0 1 0 0 0 1 1 0
images/cul-de-sac/0254_3934322.jpg 0 0 0 1 0 0 0 0 0 0 0 0 0 0 1 1 0 0 0 0 0
images/swimming_pools/0257_280391102.jpg 0 1 0 1 0 0 1 0 1 0 0 0 0 0 1 0 0 0 0 1 0
images/outer_space/0223_287182284.jpg 0 0 0 1 0 0 0 0 1 0 0 0 0 1 1 0 0 0 0 1 0
images/village/0432_2201964695.jpg 0 0 1 1 0 1 0 0 0 0 1 0 1 0 0 0 0 0 0 0 1
images/perch/0244_2675796875.jpg 1 0 0 0 0 0 0 0 0 0 0 0 0 0 0 0 0 0 0 0 0
images/car/0500_210238400.jpg 0 0 0 0 0 0 0 0 0 0 0 0 1 0 0 0 0 0 1 0 0
images/grass/0202_115305184.jpg 0 0 0 1 0 1 0 0 0 0 1 0 0 0 1 0 0 1 0 0 0
images/walking/0271_348326608.jpg 0 0 0 1 0 0 0 1 0 0 0 0 0 0 1 0 0 0 0 0 0
images/bridges/0203_496695427.jpg 0 0 0 1 0 0 1 0 1 0 0 0 0 0 1 0 0 0 0 1 0
images/sails/0052_199748416.jpg 0 1 0 0 0 0 1 0 0 0 0 1 0 0 0 0 0 0 0 1 0
images/arctic/0220_1858750661.jpg 0 0 0 1 0 0 1 1 0 0 0 0 0 0 1 0 0 0 0 0 0
images/hotel/0373_806140516.jpg 0 0 1 0 0 0 0 0 0 0 0 0 0 0 1 0 0 0 0 1 1
images/palace/0565_102163444.jpg 0 0 1 0 0 0 0 0 0 0 0 0 0 0 0 1 0 0 0 0 1
images/shell/0225_134807686.jpg 0 1 0 0 0 0 0 0 0 0 0 0 0 0 0 0 0 0 0 1 0
images/golf_course/0354_2117845875.jpg 0 0 0 0 0 0 0 0 0 0 0 0 0 0 0 1 0 1 0 0 0
images/ship/0548_2568594788.jpg 0 0 0 0 0 1 1 0 0 0 0 1 0 0 1 0 0 0 0 1 0
images/river_bank/0218_1985992733.jpg 0 0 0 1 0 0 1 0 0 0 0 1 0 0 1 0 0 0 0 0 0
images/swimmers/0456_120957078.jpg 0 0 0 0 0 0 0 0 1 1 0 0 0 1 0 0 0 0 0 1 0
images/locomotive/0299_1388608611.jpg 0 0 0 0 0 1 0 0 0 0 0 0 0 0 1 0 0 0 1 0 0
images/rowboat/0321_2296675394.jpg 0 0 0 0 0 0 0 0 0 0 0 1 0 0 0 0 0 0 0 1 0
images/arch/0406_100662380.jpg 0 0 0 1 0 1 1 1 1 0 0 0 0 1 1 0 0 0 0 1 0
images/hut/0485_538728741.jpg 0 1 0 1 0 0 0 0 0 0 0 0 0 0 1 0 0 0 0 0 0
images/car/0289_2055935553.jpg 0 0 0 1 0 0 0 0 0 0 0 0 1 0 0 0 0 0 1 0 0
images/buddha/0552_2268203617.jpg 0 0 1 1 0 0 1 0 1 0 0 1 0 0 0 0 1 0 0 1 0
images/alley/0311_272884555.jpg 0 0 0 0 0 1 0 0 0 0 0 0 1 0 0 0 0 1 0 0 0
images/swimming_pools/0208_278078073.jpg 0 1 0 1 0 0 0 0 1 0 0 0 0 0 0 0 0 0 0 1 0
images/park/0689_457406224.jpg 1 0 0 0 1 0 0 0 0 0 1 0 0 0 0 0 0 0 0 0 0
images/harvest/0353_254101943.jpg 0 1 0 0 0 0 0 0 1 0 0 0 0 0 1 0 0 0 0 1 0
images/rockface/0010_1684043626.jpg 0 0 0 1 0 0 1 1 0 0 0 0 0 1 1 1 0 0 0 1 0
images/arch/0539_2539463018.jpg 0 0 0 0 0 0 0 0 0 0 0 0 0 0 0 0 0 0 0 0 1
images/boats/0495_145145767.jpg 0 1 0 1 0 0 0 0 0 0 0 0 0 0 1 0 0 0 0 0 0
images/parade/0322_1346151715.jpg 0 0 0 1 1 0 0 0 0 0 0 0 0 0 1 0 0 0 0 0 0
images/garden/0285_314726164.jpg 0 0 0 0 0 0 0 0 0 0 0 0 0 0 0 0 0 1 0 1 0
images/goat/0378_457842966.jpg 1 0 0 0 0 0 0 0 0 0 0 0 0 0 0 0 0 0 0 0 0
images/coral/0372_352737666.jpg 0 0 0 1 0 0 1 0 1 0 0 0 0 0 1 0 0 0 0 1 0
images/herd/0543_346633161.jpg 0 0 0 1 0 0 0 0 0 0 0 0 0 0 1 0 0 0 0 0 0
images/mountain/0066_152738265.jpg 0 0 0 0 0 0 0 1 0 0 1 0 0 0 1 0 0 0 0 0 0
images/vehicle/0478_2152295977.jpg 0 0 0 0 0 0 0 0 0 0 0 0 0 0 0 1 0 0 1 0 1
images/cars/0589_380893593.jpg 0 0 0 0 0 0 0 0 0 0 0 0 0 0 0 0 0 0 1 0 0
images/coast/0431_460015561.jpg 0 1 0 0 0 0 0 0 1 0 0 0 0 0 0 0 0 0 0 1 0
images/shade/0301_1262772852.jpg 0 0 0 0 0 0 0 0 0 0 0 0 0 0 1 0 0 0 0 0 0
images/coral/0079_2122733942.jpg 1 0 0 0 0 0 0 0 1 0 0 0 0 0 0 0 0 0 0 1 0
images/reporters/0457_263663690.jpg 0 0 0 0 0 0 0 0 0 1 0 0 0 0 0 0 0 0 0 0 0
images/golf_course/0574_369661769.jpg 0 0 0 0 0 1 0 0 0 0 1 0 0 0 1 0 0 1 0 0 0
images/freighter/0419_247080344.jpg 0 0 0 1 0 1 0 0 0 0 0 0 0 0 1 0 1 0 0 1 0
images/frost/0510_2127964714.jpg 1 0 0 0 0 1 0 0 0 0 0 0 0 0 0 0 0 0 0 0 0
images/entrance/0336_2314969289.jpg 0 0 0 1 0 0 0 0 0 0 0 1 0 0 1 0 1 0 0 1 0
images/palace/0334_2039874101.jpg 0 0 0 0 0 0 0 0 0 0 0 0 0 0 1 0 0 1 0 0 0
images/boats/0063_172940454.jpg 0 0 0 0 0 0 1 0 1 0 0 0 0 0 1 0 1 0 1 1 0
images/officers/0205_2526134805.jpg 0 0 0 0 0 0 0 0 0 1 0 0 0 0 0 0 0 0 1 0 0
images/antlers/0258_127266063.jpg 1 0 0 1 0 0 0 0 0 0 0 0 0 0 0 0 1 0 0 0 0
images/horse/0285_2137529059.jpg 1 0 0 0 0 0 0 0 0 1 0 0 0 0 0 0 0 0 0 0 0
images/animals/0580_2075649049.jpg 1 0 0 1 0 0 0 0 0 0 0 0 0 0 1 0 0 0 0 0 0
images/hills/0548_2712252180.jpg 0 0 0 1 0 1 0 0 0 0 1 0 0 0 0 0 0 0 0 0 0
images/monks/0311_229411950.jpg 0 0 0 1 0 1 1 0 1 0 0 0 0 1 1 0 0 0 0 1 0
images/barn/0221_964283327.jpg 0 0 0 0 0 0 0 0 0 1 0 0 0 0 0 0 0 0 0 0 1
images/graveyard/0568_8741460.jpg 0 0 0 0 0 1 0 0 0 0 0 0 0 1 0 0 0 0 0 0 0
images/palm/0517_400469694.jpg 0 1 0 1 0 0 0 0 0 0 0 0 0 0 1 0 0 0 0 1 0
images/highway/0406_338221661.jpg 0 0 0 0 0 0 0 0 0 0 0 0 1 0 0 0 0 0 0 0 0
images/wood/0588_2400404561.jpg 0 0 0 0 0 1 0 0 0 0 1 0 0 0 0 0 0 0 0 0 0
images/anemone/0353_10205752.jpg 0 0 0 0 1 0 0 0 0 0 0 0 0 0 0 0 0 0 0 1 0
images/lakes/0206_274652947.jpg 0 0 0 1 0 0 0 0 0 0 0 0 0 1 1 1 0 0 0 0 0
images/lake/0416_117732546.jpg 0 0 0 1 0 0 1 1 0 0 0 1 0 0 0 0 0 0 0 1 0
images/face/0329_1853482024.jpg 0 0 0 0 0 0 0 0 0 1 0 0 0 0 0 0 0 0 0 0 0
images/horizon/0341_2553829712.jpg 0 0 0 1 0 0 0 0 0 0 0 1 0 0 1 0 0 0 0 1 0
images/steeple/0563_273991814.jpg 0 0 1 0 0 0 0 0 0 0 0 0 0 0 1 0 0 0 0 0 0
images/glacier/0423_1873450845.jpg 0 1 0 0 0 0 1 1 0 0 0 0 0 1 1 0 0 0 0 1 0
images/cliff/0208_397538597.jpg 0 0 0 1 0 0 0 0 1 0 0 0 0 0 1 0 0 0 0 1 0
images/shade/0450_154541374.jpg 0 1 0 1 0 0 0 0 1 0 0 0 0 0 1 0 0 0 0 0 0
images/shrubs/0222_2578349563.jpg 0 0 0 0 1 0 0 0 0 0 1 0 0 0 0 0 0 0 0 0 0
images/toll_booth/0542_471948825.jpg 0 0 0 0 0 0 0 0 0 1 0 0 0 0 0 0 0 0 0 0 1
images/house_of_worship/0099_74521943.jpg 0 0 1 1 0 0 0 0 0 1 0 0 0 0 1 0 0 0 0 0 0
images/town/0456_424151257.jpg 0 0 0 0 0 0 0 0 0 0 0 0 0 0 1 0 1 0 0 0 0
images/desert/0593_494205659.jpg 0 0 0 1 0 0 0 0 0 0 0 0 0 0 1 0 0 0 0 0 0
images/blooms/0371_2623861800.jpg 0 0 0 0 1 0 0 0 0 0 1 0 0 0 0 0 0 0 0 0 0
images/rowboat/0208_2677915164.jpg 0 0 0 0 0 0 0 0 0 0 0 1 0 0 1 0 0 0 0 1 0
images/range/0594_2392008320.jpg 0 0 1 0 0 0 0 0 0 0 0 0 0 0 1 0 0 0 0 0 0
images/monastery/0010_2726423682.jpg 0 0 1 0 0 0 0 1 0 0 0 0 0 1 1 0 0 0 0 0 0
images/black/0450_436184372.jpg 0 0 0 1 0 0 1 0 0 0 0 1 0 0 1 0 1 1 0 1 0
images/parking_lot/0022_2601269566.jpg 0 0 1 0 0 0 0 0 0 0 0 0 0 0 1 0 1 0 1 0 1
images/penguin/0311_452237467.jpg 1 0 0 0 0 0 0 0 0 0 0 0 0 0 0 0 0 0 0 0 0
images/harbors/0281_1454650113.jpg 0 0 0 0 0 0 0 0 0 0 0 0 0 0 1 0 0 0 0 0 0
images/balcony/0590_2313716023.jpg 0 0 0 0 1 0 0 0 0 0 1 0 0 0 0 0 0 0 0 0 1
images/john_kerry/0369_2496472283.jpg 0 0 0 0 0 1 0 0 0 1 0 0 0 0 0 0 0 0 0 0 0
images/grizzly/0086_523819305.jpg 1 0 0 0 0 1 0 0 0 0 1 0 0 0 0 0 0 0 0 0 0
images/river/0321_318461280.jpg 0 0 0 1 0 0 1 0 0 0 0 0 0 0 1 0 0 0 0 1 0
images/steel/0096_985526959.jpg 0 0 0 1 0 0 0 0 0 0 0 0 0 1 1 0 0 0 0 0 0
images/tails/0235_298051441.jpg 0 0 0 0 0 0 0 0 0 0 0 0 0 0 1 0 0 0 0 0 0
images/art/0313_611311642.jpg 0 1 0 1 0 1 1 1 0 0 0 1 0 0 1 0 0 0 0 1 0
images/sailboats/0418_2626951226.jpg 0 0 0 1 0 0 1 0 0 0 0 1 0 0 1 0 1 0 0 1 0
images/ceremony/0325_2648714297.jpg 0 0 0 0 0 0 0 0 0 1 0 0 0 0 0 0 0 0 0 0 0
images/elephants/0043_827785551.jpg 1 0 0 0 0 1 0 1 0 0 0 0 1 0 1 0 0 0 0 0 0
images/motorcycle/0388_333851076.jpg 0 0 0 1 0 0 0 0 0 0 0 0 1 0 0 0 0 0 0 0 0
images/nets/0467_2090791855.jpg 0 0 0 0 0 0 0 0 0 1 0 0 0 0 0 0 0 0 0 0 0
images/cliff/0600_2068414784.jpg 0 1 0 1 0 0 1 0 1 0 0 0 0 0 1 0 1 0 0 1 0
images/sphinx/0209_417675577.jpg 0 0 0 1 0 0 0 0 0 0 0 0 0 1 1 0 0 0 0 0 0
images/grouper/0282_1814943304.jpg 0 0 0 0 0 0 0 0 0 1 0 0 0 0 0 0 0 0 0 1 0
images/reporters/0065_261735987.jpg 0 0 1 0 0 0 0 0 0 0 0 0 1 0 0 0 0 1 0 0 1
images/police/0290_2221181314.jpg 0 0 0 1 0 0 0 0 0 0 0 0 0 0 1 0 0 0 0 0 0
images/church/0593_1161772666.jpg 0 0 0 1 0 0 0 0 0 0 1 0 0 0 1 0 1 0 0 0 0
images/cheerleader/0638_1582387067.jpg 0 0 0 0 0 0 0 0 0 1 0 0 0 0 0 0 0 0 0 0 0
images/glacier/0098_1190600545.jpg 0 0 0 0 0 0 1 1 0 0 0 1 0 1 1 1 0 0 0 1 0
images/deer/0398_391641759.jpg 0 0 0 1 0 0 0 0 0 0 0 0 0 0 1 0 1 0 0 0 0
images/palm/0540_128239553.jpg 0 1 0 1 0 0 0 0 0 0 1 0 0 0 1 0 0 1 0 0 0
images/sunglasses/0600_2573248573.jpg 0 0 0 0 0 0 0 0 0 1 0 0 0 0 0 0 0 0 0 0 0
images/dog/0584_161533639.jpg 1 0 0 0 0 0 0 0 0 0 0 0 0 0 0 1 0 0 0 1 0
images/hawaii/0508_1083848436.jpg 0 1 0 1 0 0 0 0 1 0 0 0 0 0 1 0 0 0 0 1 0
images/meadow/0425_533677397.jpg 0 0 0 0 0 1 1 1 0 0 1 0 0 0 0 0 0 0 0 1 0
images/sunny/0409_2759576953.jpg 0 1 0 1 0 0 0 0 1 0 1 0 0 0 1 0 0 1 0 1 0
images/valleys/0434_2437614359.jpg 0 0 0 0 0 1 0 0 0 0 0 0 0 0 0 0 0 0 0 0 0
images/ships/0444_179459285.jpg 0 0 1 1 0 0 0 1 0 0 0 0 0 0 1 0 0 0 1 1 0
images/leopard/0385_545127608.jpg 0 0 0 0 0 1 0 0 0 0 1 0 0 0 0 0 0 0 0 0 0
images/sunglasses/0022_55694795.jpg 0 0 0 0 0 1 0 0 0 1 0 0 0 0 0 0 0 0 0 0 0
images/buddha/0048_841496471.jpg 0 0 0 0 0 0 0 0 0 0 0 0 0 0 1 0 0 1 0 0 0
images/submarine/0332_2528395300.jpg 0 1 0 0 0 0 0 0 1 0 0 0 0 1 1 0 0 0 0 1 0
images/islands/0539_2551060862.jpg 0 0 0 1 0 0 1 0 1 0 0 0 0 1 0 0 0 0 0 1 0
images/windmills/0367_78896919.jpg 0 0 0 1 0 0 0 0 0 0 0 0 1 0 1 0 0 0 0 0 0
images/rose/0389_483699978.jpg 0 0 0 0 1 0 0 0 0 0 0 0 0 0 0 0 0 0 0 0 0
images/military_base/0276_296043636.jpg 0 0 0 1 0 0 0 0 0 0 0 0 0 0 1 0 0 0 0 0 0
images/clouds/0349_353250218.jpg 0 0 0 1 0 0 1 0 1 0 0 1 0 0 1 0 1 0 0 1 0
images/bridges/0250_120141028.jpg 0 0 0 0 0 0 0 0 0 0 0 0 0 0 1 0 0 0 0 0 0
images/log/0329_342487149.jpg 0 1 0 1 0 0 0 0 1 0 0 0 0 0 1 0 0 0 0 1 0
images/weather/0309_495251898.jpg 0 0 0 1 0 0 1 0 0 0 0 0 0 0 1 0 1 0 0 1 0
images/emergency_vehicles/0224_2519468623.jpg 0 0 0 0 0 0 0 0 0 0 0 0 0 0 1 0 0 0 1 0 1
images/apartment_complex/0264_272202793.jpg 0 0 1 1 0 0 0 0 0 0 0 0 0 0 1 0 0 0 0 0 0
images/balloons/0027_168321589.jpg 0 0 0 1 0 0 0 0 0 0 0 0 0 0 1 0 0 0 0 0 0
images/airport_terminal/0038_155536135.jpg 0 0 0 0 0 0 0 0 0 0 0 0 0 0 1 0 0 0 0 0 1
images/harbor/0504_338680097.jpg 0 0 0 1 0 0 0 0 1 0 0 0 0 0 1 0 1 0 0 1 0
images/camels/0319_2074381213.jpg 1 0 0 0 0 0 0 0 0 0 0 0 0 0 0 0 1 0 0 0 0
images/ships/0430_189925377.jpg 0 0 0 0 0 0 0 0 0 0 0 1 1 0 0 0 0 0 0 1 0
images/foals/0203_2603390007.jpg 1 0 0 0 0 0 0 0 0 0 0 0 0 0 0 0 0 0 0 0 0
images/den/0205_536529967.jpg 0 1 0 0 0 0 0 0 0 1 0 0 0 0 0 0 0 0 0 0 0
images/lily/0539_1801830322.jpg 0 0 0 0 1 0 0 0 0 0 1 0 0 0 0 0 0 0 0 0 0
images/radar/0621_384160018.jpg 0 0 0 1 0 1 0 0 0 0 1 0 0 0 1 0 0 0 0 0 0
images/singing/0564_837123797.jpg 0 0 0 0 0 1 0 0 0 1 0 0 0 0 1 0 0 0 0 0 0
images/ships/0540_1320076790.jpg 1 1 0 1 0 0 1 0 0 0 0 0 0 0 0 0 1 0 0 1 0
images/urban_park/0549_2255861901.jpg 1 0 0 0 0 0 1 0 0 0 0 0 0 0 0 0 0 0 0 1 0
images/swimming/0392_532144127.jpg 0 0 0 1 0 0 0 0 1 1 0 0 0 0 0 0 0 0 0 1 0
images/oahu/0309_543415746.jpg 0 0 0 1 0 0 0 0 1 0 0 0 0 0 1 0 0 0 0 1 0
images/barn/0288_592294669.jpg 0 0 0 0 1 0 0 0 0 0 0 0 0 0 0 0 0 0 0 0 0
images/freighter/0547_2037013207.jpg 0 1 0 1 0 0 1 0 1 0 0 0 0 0 1 0 1 0 0 1 0
images/hills/0547_2349354771.jpg 0 0 0 0 0 1 0 0 0 0 1 0 0 0 0 0 1 1 0 1 0
images/cliff/0070_1549499327.jpg 0 1 0 1 0 0 1 0 1 0 0 0 0 0 1 0 1 0 0 1 0
images/soccer/0246_2580428911.jpg 0 0 0 0 1 0 0 0 0 0 1 0 0 0 0 0 0 0 0 0 0
images/ship/0534_2051293552.jpg 0 0 0 1 0 0 1 0 1 0 0 0 0 0 1 0 0 0 0 1 0
images/camels/0099_2370225271.jpg 1 0 0 1 0 0 0 0 0 0 0 0 0 0 1 0 0 0 0 0 0
images/monastery/0538_280025799.jpg 0 0 0 1 0 1 0 0 0 0 0 0 0 0 1 0 0 0 0 0 0
images/figures/0223_2156086482.jpg 0 1 0 1 0 0 0 0 1 0 0 1 0 0 1 0 1 0 0 0 0
images/cliff/0266_1251076932.jpg 0 1 0 1 0 0 1 0 1 0 0 0 0 1 0 0 0 0 0 1 0
images/sailboats/0298_153038940.jpg 0 0 0 1 0 0 0 0 0 0 0 0 0 0 1 0 0 0 0 1 0
images/buildings/0582_1741273730.jpg 0 0 1 0 0 0 0 0 0 0 0 0 0 0 1 0 0 0 0 0 1
images/car/0599_2621798784.jpg 0 0 0 1 0 0 0 0 0 0 0 0 1 0 1 0 1 0 1 0 1
images/remains/0090_2563980504.jpg 0 0 0 0 0 0 0 0 0 0 0 0 0 0 0 0 0 0 0 0 1
images/door/0285_78188976.jpg 1 0 0 0 0 0 0 0 0 0 0 0 0 0 0 0 0 0 0 0 1
images/tornado/0543_35493319.jpg 0 0 0 1 0 1 0 0 0 0 0 0 0 0 1 0 0 0 0 0 0
images/plain/0312_274310659.jpg 0 0 0 1 1 1 0 0 0 0 0 0 0 0 1 0 0 0 0 0 0
images/george_bush/0026_189993367.jpg 0 0 0 1 0 0 1 0 0 0 0 0 0 1 1 0 0 0 0 1 0
images/facade/0456_2239494190.jpg 0 0 0 0 0 0 0 0 0 0 0 0 0 0 0 0 0 0 0 0 1
images/house_of_worship/0319_239347138.jpg 0 0 1 1 0 1 0 0 0 0 0 0 0 0 1 0 0 0 0 0 0
images/storm/0583_2057430212.jpg 0 0 0 1 0 0 0 0 1 0 0 0 0 0 1 0 1 0 0 0 0
images/trunk/0389_1803271039.jpg 0 0 0 0 0 0 0 0 0 0 1 0 0 0 0 0 0 1 0 0 0
images/lake/0697_1357420129.jpg 0 0 0 1 0 0 1 1 0 0 0 1 0 0 1 0 0 0 0 1 0
images/moss/0413_149369714.jpg 0 0 0 0 0 0 0 0 0 0 0 0 0 1 0 0 0 0 0 1 0
images/vehicle/0577_1487962348.jpg 0 0 0 0 0 0 0 0 0 0 0 0 1 0 1 0 0 0 1 0 1
images/pond/0369_809230332.jpg 0 0 0 1 0 0 0 0 0 0 1 1 0 0 1 0 0 0 0 0 0
images/orchid/0261_2246887343.jpg 0 0 0 0 1 0 0 0 0 0 1 0 0 0 0 0 0 0 0 0 0
images/bank/0357_444897017.jpg 0 0 0 0 0 0 0 0 0 0 0 0 0 0 1 0 0 1 0 0 0
images/path/0457_1818840282.jpg 0 0 0 0 1 0 0 0 0 0 1 0 1 0 1 0 0 0 0 0 0
images/car_racing/0035_2246357802.jpg 0 0 0 0 0 1 0 0 0 0 0 0 1 0 0 0 0 0 0 0 1
images/sheep/0390_433928311.jpg 0 0 0 0 0 1 0 0 0 0 1 0 0 0 1 0 0 1 0 0 0
images/lighthouse/0425_2410529491.jpg 0 0 0 1 0 0 1 0 1 0 0 0 0 0 1 0 1 0 0 0 0
images/shipyards/0529_1275046831.jpg 0 0 0 0 0 0 0 0 0 0 0 0 0 0 1 0 0 0 1 0 1
images/oahu/0068_2467565970.jpg 0 1 0 1 0 0 0 0 1 0 0 0 0 0 1 0 1 0 0 1 0
images/fly/0429_417338619.jpg 1 1 0 1 0 0 1 0 1 0 0 0 0 1 1 0 1 0 0 1 0
images/coral/0394_1463749146.jpg 0 1 0 0 0 0 0 0 1 0 0 0 0 0 0 0 0 0 0 1 0
images/antelope/0491_314386607.jpg 0 0 0 0 0 0 0 0 0 0 0 0 0 1 0 0 0 0 0 0 0
images/rainbow/0654_2489574635.jpg 0 0 0 1 0 0 0 0 0 0 1 0 0 0 1 0 0 0 0 1 0
images/arctic/0393_41615193.jpg 0 0 0 1 0 0 0 1 0 0 0 0 0 1 1 1 0 0 0 0 0
images/guard/0012_158113011.jpg 0 0 1 1 0 0 0 0 0 0 0 0 1 0 1 0 0 0 0 0 1
images/grizzly/0468_2696485285.jpg 1 0 0 0 0 0 0 0 0 0 0 0 0 0 0 0 0 0 0 0 0
images/autumn/0510_305394369.jpg 0 0 0 1 0 0 0 0 0 0 0 0 0 0 1 0 1 0 0 0 0
images/branch/0472_2387405854.jpg 0 0 0 0 0 0 1 0 0 0 0 0 0 0 1 0 0 1 0 1 0
images/clock_tower/0206_2708108586.jpg 0 0 1 1 0 0 0 0 0 0 0 0 0 0 1 0 0 0 0 0 0
images/seals/0589_378191171.jpg 1 1 0 0 0 0 0 0 0 0 0 0 0 0 0 0 0 0 0 0 0
images/relief/0364_75629802.jpg 0 0 0 0 0 0 0 0 0 1 0 0 0 0 0 0 0 0 1 0 1
images/plants/0421_2284915477.jpg 0 0 0 1 0 1 1 1 0 0 1 0 0 0 1 0 0 0 0 1 0
images/shell/0266_1367550105.jpg 0 1 0 1 0 0 1 0 1 0 0 0 0 0 1 0 1 0 0 1 0
images/field/0519_73782635.jpg 0 0 0 1 0 1 0 0 0 0 0 0 0 0 1 0 0 1 0 0 0
images/grassland/0584_361798853.jpg 0 0 0 1 0 1 0 0 0 0 0 0 0 0 1 0 0 1 0 0 0
images/aerial/0459_143660455.jpg 0 0 0 0 0 0 0 0 0 0 0 0 0 0 0 0 0 1 0 0 0
images/antlers/0081_265794768.jpg 1 0 0 0 0 1 0 0 0 0 0 0 0 0 0 0 0 0 0 0 0
images/lake/0380_413184598.jpg 0 0 0 1 0 0 1 0 0 0 0 1 0 0 1 0 1 0 0 1 0
images/jeep/0091_857597523.jpg 0 0 0 0 0 0 0 1 0 0 0 0 0 0 1 0 0 0 0 0 0
images/rowboat/0411_1140266921.jpg 0 0 0 0 0 0 0 0 0 0 0 0 0 0 0 0 0 0 0 1 0
images/log/0468_81573751.jpg 0 0 0 1 0 0 0 0 0 0 0 0 0 0 1 0 1 0 0 1 0
images/boats/0219_398988999.jpg 0 0 0 1 0 0 1 1 0 0 0 1 0 1 1 0 0 0 0 1 0
images/traffic/0590_516342200.jpg 0 0 0 0 0 0 0 0 0 0 0 0 1 0 0 0 0 0 1 0 1
images/shopping_mall/0329_2087168166.jpg 0 0 0 0 0 0 0 0 0 1 0 0 0 0 0 0 0 0 0 0 0
images/walking/0571_1488765113.jpg 0 0 0 1 0 0 0 0 0 0 0 0 1 0 1 0 0 0 0 0 0
images/canoe/0450_901029416.jpg 0 0 0 1 0 0 1 0 1 0 0 1 0 0 1 0 0 0 0 1 0
images/cows/0501_2202684723.jpg 0 0 0 0 0 1 0 0 1 0 0 0 0 0 0 0 0 0 0 1 0
images/close-up/0565_2143622946.jpg 0 0 0 0 1 0 0 0 0 0 0 0 0 0 0 0 0 0 0 1 0
images/fence/0209_443186847.jpg 0 0 0 1 0 1 0 0 0 0 0 0 0 0 1 0 0 0 0 0 0
images/canoe/0097_831839390.jpg 0 0 0 1 0 0 0 0 1 0 0 0 0 1 1 0 1 0 0 1 0
images/moss/0402_1410307872.jpg 0 0 0 0 0 0 0 0 0 0 1 1 0 0 0 0 0 1 0 0 0
images/close-up/0276_405688922.jpg 0 0 0 1 0 0 0 0 0 1 0 0 1 0 1 0 0 0 0 0 0
images/dock/0492_127725903.jpg 0 0 0 1 0 0 1 0 0 0 0 1 0 0 1 0 1 0 0 1 0
images/car/0564_155739138.jpg 0 0 0 1 0 1 0 0 0 0 0 0 0 0 1 0 0 0 1 0 0
images/underwater/0527_1168152038.jpg 1 0 0 0 0 0 0 0 0 0 0 0 0 0 0 0 0 0 0 1 0
images/jet/0682_2591742532.jpg 0 0 0 1 0 0 0 1 0 0 0 0 0 0 1 0 0 0 0 0 0
images/courtyard/0362_2149920674.jpg 0 0 1 0 0 0 0 0 0 0 0 0 0 0 0 0 0 0 0 0 1
images/dust/0320_177748585.jpg 1 0 0 1 0 0 0 0 0 0 0 0 0 0 1 0 0 0 0 0 0
images/pyramid/0303_1409311799.jpg 0 0 1 1 0 0 1 0 0 0 0 0 0 0 0 0 0 0 0 1 0
images/pedestrian_zone/0076_2593741572.jpg 0 0 0 0 0 0 0 0 0 1 0 0 0 0 0 0 0 0 0 0 0
images/canyon/0491_2101368105.jpg 0 0 0 0 0 1 0 0 0 0 0 0 0 0 0 0 0 0 0 0 0
images/blooms/0394_1425805363.jpg 0 0 0 0 1 0 0 0 0 0 1 0 0 0 0 0 0 0 0 0 0
images/lawyer/0448_53559805.jpg 0 0 0 0 0 0 0 0 0 1 0 0 1 0 0 0 0 0 0 0 0
images/desert/0491_2174310105.jpg 0 1 0 1 0 0 1 0 0 0 0 1 0 0 1 0 0 0 0 1 0
images/pond/0402_2386198704.jpg 0 0 1 1 0 1 0 0 0 0 0 1 0 0 1 0 0 0 0 1 0
images/store/0261_1875579329.jpg 0 0 0 0 0 0 0 0 0 0 0 0 0 0 0 0 0 0 0 0 1
images/race/0431_160749371.jpg 0 0 0 0 0 0 0 0 0 0 0 0 0 0 0 0 0 0 1 0 1
images/courtyard/0291_1501827770.jpg 0 0 1 0 0 1 0 0 0 0 0 0 0 0 0 0 0 0 0 0 1
images/seals/0521_15822635.jpg 0 1 0 0 0 0 0 1 0 0 0 0 0 0 0 0 0 0 0 1 0
images/harbor/0532_901165598.jpg 0 0 0 0 0 0 0 0 0 0 0 1 0 0 1 0 1 0 0 1 0
images/powerlines/0074_1583968816.jpg 1 0 0 1 0 0 0 0 0 0 0 0 0 0 1 0 0 0 0 0 0
images/caribou/0238_2243634931.jpg 0 0 1 1 0 0 0 0 0 0 0 0 0 0 1 0 0 0 0 0 1
images/weather/0435_2145621819.jpg 1 0 0 0 0 0 0 0 0 0 0 0 0 0 0 1 0 0 0 0 0
images/embassy/0584_503341879.jpg 0 0 1 1 0 0 0 0 0 0 0 0 0 0 1 0 0 0 0 0 1
images/entertainment/0451_2116145375.jpg 1 0 0 0 0 0 0 0 0 0 0 0 0 0 0 0 0 0 0 0 0
images/head/0279_2602034660.jpg 0 0 0 0 0 0 0 0 0 0 1 0 0 0 0 0 0 0 0 0 0
images/orchid/0522_482168471.jpg 0 0 0 0 1 0 0 0 0 0 1 0 0 0 0 0 0 0 0 0 0
images/castle/0528_2243417659.jpg 0 0 0 1 0 0 0 0 0 0 0 0 0 0 0 0 0 0 0 0 0
images/outside/0326_2523467239.jpg 0 0 0 0 1 1 0 0 0 0 1 0 0 0 1 0 0 0 0 0 0
images/prisoner/0321_2047370500.jpg 0 0 0 0 0 0 0 0 0 1 0 0 0 0 0 0 0 0 0 0 0
images/battleship/0347_1285551758.jpg 0 0 0 1 0 0 0 0 0 0 0 0 0 0 1 0 0 0 0 0 0
images/storm/0002_2224963439.jpg 0 1 0 1 0 0 0 0 0 1 0 0 0 0 1 0 1 0 0 1 0
images/warehouse/0449_2384923666.jpg 0 0 1 0 0 0 0 0 0 0 0 0 0 0 1 0 1 0 0 0 1
images/festival/0417_366794405.jpg 0 0 0 0 0 0 1 0 0 1 0 1 0 0 0 0 0 0 0 0 0
images/tent/0553_39475418.jpg 0 0 0 0 0 0 0 0 0 0 0 0 0 0 1 0 1 1 0 0 0
images/caribou/0362_63451264.jpg 1 0 0 0 0 1 0 0 0 0 0 0 0 0 0 0 0 0 0 0 0
images/observation_tower/0588_463719045.jpg 0 0 1 1 0 0 0 1 0 0 0 0 0 0 0 0 0 0 0 0 0
images/stick/0578_80032644.jpg 0 0 0 0 0 0 0 0 0 0 0 1 0 0 0 0 0 0 0 0 1
images/groom/0355_202892069.jpg 0 0 0 1 0 0 0 0 0 1 0 0 0 0 1 0 0 0 0 0 0
images/stone/0525_1007854897.jpg 0 0 0 0 0 0 1 0 0 0 0 1 0 0 0 0 0 0 0 1 0
images/plain/0401_291229654.jpg 0 0 0 0 0 0 0 0 0 0 0 0 1 0 0 0 0 0 0 0 0
images/cliff/0265_2653180830.jpg 0 0 1 0 0 0 0 1 1 0 0 0 0 0 1 0 1 0 0 1 0
images/booby/0414_1816845708.jpg 0 0 0 0 0 0 0 0 0 1 0 0 0 0 0 0 0 0 0 0 0
images/forest/0291_178799345.jpg 0 0 0 1 0 0 1 0 0 0 0 1 0 1 1 0 0 0 0 1 0
images/toll_booth/0530_403391089.jpg 0 0 0 1 0 0 0 0 0 0 0 0 1 0 1 1 0 0 1 0 1
images/judge/0600_1281512416.jpg 0 0 0 0 0 0 0 0 0 1 0 0 0 0 0 0 0 0 0 0 0
images/race/0494_337208601.jpg 0 0 0 0 0 0 0 0 1 0 0 0 0 0 0 0 0 0 1 1 0
images/bay/0232_1400735438.jpg 0 0 1 1 0 0 1 0 0 0 0 1 0 0 0 0 0 0 0 1 0
images/oahu/0259_1406596082.jpg 0 0 0 1 0 0 0 0 1 0 0 0 0 1 0 0 1 0 0 1 0
images/range/0241_500617844.jpg 0 0 0 1 0 1 1 1 0 0 0 0 0 0 1 0 0 0 0 0 0
images/branch/0298_544206756.jpg 0 0 0 1 0 0 1 0 0 0 0 1 0 0 1 0 1 0 0 1 0
images/host/0553_1085381607.jpg 0 0 0 0 0 1 0 0 0 1 0 0 0 0 0 0 0 0 1 0 0
images/bay/0373_395195994.jpg 0 0 0 1 0 0 0 0 0 0 0 0 0 0 1 0 1 0 0 0 0
images/horizon/0287_109046743.jpg 0 0 0 1 0 0 0 0 1 0 0 0 0 0 1 0 1 0 0 1 0
images/figures/0265_2003821930.jpg 0 0 1 1 0 0 0 0 0 0 0 0 0 0 1 0 0 0 0 0 1
images/pyramid/0362_1400454654.jpg 0 0 0 1 0 0 1 1 0 0 0 1 0 1 1 0 0 0 0 0 0
images/blossoms/0254_2267078444.jpg 0 0 0 0 1 0 0 0 0 0 0 0 0 0 0 0 0 0 0 1 0
images/ship/0368_2023446522.jpg 0 0 0 0 0 0 1 0 0 0 0 1 0 0 0 0 0 0 0 1 0
images/congressman/0230_1970026237.jpg 0 0 1 0 0 0 0 0 0 0 0 0 1 0 0 0 0 0 1 0 1
images/sailboat/0396_286471750.jpg 0 0 0 1 0 0 0 0 0 0 0 0 0 0 1 0 1 0 1 0 0
images/horse/0296_877725894.jpg 1 0 0 0 0 0 0 0 0 1 0 0 0 0 0 0 0 0 0 0 0
images/fog/0485_320089124.jpg 0 0 0 0 0 0 0 0 1 0 0 0 0 0 0 0 0 0 0 1 0
images/gate/0273_2372902545.jpg 0 0 0 1 0 0 0 0 0 0 1 0 0 0 1 0 1 0 0 1 0
images/umbrella/0447_2600593426.jpg 0 0 0 0 0 0 0 0 0 1 0 0 0 0 0 0 0 0 0 0 0
images/moss/0034_426747447.jpg 0 0 0 0 0 0 1 0 0 0 0 0 0 1 0 0 0 0 0 1 0
images/cooling_tower/0474_464912858.jpg 0 0 0 1 0 0 0 0 0 0 0 0 0 0 1 0 0 0 0 0 0
images/military/0579_415671226.jpg 0 0 0 0 0 0 0 0 0 0 0 0 0 0 1 0 0 0 0 0 1
images/motorcycle/0492_2414110542.jpg 0 0 0 0 0 0 0 0 0 0 0 0 0 0 0 0 0 0 1 0 0
images/courtyard/0205_2073748501.jpg 0 0 0 0 0 0 0 0 0 1 0 0 0 0 0 0 0 0 0 0 1
images/boats/0396_2001153464.jpg 0 0 0 1 0 0 0 0 0 0 0 1 0 0 1 0 1 0 0 1 0
images/glacier/0404_945120568.jpg 0 0 0 0 0 0 1 0 1 0 0 0 0 1 0 0 0 0 0 1 0
images/stream/0364_1158960986.jpg 0 0 0 0 0 0 0 0 0 0 1 1 0 0 0 0 0 0 0 0 0
images/person/0319_275676012.jpg 0 0 0 0 0 0 0 0 0 1 0 0 0 0 1 1 0 0 0 0 0
images/tusks/0269_2213527956.jpg 0 0 0 1 0 0 0 0 0 0 0 0 0 0 1 0 0 0 0 0 0
images/grass/0238_91216449.jpg 0 0 0 1 0 1 0 1 0 0 0 0 0 0 1 0 0 0 0 1 0
images/carpet/0090_156924918.jpg 0 0 0 0 0 1 0 0 0 0 0 0 0 0 0 0 0 0 0 0 0
images/farms/0013_1592079439.jpg 0 0 0 0 0 0 0 0 0 0 0 0 0 0 1 0 0 1 0 0 0
images/pagoda/0301_2216818214.jpg 0 0 1 1 0 0 0 0 0 0 0 0 0 0 1 0 0 0 0 0 1
images/lawn/0563_755695238.jpg 0 0 0 0 0 1 0 0 0 0 0 0 0 0 0 0 0 0 0 0 0
images/trail/0465_2039282156.jpg 0 0 0 0 0 0 1 0 0 0 0 0 0 1 1 0 0 0 0 1 0
images/hill/0313_2724932421.jpg 0 0 0 1 0 1 0 0 0 0 1 0 0 0 1 0 0 0 0 0 0
images/hillside/0529_427406470.jpg 0 0 0 0 0 0 0 0 0 0 0 0 0 0 0 0 0 0 0 0 1
images/fan/0351_135405452.jpg 0 0 0 0 0 0 0 0 0 1 0 0 0 0 0 0 0 0 0 0 0
images/courthouse/0522_122147392.jpg 0 0 1 1 0 0 0 0 0 0 0 0 0 0 1 0 0 0 0 0 1
images/city/0080_42615029.jpg 0 0 1 0 0 0 0 0 0 0 0 0 0 0 0 0 0 0 0 0 1
images/cliff/0348_2610230368.jpg 0 1 0 1 0 0 0 0 1 0 0 0 0 0 1 0 0 0 0 1 0
images/landscape/0566_199517674.jpg 0 0 0 1 0 0 0 0 0 0 0 0 0 1 1 0 0 0 0 0 0
images/urban_park/0309_83410792.jpg 0 0 1 0 0 0 0 0 0 0 0 0 0 0 0 0 0 0 1 0 1
images/greeting/0535_2154185190.jpg 0 0 0 0 1 0 0 0 0 0 0 0 0 0 0 0 0 0 0 0 0
images/town/0575_2365530003.jpg 0 0 0 0 0 0 0 0 0 0 0 0 0 0 0 0 0 0 0 0 1
images/cooling_tower/0303_234237710.jpg 0 0 0 1 0 0 0 0 0 0 0 0 0 0 1 0 1 0 0 0 0
images/hillside/0415_2204481687.jpg 0 0 0 0 0 0 0 0 0 1 0 0 0 0 0 1 0 0 0 0 0
images/nighttime/0355_2219204320.jpg 0 0 1 0 0 0 0 0 0 0 0 0 1 0 1 0 0 0 0 0 0
images/agent/0256_474765890.jpg 0 0 0 0 0 0 0 0 0 1 0 0 1 0 0 0 0 0 0 0 0
images/river_bank/0533_1400735698.jpg 0 0 1 1 0 0 0 0 0 0 0 1 0 0 1 0 0 0 0 1 0
images/sidewalk/0544_434352627.jpg 0 0 0 0 0 1 0 0 0 0 0 1 1 0 1 0 0 0 0 1 0
images/ships/0317_1423916701.jpg 0 0 0 0 0 0 1 0 1 0 0 0 0 0 0 0 1 0 0 1 0
images/town/0376_113238431.jpg 0 0 1 1 0 0 0 0 0 0 0 0 0 0 0 0 0 0 0 0 0
images/fog/0354_444586930.jpg 0 0 0 1 0 0 0 1 0 0 0 0 0 0 1 0 1 0 0 0 0
images/sidewalk/0378_34735691.jpg 0 0 0 1 0 0 0 0 0 0 0 0 1 0 0 0 0 1 0 0 0
images/guard/0405_2351243073.jpg 1 0 0 0 0 1 0 0 0 0 0 0 0 0 0 0 0 0 0 0 1
images/observation_tower/0006_2621002058.jpg 0 0 1 1 0 1 0 0 0 0 0 0 1 0 1 0 0 0 0 0 1
images/military_base/0269_2388983837.jpg 0 0 0 1 0 0 0 0 0 0 0 0 1 0 1 0 0 0 0 0 0
images/microphones/0254_2469122786.jpg 0 0 0 0 0 0 0 0 0 1 0 0 0 0 0 0 0 0 0 0 0
images/running/0576_2435620920.jpg 0 0 0 0 0 1 0 0 0 0 0 0 1 0 0 0 0 0 0 0 0
images/fish/0447_2432919209.jpg 0 0 0 1 0 0 1 0 0 0 0 1 0 0 0 1 0 1 0 1 0
images/hillside/0328_228436988.jpg 0 0 1 0 0 0 0 0 0 0 0 0 0 0 0 0 0 0 0 0 1
images/architecture/0060_364031807.jpg 0 0 0 1 0 0 1 1 0 0 0 0 0 1 1 1 0 0 0 1 0
images/politicians/0441_2355448520.jpg 0 0 0 0 0 0 0 0 0 1 0 0 1 0 0 0 0 0 0 1 0
images/tulip/0405_2316630423.jpg 0 0 0 0 1 0 0 0 0 0 1 0 0 0 0 0 0 0 0 0 0
images/canal/0300_2581911036.jpg 0 0 0 1 0 0 0 0 0 0 0 0 0 0 1 0 1 0 0 1 0
images/lake/0652_488459103.jpg 0 1 0 1 0 0 1 1 0 0 0 0 0 0 1 0 0 0 0 1 0
images/skiing/0522_2189507360.jpg 0 0 0 1 0 0 0 1 0 0 0 0 0 1 1 1 0 0 0 0 0
images/bridge/0279_2242485350.jpg 0 0 0 1 0 0 1 0 1 0 0 1 0 1 1 0 1 0 0 1 0
images/cats/0356_1349686643.jpg 1 0 0 0 0 0 0 0 0 0 0 0 0 0 0 0 0 0 0 0 0
images/fall/0457_2020602132.jpg 0 0 0 0 0 1 0 0 0 0 0 0 0 0 1 0 1 0 0 0 0
images/store/0296_419177827.jpg 0 0 1 0 0 0 0 0 0 0 0 0 0 0 0 0 0 0 0 0 1
images/pagoda/0569_1478116788.jpg 0 0 0 1 0 1 0 1 0 0 0 0 0 0 1 0 0 0 0 0 0
images/apartments/0521_436584743.jpg 0 0 1 1 0 0 0 0 0 0 0 0 0 0 1 0 0 0 0 0 0
images/tanks/0092_407847354.jpg 0 0 0 0 0 0 0 0 0 0 0 0 0 1 0 0 0 0 0 0 0
images/bench/0485_2112585474.jpg 0 0 0 0 0 0 0 0 0 0 0 0 0 0 0 0 0 1 0 0 0
images/glass/0024_1433840397.jpg 0 0 0 0 0 0 0 0 0 0 0 0 0 0 1 0 1 1 0 0 0
images/path/0451_1331671414.jpg 0 0 0 0 0 1 0 0 0 0 1 0 0 0 1 0 0 1 0 0 0
images/walking/0389_432490519.jpg 0 0 0 0 0 0 0 0 0 0 0 0 1 0 0 0 0 0 0 0 0
images/swimming_pools/0087_347573282.jpg 0 1 0 1 0 0 1 0 1 0 0 0 0 1 1 0 0 0 0 1 0
images/floor/0375_2633665458.jpg 0 0 0 0 0 0 0 0 0 1 0 0 0 0 0 0 0 0 0 0 0
images/shrubs/0419_1432722067.jpg 0 0 0 0 0 0 0 0 0 0 1 0 0 0 0 0 0 0 0 0 0
images/storm/0208_214379909.jpg 0 0 0 1 0 0 0 0 0 0 0 0 1 0 1 0 0 0 0 0 0
images/airplane/0518_2145652076.jpg 0 0 0 0 0 0 0 0 0 1 0 0 1 0 0 0 0 0 0 0 0
images/gas_station/0452_2090181997.jpg 1 0 0 1 0 0 0 0 0 1 0 0 1 0 0 0 0 0 1 0 1
images/grizzly/0065_865492159.jpg 1 0 0 0 0 0 0 0 0 0 0 0 0 0 0 0 0 0 0 1 0
images/path/0293_1919995415.jpg 0 0 0 0 0 0 0 0 0 0 0 0 1 0 1 1 0 0 0 0 0
images/hill/0218_2350098298.jpg 0 0 0 0 0 0 0 0 0 0 0 0 1 0 0 0 0 0 0 0 0
images/field/0270_546700866.jpg 0 0 0 0 0 1 0 0 0 0 0 0 0 0 0 0 0 0 0 0 0
images/arch/0257_2586533625.jpg 0 0 0 0 0 0 0 0 0 0 0 0 1 0 0 0 0 0 0 0 1
images/vineyard/0460_50149002.jpg 0 0 0 1 0 1 0 0 0 0 1 0 0 0 1 0 0 0 0 0 0
images/sails/0232_1230895254.jpg 0 0 0 1 0 0 0 0 0 0 0 0 0 0 1 0 0 0 0 1 0
images/river_bank/0283_2313311038.jpg 0 0 0 0 0 0 0 0 0 0 1 0 1 0 1 1 0 1 0 0 0
images/fence/0375_1218772992.jpg 0 0 0 1 0 0 0 1 0 0 0 0 0 1 1 0 0 0 0 0 0
images/rockface/0012_9067331.jpg 0 0 0 1 0 0 0 1 0 0 0 0 0 0 0 0 0 0 0 0 0
images/coast/0225_482392894.jpg 0 0 0 1 0 0 0 0 1 0 1 0 0 1 1 0 0 0 0 0 0
images/ice/0384_2206589988.jpg 0 0 0 0 0 0 0 0 0 0 0 0 0 0 0 1 0 1 0 1 0
images/tanker/0035_481301358.jpg 0 0 0 0 0 1 0 0 1 1 0 0 0 0 1 0 0 0 0 0 0
images/flags/0076_216300934.jpg 0 0 1 1 0 1 0 0 0 0 0 0 1 0 1 0 0 0 0 0 1
images/meadow/0401_365071435.jpg 0 0 0 1 0 0 1 1 0 0 0 0 0 1 1 0 0 0 0 1 0
images/rice/0543_1063917252.jpg 0 0 0 0 0 0 0 0 0 0 0 0 0 0 0 0 0 1 0 0 0
images/ceremony/0553_457737679.jpg 0 0 0 0 0 0 0 0 0 1 0 0 0 0 0 0 0 0 0 0 0
images/hut/0419_2415775321.jpg 0 0 1 0 0 0 0 0 0 0 0 0 0 0 1 0 0 0 0 0 1
images/house/0548_2515275267.jpg 0 0 0 1 0 0 0 0 0 0 0 1 0 0 1 0 0 0 0 1 0
images/arch/0333_136067111.jpg 0 0 0 1 0 0 1 0 0 0 0 1 0 0 1 0 0 0 0 1 0
images/cell_phones/0637_1394263.jpg 0 0 0 0 0 0 0 0 0 1 0 0 1 0 0 0 0 0 1 0 1
images/mountain/0560_1208455973.jpg 0 0 0 0 0 0 0 1 0 0 0 1 0 0 0 0 0 0 0 1 0
images/guest/0092_123265309.jpg 0 0 0 0 0 0 0 0 0 0 0 0 0 0 0 0 0 0 0 0 1
images/post/0317_2609568007.jpg 0 0 1 0 0 0 0 0 0 0 0 0 1 0 1 0 0 0 0 0 0
images/path/0404_2121120652.jpg 0 0 0 0 0 0 0 0 0 0 0 0 0 1 0 1 0 0 0 0 0
images/underpass/0342_519059820.jpg 0 0 0 0 0 0 0 0 0 0 0 0 1 0 0 0 0 0 1 0 0
images/apartment_complex/0378_2716171985.jpg 0 0 0 0 0 1 0 0 0 0 0 0 0 0 0 0 0 0 0 0 0
images/roofs/0426_1499490472.jpg 0 0 0 0 1 0 0 0 0 0 1 0 0 0 0 0 0 0 0 0 0
images/poppies/0070_354685225.jpg 0 0 0 0 1 0 0 0 0 0 1 0 0 0 0 0 0 0 0 0 0
images/antenna/0299_200846888.jpg 0 0 0 1 0 0 0 0 0 0 0 0 0 0 1 0 1 0 0 0 0
images/cow/0505_2549133026.jpg 1 0 0 0 0 1 0 0 0 0 0 0 0 0 0 0 0 0 0 0 0
images/volcano/0580_2665919707.jpg 0 0 0 1 0 1 0 0 0 0 1 0 0 0 1 0 0 0 0 0 0
images/vegetation/0289_1478285197.jpg 0 0 0 1 0 1 0 0 0 0 0 0 0 0 1 0 0 1 0 0 0
images/ground_crew/0417_117976763.jpg 0 0 0 1 0 0 0 0 0 0 0 0 1 0 1 0 0 0 0 0 0
images/arctic/0225_2112098621.jpg 0 0 0 1 0 0 0 0 0 0 0 0 0 0 1 0 0 0 0 0 0
images/reefs/0330_1988315288.jpg 0 0 0 0 1 0 0 0 0 0 0 0 0 0 0 0 0 0 0 0 0
images/warehouse/0570_2393066718.jpg 0 0 0 0 0 0 0 0 0 1 0 0 0 0 0 0 0 0 0 0 0
images/groom/0450_1860294462.jpg 0 0 0 0 0 0 0 0 0 1 0 0 0 0 0 0 0 0 0 0 0
images/cow/0470_2483952465.jpg 1 0 0 0 0 1 1 0 0 0 0 1 0 0 1 0 0 0 0 1 0
images/swimming_pools/0036_268940231.jpg 0 1 0 0 0 0 1 0 1 0 0 0 0 1 1 0 0 0 0 1 0
images/swimmers/0455_363167841.jpg 0 0 0 0 0 0 0 0 0 0 0 0 0 0 1 0 0 0 0 1 0
images/log/0406_2576907441.jpg 0 0 0 0 0 1 1 0 0 0 1 1 0 0 1 0 0 0 0 1 0
images/guard/0515_2480360461.jpg 1 0 0 1 0 0 0 0 0 0 0 0 0 0 1 0 0 0 0 0 0
images/pond/0305_117597864.jpg 0 0 0 0 1 0 0 0 0 0 1 0 0 0 0 0 0 0 0 0 0
images/leopard/0073_2158546903.jpg 1 0 0 0 0 1 0 0 0 0 0 0 0 0 0 0 0 0 0 0 0
images/butterfly/0478_280891050.jpg 1 0 0 0 0 0 0 0 0 0 0 0 0 0 0 0 0 0 0 0 0
images/slope/0428_2549655111.jpg 0 0 0 1 0 0 0 0 0 0 0 0 0 0 1 1 0 1 0 0 0
images/mare/0389_2399090582.jpg 0 1 0 1 0 0 0 0 1 0 0 0 0 0 1 0 1 0 0 1 0
images/newspapers/0439_2393115514.jpg 0 0 0 0 0 0 0 0 0 0 0 0 0 0 0 0 0 0 0 0 1
images/nest/0343_183681712.jpg 1 0 0 0 0 0 0 0 0 0 0 0 0 0 0 0 0 0 0 0 0
images/group/0361_385985475.jpg 0 0 0 0 1 1 0 0 0 0 1 0 0 0 0 0 0 0 0 0 0
images/butterfly/0259_2095705300.jpg 1 0 0 0 0 0 0 0 0 0 0 0 0 0 0 0 0 0 0 0 0
images/graveyard/0491_391704283.jpg 0 0 0 0 0 0 0 0 0 0 0 0 0 0 0 1 0 0 0 0 0
images/oahu/0480_438844556.jpg 0 1 0 1 0 0 1 0 1 0 0 0 0 0 1 0 1 0 0 1 0
images/power_plant/0001_264147464.jpg 0 0 0 1 0 0 0 0 0 0 0 0 0 0 1 0 0 0 0 0 0
images/poppies/0589_1644084484.jpg 0 0 0 0 1 0 0 0 0 0 1 0 0 0 0 0 0 0 0 0 0
images/oahu/0527_172831720.jpg 0 0 0 0 1 0 0 0 0 0 1 0 0 0 0 0 0 0 0 0 0
images/path/0312_504721689.jpg 0 0 0 0 0 1 0 1 0 0 1 0 0 0 1 0 0 0 0 0 0
images/pebbles/0246_375584922.jpg 0 1 0 0 0 0 1 0 0 0 0 0 0 0 1 0 0 0 0 1 0
images/horses/0674_1374057322.jpg 1 0 0 1 0 1 0 0 0 0 0 0 1 0 1 0 0 0 0 0 0
images/car/0104_2746312880.jpg 0 0 1 0 0 0 0 0 0 0 0 0 1 0 0 0 0 0 0 0 1
images/mast/0289_2106590240.jpg 0 0 0 1 0 0 0 0 0 0 0 0 0 0 1 0 0 0 0 0 0
images/windmills/0201_2586634763.jpg 0 0 0 1 0 0 0 0 0 0 0 0 0 0 1 0 0 0 0 0 0
images/shipyards/0302_265603736.jpg 0 0 0 0 1 0 0 0 0 1 0 0 0 0 0 0 0 0 0 0 0
images/ice_skating/0406_2140121759.jpg 0 0 1 0 0 0 0 0 0 0 0 0 0 0 1 0 0 0 0 1 0
images/pyramid/0379_397667056.jpg 1 0 0 0 0 1 0 0 0 0 0 0 0 0 1 0 0 0 0 0 0
images/reefs/0346_431924600.jpg 0 0 0 1 0 0 0 0 1 0 0 0 0 1 1 0 0 0 0 1 0
images/pickup_truck/0203_62366308.jpg 0 0 0 0 0 0 0 0 0 0 0 0 1 0 0 0 0 0 1 0 1
images/pair/0246_357164959.jpg 0 0 0 1 0 0 0 0 0 0 0 0 0 0 1 0 1 0 0 0 0
images/african/0408_1069038230.jpg 1 0 0 0 0 1 0 0 0 0 0 0 0 0 0 0 0 0 0 0 0
images/flood/0328_1407947251.jpg 0 0 0 0 0 0 1 0 0 0 0 0 0 0 0 0 0 0 0 1 0
images/tornado/0344_456116606.jpg 0 0 0 0 1 0 0 0 0 0 1 0 0 0 0 0 0 0 0 0 0
images/river/0237_386606117.jpg 0 0 0 1 0 0 1 0 0 0 0 1 0 0 1 1 0 0 0 1 0
images/buildings/0341_2270325905.jpg 0 0 1 1 0 0 0 0 0 0 0 0 0 0 1 0 0 0 0 0 1
images/ships/0236_1399055746.jpg 0 0 0 1 0 0 0 0 1 0 0 0 0 0 1 0 0 0 1 1 0
images/clothes/0581_2509911674.jpg 0 0 0 0 0 0 0 0 0 1 0 0 0 0 0 0 0 0 0 0 0
images/giant/0223_2715048823.jpg 0 0 0 0 0 0 0 1 0 0 0 0 0 0 1 1 0 0 0 0 0
images/indian/0217_248724563.jpg 0 0 0 1 0 0 0 0 1 0 0 0 0 0 1 0 0 0 0 1 0
images/outside/0543_1323852901.jpg 0 0 0 0 0 0 0 0 0 0 1 0 0 0 0 0 0 1 0 0 0
images/porches/0082_1465149560.jpg 0 0 1 0 0 1 0 0 0 0 0 0 0 0 1 0 0 1 0 0 1
images/temple/0525_109543629.jpg 0 0 1 1 0 0 0 1 0 0 0 0 0 0 1 1 0 0 0 0 0
images/reefs/0208_2370155186.jpg 0 1 0 1 0 0 1 0 1 0 0 0 0 0 1 0 0 0 0 1 0
images/nets/0420_2383660082.jpg 0 0 0 1 0 0 1 0 1 0 0 0 0 0 1 0 1 0 0 1 0
images/rockface/0264_2676448493.jpg 0 0 0 1 0 0 0 1 0 0 0 0 0 1 1 0 0 0 0 0 0
images/sailboats/0483_1497449415.jpg 0 0 0 1 0 0 0 0 1 0 0 0 0 0 1 0 0 0 1 1 0
images/road/0560_489616848.jpg 0 1 0 1 0 0 0 0 1 0 0 0 0 0 1 0 0 0 0 1 0
images/building/0040_360400622.jpg 0 0 0 1 0 0 0 1 1 0 0 0 0 0 1 0 1 0 0 1 0
images/peaks/0422_369466779.jpg 0 0 0 1 0 0 0 1 0 0 1 0 0 0 1 0 0 0 0 0 0
